COST_ID,VEHICLE_ID,ROUTE_ID,YEAR_MONTH,FUEL_COST_KRW,TOLL_COST_KRW,MAINTENANCE_COST_KRW,DRIVER_WAGE_KRW,INSURANCE_KRW,DEPRECIATION_KRW,OTHER_COST_KRW,TOTAL_COST_KRW,REVENUE_KRW,PROFIT_KRW,COST_PER_KM_KRW
CST0000001,VHC001,,2022-01,1665386,79679,82744,2938103,230871,833333,84639,5914755,96637420,90722665,
CST0000002,VHC002,,2022-01,1462143,178807,68544,2775369,229676,833333,256582,5804454,98115978,92311524,633.7
CST0000003,VHC003,RTE013,2022-01,1455433,195570,88073,2831188,243113,833333,97340,5744050,78918538,73174488,618.3
CST0000004,VHC004,,2022-01,1366987,149096,99676,2705583,235410,833333,223537,5613622,91846202,86232580,763.6
CST0000005,VHC005,RTE004,2022-01,1443322,51293,64458,2863045,224482,833333,96204,5576137,97892021,92315884,599.7
CST0000006,VHC006,,2022-01,1819322,254459,74495,2808012,344460,1428571,66822,6796141,408014817,401218676,438.4
CST0000007,VHC007,RTE015,2022-01,2164860,139979,,2905440,364438,1428571,,7003288,247317624,240314336,461.0
CST0000008,VHC008,RTE009,2022-01,1769447,265474,569885,3036394,337794,1428571,82532,7490097,375504771,368014674,496.8
CST0000009,VHC009,,2022-01,2432828,399347,,2879485,350902,1428571,291799,7782932,481176394,473393462,381.0
CST0000010,VHC010,RTE010,2022-01,1641144,171836,150027,2693493,356102,1428571,236382,6677555,378105663,371428108,
CST0000011,VHC011,RTE020,2022-01,730109,67260,194683,2727785,153994,357142,264387,4495360,16100940,11605580,
CST0000012,VHC012,RTE008,2022-01,866092,164595,435592,2900441,150627,357142,,4874489,14800976,9926487,661.3
CST0000013,VHC013,RTE012,2022-01,521876,41301,123471,2841646,149339,357142,190824,4225599,6960829,2735230,1070.3
CST0000014,VHC014,,2022-01,953311,188624,113773,2688290,151883,357142,92022,4545045,11925307,7380262,541.4
CST0000015,VHC015,RTE001,2022-01,801568,93386,65103,2890248,145212,357142,,4352659,15139610,10786951,701.4
CST0000016,VHC016,,2022-01,2751701,257858,,2751532,250484,1011904,,7023479,67535780,60512301,591.6
CST0000017,VHC017,RTE008,2022-01,2878463,189910,40776,2944014,246930,1011904,236572,7548569,124020806,116472237,541.1
CST0000018,VHC018,RTE010,2022-01,1532468,121062,,3052309,264887,1011904,228416,6211046,47279061,41068015,816.4
CST0000019,VHC019,RTE013,2022-01,159940,52805,97725,2816182,50713,71428,104847,3353640,261645,-3091995,1396.8
CST0000020,VHC020,,2022-01,277870,61858,,2839727,49556,71428,112662,3413101,341631,-3071470,869.6
CST0000021,VHC021,RTE015,2022-01,126478,17011,116213,2995413,49630,71428,121639,3497812,304417,-3193395,2117.3
CST0000022,VHC022,RTE020,2022-01,176656,59360,,2848295,51297,71428,242130,3449166,225349,-3223817,1119.9
CST0000023,VHC023,RTE009,2022-01,28000,46265,56528,2720872,122172,535714,189744,3699295,3578989,-120306,1036.8
CST0000024,VHC024,RTE011,2022-01,24659,44970,,3058537,115180,535714,278659,4057719,2591831,-1465888,1189.9
CST0000025,VHC025,RTE011,2022-01,15840,38116,61430,3058118,111632,535714,172073,3992923,1466641,-2526282,2273.9
CST0000026,VHC001,RTE003,2022-02,597951,85656,,3078000,237997,833333,,4832937,38188133,33355196,1261.2
CST0000027,VHC002,RTE011,2022-02,1389889,173480,97154,2804753,242984,833333,124255,5665848,77453731,71787883,576.1
CST0000028,VHC003,RTE018,2022-02,1032094,112223,,2768336,236455,833333,123377,5105818,92015793,86909975,
CST0000029,VHC004,RTE015,2022-02,1805172,102407,58385,2772232,244625,833333,166570,5982724,114211828,108229104,
CST0000030,VHC005,RTE016,2022-02,1312330,52218,428634,2907206,237738,833333,,5771459,94312452,88540993,604.4
CST0000031,VHC006,RTE018,2022-02,1810191,192057,,2761133,365624,1428571,60062,6617638,336853639,330236001,521.5
CST0000032,VHC007,RTE019,2022-02,1453960,152605,,2970877,339964,1428571,,6345977,137590675,131244698,756.0
CST0000033,VHC008,RTE017,2022-02,1177123,176067,808589,2790859,342802,1428571,163363,6887374,155896723,149009349,
CST0000034,VHC009,RTE018,2022-02,2370708,194533,,2790378,335175,1428571,,7119365,343803286,336683921,434.8
CST0000035,VHC010,,2022-02,1393058,103669,,2666111,334705,1428571,,5926114,254484806,248558692,589.5
CST0000036,VHC011,,2022-02,688874,115699,103257,2723323,144333,357142,299902,4432530,14867632,10435102,660.2
CST0000037,VHC012,RTE013,2022-02,709157,126611,,2722382,148650,357142,167952,4231894,10478428,6246534,620.8
CST0000038,VHC013,RTE019,2022-02,770299,42397,,2916960,155166,357142,282846,4524810,12303787,7778977,687.5
CST0000039,VHC014,RTE004,2022-02,431202,45710,,2737452,148879,357142,186277,3906662,10836723,6930061,
CST0000040,VHC015,RTE011,2022-02,506918,50996,,2874968,142881,357142,140364,4073269,8261053,4187784,918.9
CST0000041,VHC016,RTE007,2022-02,2335443,202403,,2720899,259365,1011904,74350,6604364,67744929,61140565,580.3
CST0000042,VHC017,RTE003,2022-02,1294125,34754,46736,2779934,271065,1011904,264220,5702738,58435375,52732637,805.0
CST0000043,VHC018,RTE004,2022-02,1799204,212435,84947,2927112,249939,1011904,179555,6465096,103299335,96834239,640.8
CST0000044,VHC019,RTE015,2022-02,84395,16997,60070,2790689,48526,71428,187645,3259750,201691,-3058059,2278.0
CST0000045,VHC020,,2022-02,219560,36011,72567,2785455,52303,71428,,3237324,430332,-2806992,
CST0000046,VHC021,RTE001,2022-02,117806,31675,55387,3031287,50873,71428,,3358456,250603,-3107853,1932.4
CST0000047,VHC022,,2022-02,68197,22381,,2730098,52128,71428,138585,3082817,175812,-2907005,2295.5
CST0000048,VHC023,,2022-02,19407,36751,321710,3013880,116375,535714,,4043837,2250175,-1793662,1709.9
CST0000049,VHC024,RTE018,2022-02,18171,13993,42474,2855640,118465,535714,247709,3832166,2391906,-1440260,1594.7
CST0000050,VHC025,RTE019,2022-02,17177,39963,,2731205,120685,535714,,3444744,2192784,-1251960,1891.7
CST0000051,VHC001,RTE012,2022-03,1724768,62824,94648,2890665,242251,833333,91380,5939869,113052275,107112406,649.0
CST0000052,VHC002,,2022-03,1917369,87716,101666,2820388,225253,833333,239405,6225130,89959853,83734723,554.1
CST0000053,VHC003,,2022-03,1645855,136109,57559,2733892,237711,833333,,5644459,86823657,81179198,574.4
CST0000054,VHC004,,2022-03,2792817,237668,63671,2887539,229086,833333,170040,7214154,171797846,164583692,513.5
CST0000055,VHC005,,2022-03,2461899,97967,131694,3063696,228837,833333,,6817426,149792431,142975005,459.6
CST0000056,VHC006,RTE009,2022-03,2036445,249967,610279,2774865,355142,1428571,,7455269,420548993,413093724,437.7
CST0000057,VHC007,RTE001,2022-03,1438574,58838,,2989815,367174,1428571,207263,6490235,187788473,181298238,655.0
CST0000058,VHC008,,2022-03,1192957,158604,,2853435,336798,1428571,138871,6109236,242985294,236876058,612.3
CST0000059,VHC009,RTE014,2022-03,2186605,100147,183111,3055527,339744,1428571,,7293705,453559152,446265447,404.8
CST0000060,VHC010,RTE001,2022-03,2311475,206890,90275,2993516,357195,1428571,218684,7606606,328205303,320598697,382.2
CST0000061,VHC011,RTE017,2022-03,870054,147386,132527,2971429,147087,357142,163168,4788793,16457434,11668641,
CST0000062,VHC012,RTE016,2022-03,1041808,166977,454028,2777957,154432,357142,114008,5066352,19530735,14464383,610.9
CST0000063,VHC013,RTE013,2022-03,491539,26488,,3024003,156485,357142,294785,4350442,5446449,1096007,1250.8
CST0000064,VHC014,RTE011,2022-03,552898,77834,,2818472,148442,357142,,3954788,10004384,6049596,868.4
CST0000065,VHC015,,2022-03,955317,99824,86005,3045690,155005,357142,,4698983,10260095,5561112,
CST0000066,VHC016,RTE001,2022-03,2770248,186194,629564,2908289,247224,1011904,99939,7853362,113628811,105775449,
CST0000067,VHC017,RTE013,2022-03,3014411,70561,69500,3064188,249906,1011904,,7480470,108590827,101110357,547.5
CST0000068,VHC018,RTE007,2022-03,2044816,195516,153629,3074359,263150,1011904,126638,6870012,61237033,54367021,723.5
CST0000069,VHC019,RTE004,2022-03,153052,38333,,2849033,47573,71428,139594,3299013,257454,-3041559,1535.1
CST0000070,VHC020,,2022-03,159403,35516,,3074370,49589,71428,57648,3447954,257073,-3190881,1637.2
CST0000071,VHC021,RTE019,2022-03,129576,22178,,2983988,51904,71428,292351,3551425,274153,-3277272,
CST0000072,VHC022,RTE006,2022-03,229834,61974,,2718658,48352,71428,133464,3263710,297840,-2965870,870.8
CST0000073,VHC023,RTE006,2022-03,30802,40078,,2766442,120786,535714,248578,3742400,3541732,-200668,969.8
CST0000074,VHC024,RTE002,2022-03,13327,34680,250827,2955819,120897,535714,111870,4023134,1303451,-2719683,2220.3
CST0000075,VHC025,RTE008,2022-03,35884,48975,39876,2753616,111686,535714,62110,3587861,4950453,1362592,917.4
CST0000076,VHC001,RTE007,2022-04,1905053,99572,,2905590,221680,833333,,5965228,123426948,117461720,459.3
CST0000077,VHC002,RTE006,2022-04,836697,90789,93573,2792288,240950,833333,69954,4957584,78036944,73079360,
CST0000078,VHC003,,2022-04,1615549,96008,64587,2999474,241903,833333,79119,5929973,112187518,106257545,478.5
CST0000079,VHC004,RTE013,2022-04,1676448,111283,109432,2898107,237250,833333,109784,5975637,109198703,103223066,551.5
CST0000080,VHC005,,2022-04,1193958,100149,640293,2876710,228846,833333,,5873289,77763123,71889834,635.4
CST0000081,VHC006,RTE006,2022-04,1755363,286549,,2946910,354233,1428571,291768,7063394,374363282,367299888,
CST0000082,VHC007,RTE004,2022-04,1590561,93769,,2752268,335814,1428571,,6200983,265544831,259343848,588.3
CST0000083,VHC008,,2022-04,1371012,120736,207636,2762867,354217,1428571,245544,6490583,252102816,245612233,588.3
CST0000084,VHC009,RTE019,2022-04,1280868,167153,,3054669,334400,1428571,101940,6367601,288584277,282216676,627.0
CST0000085,VHC010,,2022-04,2467762,282952,101388,2898335,361630,1428571,60508,7601146,333888343,326287197,371.8
CST0000086,VHC011,,2022-04,663110,131925,112952,2876883,149141,357142,187566,4478719,15265097,10786378,
CST0000087,VHC012,,2022-04,808524,56217,,3036068,148668,357142,67009,4473628,19755125,15281497,541.0
CST0000088,VHC013,RTE016,2022-04,347600,36662,,2748358,150511,357142,81613,3721886,5694798,1972912,1177.8
CST0000089,VHC014,RTE016,2022-04,494028,56017,119115,2898399,150382,357142,94390,4169473,7887666,3718193,797.5
CST0000090,VHC015,RTE001,2022-04,406277,63881,,2962018,153608,357142,115929,4058855,8293518,4234663,1073.8
CST0000091,VHC016,,2022-04,1613413,181674,,2728260,254892,1011904,,5790143,67364989,61574846,692.2
CST0000092,VHC017,RTE015,2022-04,2528390,192980,,2860745,252368,1011904,,6846387,101000127,94153740,
CST0000093,VHC018,RTE014,2022-04,2238720,243924,758425,2670903,251409,1011904,,7175285,104553195,97377910,537.2
CST0000094,VHC019,RTE016,2022-04,201166,18654,,2854690,48582,71428,292190,3486710,457677,-3029033,960.8
CST0000095,VHC020,RTE018,2022-04,113641,35514,,2734870,52419,71428,,3007872,181245,-2826627,1559.3
CST0000096,VHC021,RTE011,2022-04,221967,34511,45306,2771734,47862,71428,,3192808,304793,-2888015,
CST0000097,VHC022,RTE006,2022-04,143997,67051,,3037133,47656,71428,265063,3632328,376028,-3256300,1204.0
CST0000098,VHC023,RTE011,2022-04,24715,55214,62906,3018285,112310,535714,161192,3970336,3770897,-199439,1296.6
CST0000099,VHC024,RTE018,2022-04,20038,40744,,2881144,120902,535714,244330,3842872,2050111,-1792761,1426.5
CST0000100,VHC025,RTE006,2022-04,20542,16643,87522,2787502,113955,535714,69340,3631218,1774914,-1856304,1640.1
CST0000101,VHC001,RTE012,2022-05,910885,103795,84500,3045728,229974,833333,,5208215,49545476,44337261,838.0
CST0000102,VHC002,RTE003,2022-05,994589,61186,354516,2800157,221701,833333,51287,5316769,79207219,73890450,709.6
CST0000103,VHC003,RTE013,2022-05,1393060,86332,89696,3039018,232858,833333,224557,5898854,92996943,87098089,551.7
CST0000104,VHC004,RTE009,2022-05,1136268,118236,,2762136,226903,833333,260603,5337479,83709634,78372155,726.3
CST0000105,VHC005,,2022-05,1346718,178457,156085,2719285,224277,833333,,5458155,107144934,101686779,523.2
CST0000106,VHC006,,2022-05,1545600,129605,118235,2750927,336740,1428571,,6309678,234704927,228395249,504.3
CST0000107,VHC007,RTE017,2022-05,2353650,174109,106328,2691019,362030,1428571,204626,7320333,377656985,370336652,466.5
CST0000108,VHC008,RTE009,2022-05,1341405,240483,105949,2788419,341927,1428571,,6246754,261701267,255454513,575.3
CST0000109,VHC009,RTE001,2022-05,1424865,205275,109676,2871850,343831,1428571,242234,6626302,276917730,270291428,583.0
CST0000110,VHC010,RTE017,2022-05,1169040,205078,,3015825,364490,1428571,66543,6249547,274541361,268291814,641.5
CST0000111,VHC011,RTE013,2022-05,754286,61536,192254,2937749,154253,357142,,4457220,12915198,8457978,569.5
CST0000112,VHC012,RTE015,2022-05,580094,49049,187010,3051857,143687,357142,,4368839,12940079,8571240,
CST0000113,VHC013,RTE019,2022-05,655354,45696,896943,2784337,144439,357142,263000,5146911,14939584,9792673,863.3
CST0000114,VHC014,RTE007,2022-05,645897,125350,186274,2802497,145395,357142,122830,4385385,10116986,5731601,641.1
CST0000115,VHC015,RTE001,2022-05,444654,52566,58584,2717626,155975,357142,,3786547,7995190,4208643,914.6
CST0000116,VHC016,RTE001,2022-05,1346865,49340,,2977411,253874,1011904,253744,5893138,59579117,53685979,
CST0000117,VHC017,,2022-05,1538262,141776,,2778116,252418,1011904,209145,5931621,74905284,68973663,661.6
CST0000118,VHC018,,2022-05,1260270,77706,65605,2678490,260040,1011904,,5354015,58886140,53532125,711.6
CST0000119,VHC019,,2022-05,103697,19561,,2894138,51904,71428,239812,3380540,319683,-3060857,1805.8
CST0000120,VHC020,RTE019,2022-05,158890,55931,88274,2770056,50752,71428,283816,3479147,326145,-3153002,
CST0000121,VHC021,RTE004,2022-05,159544,34563,,2743821,48496,71428,,3057852,216617,-2841235,1220.2
CST0000122,VHC022,RTE003,2022-05,105453,42253,100354,2746031,47550,71428,58830,3171899,235512,-2936387,
CST0000123,VHC023,RTE006,2022-05,26981,51897,50779,3042115,114836,535714,,3822322,3864925,42603,1156.2
CST0000124,VHC024,RTE010,2022-05,14259,9962,40055,2815760,121727,535714,68647,3606124,1983390,-1622734,
CST0000125,VHC025,RTE016,2022-05,28988,35137,,2962504,121246,535714,,3683589,2709857,-973732,1192.1
CST0000126,VHC001,RTE020,2022-06,1419855,82153,,3056521,244407,833333,,5636269,60796619,55160350,681.4
CST0000127,VHC002,,2022-06,2054869,224927,65649,3009231,242997,833333,60923,6491929,98375527,91883598,491.2
CST0000128,VHC003,RTE004,2022-06,927915,47200,,2681579,244140,833333,62103,4796270,74846520,70050250,788.7
CST0000129,VHC004,RTE012,2022-06,2659075,326482,,2888230,226490,833333,205190,7138800,183884703,176745903,486.2
CST0000130,VHC005,RTE002,2022-06,1521300,134156,,2933458,239256,833333,97668,5759171,71118588,65359417,
CST0000131,VHC006,RTE020,2022-06,1594688,230502,48500,2882775,367340,1428571,280576,6832952,275052064,268219112,532.5
CST0000132,VHC007,RTE003,2022-06,2908761,205971,142655,2934356,359592,1428571,163197,8143103,332587925,324444822,422.4
CST0000133,VHC008,RTE012,2022-06,2418315,125259,96788,2703791,342892,1428571,193686,7309302,366414840,359105538,375.6
CST0000134,VHC009,RTE016,2022-06,2392989,292459,109446,2771807,356758,1428571,252858,7604888,455743313,448138425,400.8
CST0000135,VHC010,RTE020,2022-06,2039588,194858,,2680789,341836,1428571,72735,6758377,275101466,268343089,400.0
CST0000136,VHC011,,2022-06,472501,75201,914687,2686712,148836,357142,213535,4868614,8038126,3169512,1163.1
CST0000137,VHC012,RTE015,2022-06,837161,35821,190950,2936277,149807,357142,145894,4653052,17636138,12983086,636.1
CST0000138,VHC013,RTE011,2022-06,518090,46550,64291,2670987,144808,357142,273510,4075378,7678648,3603270,1012.8
CST0000139,VHC014,RTE002,2022-06,381805,46641,117005,2960107,144886,357142,162939,4170525,8183788,4013263,1208.1
CST0000140,VHC015,RTE004,2022-06,959110,83378,,2909203,146022,357142,180072,4634927,11222190,6587263,607.9
CST0000141,VHC016,,2022-06,3047671,207951,,2946889,247471,1011904,252335,7714221,128677448,120963227,571.4
CST0000142,VHC017,RTE014,2022-06,1075822,112638,80850,2894947,253502,1011904,159609,5589272,31734124,26144852,1044.1
CST0000143,VHC018,,2022-06,1660360,138699,92155,2896634,259688,1011904,102033,6161473,62471169,56309696,728.0
CST0000144,VHC019,RTE001,2022-06,226827,17370,,2693988,48063,71428,91310,3148986,426735,-2722251,900.7
CST0000145,VHC020,,2022-06,208241,65717,,2881586,49339,71428,95102,3371413,321046,-3050367,1116.4
CST0000146,VHC021,RTE006,2022-06,261219,76928,100359,2763940,50196,71428,,3324070,424896,-2899174,948.9
CST0000147,VHC022,RTE005,2022-06,183346,21401,183067,2907660,49187,71428,,3416089,239016,-3177073,1040.9
CST0000148,VHC023,RTE006,2022-06,28050,45691,47447,2952621,116009,535714,191135,3916667,2791510,-1125157,1133.3
CST0000149,VHC024,RTE016,2022-06,27164,52878,362351,2817327,112784,535714,103609,4011827,2663245,-1348582,1104.6
CST0000150,VHC025,RTE010,2022-06,28586,45497,,2900358,119664,535714,,3629819,2168652,-1461167,1184.7
CST0000151,VHC001,RTE016,2022-07,2748924,142991,96314,2992546,225218,833333,122480,7161806,174607663,167445857,480.6
CST0000152,VHC002,,2022-07,1735580,170471,,3033704,244727,833333,143019,6160834,84526143,78365309,593.1
CST0000153,VHC003,RTE002,2022-07,2146845,154531,,3033888,244568,833333,,6413165,167708854,161295689,489.9
CST0000154,VHC004,RTE009,2022-07,1072914,115501,509719,3046606,231501,833333,207388,6016962,54117080,48100118,1091.4
CST0000155,VHC005,RTE018,2022-07,909709,91353,139664,2673620,243909,833333,158184,5049772,61708282,56658510,901.9
CST0000156,VHC006,RTE008,2022-07,1285826,169448,129851,2938483,339717,1428571,72776,6364672,291306597,284941925,577.2
CST0000157,VHC007,RTE020,2022-07,2338783,221584,,2845935,345793,1428571,97074,7277740,468562530,461284790,440.6
CST0000158,VHC008,RTE018,2022-07,1259587,136781,,2692674,362515,1428571,77607,5957735,212232079,206274344,551.6
CST0000159,VHC009,RTE019,2022-07,1986524,210441,,2718267,356435,1428571,185672,6885910,373079701,366193791,410.3
CST0000160,VHC010,RTE002,2022-07,2134302,196360,168534,2750894,354938,1428571,,7033599,371927971,364894372,
CST0000161,VHC011,RTE009,2022-07,685595,75854,,2819970,155910,357142,,4094471,12994582,8900111,724.4
CST0000162,VHC012,RTE013,2022-07,855491,79082,160933,3000606,146900,357142,271542,4871696,12891069,8019373,700.4
CST0000163,VHC013,RTE014,2022-07,447039,71546,439601,3001427,155253,357142,69379,4541387,5151076,609689,1405.6
CST0000164,VHC014,,2022-07,971197,180042,,3001886,151206,357142,182513,4843986,17516400,12672414,592.8
CST0000165,VHC015,RTE013,2022-07,1074902,105884,,2678080,144999,357142,252123,4613130,17235365,12622235,580.2
CST0000166,VHC016,,2022-07,3363201,214293,,3067064,260408,1011904,97898,8014768,83099364,75084596,578.1
CST0000167,VHC017,RTE016,2022-07,2973120,288342,,2772462,247574,1011904,120073,7413475,109161252,101747777,538.5
CST0000168,VHC018,RTE013,2022-07,1283131,69048,496411,2662532,251907,1011904,160696,5935629,45967196,40031567,975.3
CST0000169,VHC019,RTE017,2022-07,163503,28234,118373,2812049,49304,71428,254325,3497216,281714,-3215502,1491.4
CST0000170,VHC020,RTE017,2022-07,131231,19960,,2689968,50843,71428,244496,3207926,287419,-2920507,
CST0000171,VHC021,RTE004,2022-07,136070,9993,57420,3024809,48772,71428,,3348492,280367,-3068125,1972.0
CST0000172,VHC022,RTE009,2022-07,189346,54583,,2704117,49959,71428,206521,3275954,253648,-3022306,1038.7
CST0000173,VHC023,RTE010,2022-07,18964,20609,44384,2714910,121103,535714,214665,3670349,2545380,-1124969,1605.6
CST0000174,VHC024,,2022-07,21297,57148,73654,2885630,115277,535714,270876,3959596,2834379,-1125217,1421.2
CST0000175,VHC025,RTE015,2022-07,16106,16459,,2808920,121136,535714,79853,3578188,1596220,-1981968,2118.5
CST0000176,VHC001,RTE018,2022-08,1161578,50458,47298,2780501,240785,833333,170325,5284278,73204733,67920455,814.6
CST0000177,VHC002,,2022-08,1680079,61179,106088,2664212,242969,833333,,5587860,84525852,78937992,539.4
CST0000178,VHC003,RTE009,2022-08,777529,102997,114718,2768845,229659,833333,211748,5038829,51132628,46093799,1031.5
CST0000179,VHC004,,2022-08,1216711,50812,48618,3062832,230441,833333,,5442747,70150225,64707478,845.0
CST0000180,VHC005,RTE017,2022-08,633506,30973,165558,2736961,239403,833333,61394,4701128,43464289,38763161,1170.3
CST0000181,VHC006,RTE002,2022-08,1895037,147632,,2901332,364142,1428571,232544,6969258,382017283,375048025,472.7
CST0000182,VHC007,RTE007,2022-08,914890,131866,,2676524,358427,1428571,,5510278,151826270,146315992,940.0
CST0000183,VHC008,RTE020,2022-08,1751341,264322,,2796772,360860,1428571,144990,6746856,225759820,219012964,495.1
CST0000184,VHC009,RTE013,2022-08,898393,72498,159256,2900444,359247,1428571,196675,6015084,154422968,148407884,873.4
CST0000185,VHC010,,2022-08,898721,122763,,2720278,351838,1428571,,5522171,181566795,176044624,767.2
CST0000186,VHC011,,2022-08,326845,56457,1102327,2878268,144245,357142,239550,5104834,5640219,535385,1838.9
CST0000187,VHC012,,2022-08,616213,64841,,2920766,147258,357142,169376,4275596,9392208,5116612,828.3
CST0000188,VHC013,RTE017,2022-08,742393,108028,174617,2681024,143341,357142,,4206545,11673974,7467429,761.0
CST0000189,VHC014,RTE002,2022-08,285538,17463,,2872217,151488,357142,123073,3806921,5063632,1256711,1538.1
CST0000190,VHC015,,2022-08,656894,53243,,3007672,144400,357142,,4219351,9997582,5778231,842.9
CST0000191,VHC016,,2022-08,2109660,111758,,2945108,256589,1011904,54128,6489147,56881497,50392350,724.3
CST0000192,VHC017,RTE010,2022-08,1322791,68790,,2827198,247478,1011904,,5478161,57045760,51567599,868.2
CST0000193,VHC018,RTE003,2022-08,1446415,109279,,2818574,250474,1011904,187390,5824036,58432540,52608504,
CST0000194,VHC019,,2022-08,131293,30735,544793,2741606,48860,71428,144410,3713125,260118,-3453007,1914.0
CST0000195,VHC020,RTE015,2022-08,171612,20338,86403,3074899,51607,71428,191789,3668076,262862,-3405214,1537.3
CST0000196,VHC021,,2022-08,240115,39874,,2711650,47819,71428,147575,3258461,303940,-2954521,1055.5
CST0000197,VHC022,RTE020,2022-08,166772,17243,151468,2906369,52478,71428,213653,3579411,221000,-3358411,1250.7
CST0000198,VHC023,,2022-08,11334,25042,341201,3006888,115927,535714,54497,4090603,1222565,-2868038,2799.9
CST0000199,VHC024,RTE017,2022-08,15791,41789,37630,2894240,112062,535714,,3637226,2646676,-990550,1646.5
CST0000200,VHC025,RTE014,2022-08,12127,21395,,2802339,118754,535714,,3490329,1506991,-1983338,
CST0000201,VHC001,RTE001,2022-09,1532950,85606,,2983955,235668,833333,155944,5827456,97552554,91725098,728.6
CST0000202,VHC002,,2022-09,1162324,49639,59035,2757484,240148,833333,158716,5260679,80938713,75678034,
CST0000203,VHC003,,2022-09,1091562,30205,76675,2706129,226529,833333,92409,5056842,47683881,42627039,
CST0000204,VHC004,RTE020,2022-09,2315164,92304,,2824183,243848,833333,285970,6594802,109142639,102547837,576.0
CST0000205,VHC005,RTE005,2022-09,940425,61235,,2851040,233172,833333,72524,4991729,53933482,48941753,896.0
CST0000206,VHC006,,2022-09,2802458,280548,,3052765,345805,1428571,,7910147,361927388,354017241,362.4
CST0000207,VHC007,RTE011,2022-09,1653243,207940,59450,2888040,341193,1428571,,6578437,196779890,190201453,620.3
CST0000208,VHC008,RTE016,2022-09,1438524,62040,,2660450,334983,1428571,227041,6151609,247912805,241761196,549.0
CST0000209,VHC009,,2022-09,1200570,191428,173997,2744961,363441,1428571,231849,6334817,253601354,247266537,687.5
CST0000210,VHC010,RTE017,2022-09,1279568,154230,109684,2972901,334281,1428571,154653,6433888,192513917,186080029,627.1
CST0000211,VHC011,RTE005,2022-09,852701,31135,96853,2812942,155694,357142,,4306467,16868096,12561629,
CST0000212,VHC012,,2022-09,989894,92608,123324,2862881,148605,357142,109675,4684129,11151125,6466996,604.6
CST0000213,VHC013,RTE019,2022-09,1183350,62335,180160,3018781,152098,357142,70008,5023874,17839812,12815938,610.3
CST0000214,VHC014,RTE012,2022-09,545948,34909,,2901011,148124,357142,195690,4182824,8255379,4072555,946.1
CST0000215,VHC015,RTE006,2022-09,582900,32078,136638,3002430,142787,357142,116306,4370281,8921760,4551479,1053.1
CST0000216,VHC016,RTE002,2022-09,3271671,259204,,2692045,269413,1011904,85337,7589574,131747810,124158236,
CST0000217,VHC017,RTE015,2022-09,2374721,194224,50206,2698295,253375,1011904,92394,6675119,59491194,52816075,630.7
CST0000218,VHC018,RTE012,2022-09,2388276,52403,,2664880,249419,1011904,231953,6598835,75808648,69209813,605.2
CST0000219,VHC019,,2022-09,271508,49021,,2693954,52091,71428,,3138002,346682,-2791320,837.2
CST0000220,VHC020,RTE002,2022-09,127337,30769,120966,2972799,49015,71428,144440,3516754,187452,-3329302,2126.2
CST0000221,VHC021,,2022-09,280412,57398,,2680711,50849,71428,260831,3401629,369812,-3031817,1010.0
CST0000222,VHC022,RTE020,2022-09,192919,54073,165196,2898423,51579,71428,,3433618,247794,-3185824,
CST0000223,VHC023,RTE004,2022-09,12980,22229,,2662938,120450,535714,168054,3522365,2138354,-1384011,2092.9
CST0000224,VHC024,RTE005,2022-09,26972,75203,416325,3036125,111990,535714,85887,4288216,4763527,475311,1130.0
CST0000225,VHC025,RTE013,2022-09,17838,38243,44358,2754050,120405,535714,103254,3613862,1992390,-1621472,1796.2
CST0000226,VHC001,RTE010,2022-10,2227302,162818,,2699289,234333,833333,268781,6425856,165906860,159481004,432.5
CST0000227,VHC002,RTE006,2022-10,1189890,194653,109069,2862329,233468,833333,237384,5660126,105596542,99936416,645.8
CST0000228,VHC003,RTE007,2022-10,989046,82520,,2897846,223634,833333,265018,5291397,66950314,61658917,712.8
CST0000229,VHC004,,2022-10,2370396,189974,119726,2815416,227408,833333,239973,6796226,126054605,119258379,453.4
CST0000230,VHC005,RTE002,2022-10,777984,32027,885482,2979852,235484,833333,254538,5998700,66095680,60096980,1017.9
CST0000231,VHC006,RTE018,2022-10,1514267,153365,,2683182,353331,1428571,144410,6277126,239182471,232905345,607.8
CST0000232,VHC007,,2022-10,1828070,115383,,2785468,333551,1428571,,6491043,227978320,221487277,632.2
CST0000233,VHC008,RTE015,2022-10,1360025,64151,169110,3056390,362490,1428571,85833,6526570,192323657,185797087,703.6
CST0000234,VHC009,RTE007,2022-10,2324646,253629,,2815961,341087,1428571,56408,7220302,413626554,406406252,462.2
CST0000235,VHC010,RTE013,2022-10,2581375,181644,,2890865,359838,1428571,150566,7592859,375543317,367950458,418.9
CST0000236,VHC011,RTE001,2022-10,691607,54429,138055,2926114,151526,357142,139677,4458550,14362608,9904058,635.4
CST0000237,VHC012,,2022-10,745282,47077,,2747110,152093,357142,235103,4283807,18392777,14108970,574.4
CST0000238,VHC013,RTE014,2022-10,668797,83659,,3066329,151133,357142,69711,4396771,11748042,7351271,
CST0000239,VHC014,RTE010,2022-10,654213,117771,114613,3043290,155448,357142,250744,4693221,10606405,5913184,692.8
CST0000240,VHC015,RTE009,2022-10,471684,62399,,2974382,143466,357142,90866,4099939,7265735,3165796,954.8
CST0000241,VHC016,RTE011,2022-10,1621733,58635,,2989382,257595,1011904,,5939249,62367100,56427851,721.9
CST0000242,VHC017,RTE012,2022-10,1784535,101573,57152,2991288,259177,1011904,280094,6485723,92282484,85796761,637.8
CST0000243,VHC018,,2022-10,1529451,119352,106629,3037834,258887,1011904,146743,6210800,50870184,44659384,695.7
CST0000244,VHC019,RTE004,2022-10,108321,40869,,2807579,50534,71428,128640,3207371,262672,-2944699,1677.5
CST0000245,VHC020,,2022-10,184601,43850,465603,2766465,49818,71428,,3581765,310728,-3271037,1168.2
CST0000246,VHC021,RTE019,2022-10,151843,45464,77806,2835646,50700,71428,187723,3420610,261559,-3159051,1466.8
CST0000247,VHC022,RTE008,2022-10,179411,48806,206313,2897847,51916,71428,146217,3601938,383526,-3218412,979.3
CST0000248,VHC023,RTE001,2022-10,30039,40030,38879,3071651,120292,535714,,3836605,4161593,324988,
CST0000249,VHC024,,2022-10,22251,18734,,3024008,115784,535714,258093,3974584,3686330,-288254,1336.0
CST0000250,VHC025,RTE020,2022-10,31423,36350,216603,2891880,116494,535714,161151,3989615,2795959,-1193656,1184.6
CST0000251,VHC001,,2022-11,2960140,173138,34208,3671117,223143,833333,178732,8073811,246873504,238799693,502.9
CST0000252,VHC002,RTE011,2022-11,3537829,445169,97676,3462865,235981,833333,,8612853,232000008,223387155,406.5
CST0000253,VHC003,,2022-11,1766558,164533,57063,3598324,239041,833333,103382,6762234,198486506,191724272,627.4
CST0000254,VHC004,RTE020,2022-11,1307465,92395,,3789126,223409,833333,150413,6396141,90563183,84167042,951.5
CST0000255,VHC005,RTE010,2022-11,3744118,455810,,3449560,244752,833333,264396,8991969,518992834,510000865,390.0
CST0000256,VHC006,RTE003,2022-11,3873007,498752,102091,3384170,357635,1428571,161455,9805681,879379324,869573643,360.8
CST0000257,VHC007,,2022-11,2118822,130914,,3841998,345242,1428571,180095,8045642,439151988,431106346,657.1
CST0000258,VHC008,RTE008,2022-11,2384595,258787,,3367002,350098,1428571,50010,7839063,678442309,670603246,468.5
CST0000259,VHC009,,2022-11,3463668,530990,106602,3677516,351889,1428571,,9559236,1062839747,1053280511,399.1
CST0000260,VHC010,,2022-11,4601781,355058,,3777530,344250,1428571,121419,10628609,1219348492,1208719883,319.7
CST0000261,VHC011,,2022-11,694906,94127,168308,3692234,151976,357142,,5158693,17172503,12013810,900.0
CST0000262,VHC012,RTE009,2022-11,726560,81055,114687,3598260,145909,357142,115052,5138665,16450906,11312241,869.3
CST0000263,VHC013,RTE017,2022-11,1061170,140517,160070,3574854,148245,357142,252030,5694028,16171282,10477254,742.0
CST0000264,VHC014,RTE006,2022-11,740430,45682,160647,3768878,148805,357142,,5221584,21505349,16283765,837.7
CST0000265,VHC015,,2022-11,1851203,275418,,3611388,143594,357142,247030,6485775,53062130,46576355,473.4
CST0000266,VHC016,RTE005,2022-11,2716828,180769,127001,3540866,261999,1011904,174501,8013868,109979426,101965558,715.2
CST0000267,VHC017,RTE004,2022-11,3417610,310124,92654,3843583,245558,1011904,74960,8996393,261567068,252570675,568.2
CST0000268,VHC018,RTE016,2022-11,2077010,109592,954709,3564529,246982,1011904,,7964726,171798977,163834251,808.0
CST0000269,VHC019,,2022-11,344522,80754,54082,3431877,48981,71428,103169,4134813,656183,-3478630,
CST0000270,VHC020,,2022-11,289569,76792,,3724997,49183,71428,,4211969,694328,-3517641,1077.2
CST0000271,VHC021,RTE003,2022-11,238028,48523,,3841813,50459,71428,292265,4542516,431751,-4110765,1528.4
CST0000272,VHC022,RTE012,2022-11,297540,57966,,3405096,48055,71428,,3880085,632630,-3247455,782.4
CST0000273,VHC023,RTE012,2022-11,38155,50851,68917,3497719,120729,535714,85532,4397617,5521444,1123827,930.3
CST0000274,VHC024,,2022-11,24820,36777,39194,3750124,121026,535714,125094,4632749,4698776,66027,1388.3
CST0000275,VHC025,RTE014,2022-11,39395,39565,90518,3388362,113706,535714,98117,4305377,5853425,1548048,1014.0
CST0000276,VHC001,RTE016,2022-12,1665763,138032,395987,3490740,244543,833333,228778,6997176,175947929,168950753,808.2
CST0000277,VHC002,RTE004,2022-12,2697665,212616,57368,3737124,230594,833333,56878,7825578,196872377,189046799,505.5
CST0000278,VHC003,RTE011,2022-12,2193312,188962,92419,3746213,235543,833333,275415,7565197,258323572,250758375,589.9
CST0000279,VHC004,RTE018,2022-12,2426064,171330,41511,3378924,225841,833333,290285,7367288,180973833,173606545,
CST0000280,VHC005,RTE004,2022-12,1378980,81895,101484,3794412,225593,833333,70632,6486329,107042612,100556283,
CST0000281,VHC006,RTE007,2022-12,3992068,450720,740403,3418766,365804,1428571,,10396332,1409785958,1399389626,338.2
CST0000282,VHC007,RTE018,2022-12,4397497,569834,87006,3498603,333899,1428571,248655,10564065,962292321,951728256,378.8
CST0000283,VHC008,RTE014,2022-12,1456690,218753,,3902021,346329,1428571,245031,7597395,403976373,396378978,677.3
CST0000284,VHC009,,2022-12,1733842,277958,110546,3845832,357424,1428571,234348,7988521,385241569,377253048,
CST0000285,VHC010,,2022-12,3208317,140716,76830,3608056,365036,1428571,,8827526,813059980,804232454,347.1
CST0000286,VHC011,RTE020,2022-12,917807,118320,129283,3841997,142645,357142,204705,5711899,22273094,16561195,787.3
CST0000287,VHC012,,2022-12,661713,63364,,3477991,142836,357142,246248,4949294,15819541,10870247,
CST0000288,VHC013,RTE009,2022-12,1159281,127883,134497,3820135,148201,357142,129393,5876532,21167201,15290669,731.5
CST0000289,VHC014,,2022-12,1327484,188655,,3368425,146719,357142,,5388425,23073013,17684588,503.2
CST0000290,VHC015,RTE017,2022-12,1577986,178263,,3553162,146310,357142,88603,5901466,27457937,21556471,527.3
CST0000291,VHC016,,2022-12,2191857,149494,,3654743,246735,1011904,212751,7467484,91312942,83845458,862.0
CST0000292,VHC017,RTE007,2022-12,2675897,260304,56343,3760644,249556,1011904,,8014648,113610535,105595887,674.6
CST0000293,VHC018,RTE014,2022-12,3541402,110222,,3604989,267603,1011904,,8536120,157904034,149367914,530.0
CST0000294,VHC019,RTE002,2022-12,313190,54085,,3366396,48950,71428,83777,3937826,623789,-3314037,914.3
CST0000295,VHC020,,2022-12,203247,35961,,3836590,48183,71428,284994,4480403,517872,-3962531,1703.6
CST0000296,VHC021,RTE016,2022-12,229078,58952,61592,3822038,48856,71428,252033,4543977,328596,-4215381,
CST0000297,VHC022,,2022-12,279491,27699,,3723604,47975,71428,76102,4226299,809314,-3416985,946.8
CST0000298,VHC023,,2022-12,37913,47915,59469,3474944,120364,535714,,4276319,8540046,4263727,910.4
CST0000299,VHC024,RTE018,2022-12,34832,55551,95778,3673074,113481,535714,283700,4792130,6112519,1320389,1023.3
CST0000300,VHC025,,2022-12,46623,38976,,3874549,114684,535714,,4610546,9373801,4763255,917.5
CST0000301,VHC001,RTE008,2023-01,2287300,99039,,3044489,234928,833333,139722,6638811,142539814,135901003,538.2
CST0000302,VHC002,,2023-01,985381,114940,424559,2885629,232791,833333,129932,5606565,47340195,41733630,955.4
CST0000303,VHC003,RTE004,2023-01,1553214,181423,,3069471,222952,833333,118937,5979330,115215808,109236478,
CST0000304,VHC004,RTE007,2023-01,2397523,87545,106434,3068101,237803,833333,88026,6818765,87025210,80206445,556.3
CST0000305,VHC005,,2023-01,1386603,173482,177297,3033442,229402,833333,292176,6125735,92243495,86117760,721.4
CST0000306,VHC006,RTE018,2023-01,1518143,98798,,2926150,365586,1428571,,6337248,254440607,248103359,578.3
CST0000307,VHC007,RTE004,2023-01,2705558,76139,127872,2862398,357765,1428571,,7558303,283968110,276409807,469.9
CST0000308,VHC008,,2023-01,1712362,80641,221451,2905137,354465,1428571,227377,6930004,193340823,186410819,560.6
CST0000309,VHC009,,2023-01,2542978,81562,,2782224,341101,1428571,196926,7373362,313942385,306569023,407.7
CST0000310,VHC010,,2023-01,2784282,176927,140133,2862206,358507,1428571,,7750626,463913336,456162710,374.6
CST0000311,VHC011,RTE007,2023-01,618854,25732,121736,2693866,153056,357142,,3970386,12599308,8628922,782.2
CST0000312,VHC012,,2023-01,571825,60147,154208,2827619,144655,357142,129590,4245186,8848603,4603417,917.7
CST0000313,VHC013,,2023-01,747321,79906,96866,2889634,144630,357142,105102,4420601,9320602,4900001,822.6
CST0000314,VHC014,RTE012,2023-01,509748,84544,,2718563,153763,357142,106832,3930592,10609839,6679247,
CST0000315,VHC015,,2023-01,496769,31506,149564,2739875,150756,357142,203692,4129304,8992774,4863470,1129.5
CST0000316,VHC016,RTE011,2023-01,1236490,34637,,2797213,260738,1011904,247226,5588208,30824502,25236294,1102.0
CST0000317,VHC017,RTE016,2023-01,1568353,113808,,3051516,248420,1011904,142428,6136429,70137143,64000714,849.3
CST0000318,VHC018,RTE014,2023-01,1596066,102387,950294,2977126,251935,1011904,263553,7153265,47066147,39912882,949.7
CST0000319,VHC019,,2023-01,246186,30754,,2864318,48788,71428,,3261474,324728,-2936746,928.4
CST0000320,VHC020,RTE003,2023-01,114396,28128,,2804665,51127,71428,178920,3248664,196210,-3052454,
CST0000321,VHC021,,2023-01,125566,18907,131527,3031652,51163,71428,,3430243,221519,-3208724,
CST0000322,VHC022,RTE007,2023-01,142822,37901,222052,2906447,48142,71428,,3428792,251557,-3177235,
CST0000323,VHC023,RTE020,2023-01,24780,45509,75293,2695497,111623,535714,120027,3608443,2864400,-744043,1214.6
CST0000324,VHC024,RTE016,2023-01,20267,39005,92605,3034048,121066,535714,241235,4083940,2436028,-1647912,1548.7
CST0000325,VHC025,RTE005,2023-01,23192,22904,97761,2686098,119202,535714,169381,3654252,2985311,-668941,1510.6
CST0000326,VHC001,RTE011,2023-02,1144351,53331,105478,2724657,236343,833333,162806,5260299,49868498,44608199,
CST0000327,VHC002,RTE010,2023-02,1605265,67990,,2883877,243276,833333,57681,5691422,117831598,112140176,556.2
CST0000328,VHC003,,2023-02,839353,111448,111362,2831138,221918,833333,250396,5198948,58743123,53544175,953.8
CST0000329,VHC004,RTE011,2023-02,948092,63931,338775,2892237,237700,833333,270048,5584116,67010538,61426422,1076.4
CST0000330,VHC005,RTE018,2023-02,1099258,133278,150318,2786437,221774,833333,261977,5486375,91299286,85812911,761.5
CST0000331,VHC006,RTE007,2023-02,1743171,102620,87447,2818276,363975,1428571,,6544060,344395699,337851639,
CST0000332,VHC007,RTE012,2023-02,2427619,100391,,2661620,347675,1428571,,6965876,312247555,305281679,493.4
CST0000333,VHC008,RTE011,2023-02,992881,80800,109864,3026864,343380,1428571,88827,6071187,185398568,179327381,866.0
CST0000334,VHC009,RTE001,2023-02,878629,79895,,3053697,343704,1428571,57515,5842011,101265399,95423388,955.7
CST0000335,VHC010,RTE012,2023-02,2590194,326846,194312,2804706,364246,1428571,,7708875,335243465,327534590,409.4
CST0000336,VHC011,RTE012,2023-02,481928,29730,,2764358,150939,357142,,3784097,8532266,4748169,894.4
CST0000337,VHC012,RTE003,2023-02,495897,23436,,3071711,150900,357142,158143,4257229,6860870,2603641,991.4
CST0000338,VHC013,RTE001,2023-02,434978,24273,82964,2765034,143690,357142,259544,4067625,4816727,749102,1214.9
CST0000339,VHC014,RTE019,2023-02,426911,68644,107395,2705050,157407,357142,179059,4001608,6740387,2738779,
CST0000340,VHC015,RTE020,2023-02,412322,18385,122906,2979107,144843,357142,243704,4278409,4956983,678574,1317.2
CST0000341,VHC016,,2023-02,898247,36003,89002,2883494,249351,1011904,190488,5358489,29552921,24194432,
CST0000342,VHC017,RTE005,2023-02,1711064,92041,88519,2826805,257000,1011904,,5987333,55928605,49941272,709.7
CST0000343,VHC018,RTE009,2023-02,1595094,97593,185468,2685005,256846,1011904,,5831910,59074729,53242819,723.8
CST0000344,VHC019,,2023-02,99321,23819,,2894790,48728,71428,70436,3208522,284294,-2924228,
CST0000345,VHC020,,2023-02,146608,21264,77762,2804608,49856,71428,,3171526,279984,-2891542,1505.2
CST0000346,VHC021,RTE016,2023-02,184660,18806,327855,2816077,49044,71428,236031,3703901,289073,-3414828,1509.3
CST0000347,VHC022,RTE010,2023-02,126895,48276,,2999360,51746,71428,289681,3587386,317105,-3270281,1593.7
CST0000348,VHC023,RTE009,2023-02,10006,27869,,2746160,118072,535714,196396,3634217,1347286,-2286931,2784.8
CST0000349,VHC024,RTE004,2023-02,20074,57122,92753,2719051,120983,535714,156091,3701788,2761629,-940159,
CST0000350,VHC025,RTE008,2023-02,24257,19653,90805,2833744,121756,535714,149113,3775042,3300180,-474862,1371.7
CST0000351,VHC001,RTE001,2023-03,2231406,69547,,2821473,243907,833333,,6199666,110544228,104344562,434.1
CST0000352,VHC002,RTE017,2023-03,1552641,75805,123913,2948294,229858,833333,231351,5995195,137467123,131471928,
CST0000353,VHC003,RTE002,2023-03,1696805,213138,,2842610,235416,833333,,5821302,117426028,111604726,476.5
CST0000354,VHC004,RTE018,2023-03,2349725,241605,136370,2763855,234438,833333,,6559326,180960671,174401345,460.1
CST0000355,VHC005,,2023-03,1375733,197230,138676,3006111,226848,833333,187229,5965160,116827042,110861882,596.7
CST0000356,VHC006,RTE001,2023-03,2693496,173662,89309,3020852,334156,1428571,76947,7816993,561441595,553624602,367.9
CST0000357,VHC007,,2023-03,2147303,248492,,2716790,342564,1428571,,6883720,292886175,286002455,493.5
CST0000358,VHC008,RTE010,2023-03,1739211,152869,,2673131,336104,1428571,189800,6519686,245164287,238644601,475.2
CST0000359,VHC009,,2023-03,1354111,76840,194094,2749930,343724,1428571,,6147270,287092996,280945726,
CST0000360,VHC010,RTE018,2023-03,2016956,237118,98086,2825960,347853,1428571,197826,7152370,380939299,373786929,436.7
CST0000361,VHC011,,2023-03,674589,48040,,2865613,154301,357142,73963,4173648,16815672,12642024,635.6
CST0000362,VHC012,RTE016,2023-03,772812,139158,,2924981,149157,357142,,4343250,11719044,7375794,
CST0000363,VHC013,RTE008,2023-03,953320,140820,,2937794,144181,357142,216908,4750165,18940377,14190212,583.9
CST0000364,VHC014,RTE007,2023-03,362416,36551,,3024936,145716,357142,295910,4222671,6981609,2758938,1173.0
CST0000365,VHC015,RTE019,2023-03,655190,122949,76703,2915138,146337,357142,282516,4555975,12158537,7602562,796.2
CST0000366,VHC016,RTE020,2023-03,2336917,224297,80673,3001979,260226,1011904,95701,7011697,79917496,72905799,616.5
CST0000367,VHC017,,2023-03,2101829,214015,,2669519,270457,1011904,,6267724,65423752,59156028,
CST0000368,VHC018,,2023-03,1081964,70062,,3043596,266193,1011904,100544,5574263,41006406,35432143,920.0
CST0000369,VHC019,,2023-03,107421,31424,,2916461,47703,71428,,3174437,272915,-2901522,1745.2
CST0000370,VHC020,,2023-03,94958,24003,144924,2974286,50785,71428,138480,3498864,209068,-3289796,2312.5
CST0000371,VHC021,RTE002,2023-03,218959,70691,,2705921,48243,71428,,3115242,305049,-2810193,965.7
CST0000372,VHC022,RTE007,2023-03,139983,25193,,2841992,50114,71428,59506,3188216,229732,-2958484,1158.1
CST0000373,VHC023,RTE017,2023-03,27797,70223,95855,2879211,112285,535714,201246,3922331,4083100,160769,1088.3
CST0000374,VHC024,RTE001,2023-03,14904,23349,92628,2891985,120427,535714,147884,3826891,1546360,-2280531,1824.9
CST0000375,VHC025,RTE014,2023-03,13485,22459,58377,2739536,113476,535714,246076,3729123,1357539,-2371584,2451.8
CST0000376,VHC001,RTE012,2023-04,1136643,160839,,2983089,241085,833333,272815,5627804,91342751,85714947,775.2
CST0000377,VHC002,RTE007,2023-04,1479604,227773,131388,2779171,233229,833333,,5684498,74162013,68477515,544.8
CST0000378,VHC003,RTE020,2023-04,1106375,102292,58240,2848335,237488,833333,,5186063,63246638,58060575,652.3
CST0000379,VHC004,RTE012,2023-04,2407772,110032,,2865134,244443,833333,215348,6676062,160338400,153662338,458.0
CST0000380,VHC005,RTE014,2023-04,1995956,98774,184334,2739761,223553,833333,,6075711,185002511,178926800,419.7
CST0000381,VHC006,RTE013,2023-04,1972800,156057,94058,2982904,363356,1428571,175870,7173616,391724292,384550676,436.4
CST0000382,VHC007,RTE012,2023-04,2094497,146126,183057,3038409,353087,1428571,162187,7405934,257183307,249777373,515.2
CST0000383,VHC008,RTE011,2023-04,1132920,137614,111666,2966087,336102,1428571,282116,6395076,229672067,223276991,677.4
CST0000384,VHC009,RTE012,2023-04,1623352,76029,,2946399,360817,1428571,92930,6528098,281122037,274593939,489.8
CST0000385,VHC010,RTE017,2023-04,1881229,109372,584498,3070351,338572,1428571,174391,7586984,412261369,404674385,470.1
CST0000386,VHC011,RTE009,2023-04,650304,94887,954650,2904080,151568,357142,208907,5321538,9564763,4243225,842.4
CST0000387,VHC012,,2023-04,902321,114267,,2712679,143771,357142,,4230180,21168147,16937967,489.3
CST0000388,VHC013,RTE013,2023-04,894637,85919,109636,2867961,144839,357142,,4460134,15082610,10622476,585.4
CST0000389,VHC014,RTE014,2023-04,529883,32550,157362,3026012,143284,357142,138559,4384792,8751234,4366442,834.7
CST0000390,VHC015,,2023-04,472355,75140,147359,2776398,147298,357142,253119,4228811,10314853,6086042,
CST0000391,VHC016,RTE011,2023-04,1651858,127597,84731,2957222,254910,1011904,292704,6380926,81908209,75527283,
CST0000392,VHC017,,2023-04,1148328,64593,63791,3019296,255505,1011904,252917,5816334,57485054,51668720,928.4
CST0000393,VHC018,RTE010,2023-04,1227271,58579,136680,2850760,248407,1011904,96456,5630057,40305981,34675924,820.8
CST0000394,VHC019,RTE006,2023-04,93257,8064,,2760736,50012,71428,,2983497,297274,-2686223,1893.1
CST0000395,VHC020,RTE010,2023-04,123447,19101,77868,2675193,49796,71428,86344,3103177,270383,-2832794,1580.8
CST0000396,VHC021,RTE010,2023-04,125544,19636,79473,2804119,49389,71428,244893,3394482,246885,-3147597,1838.8
CST0000397,VHC022,,2023-04,137664,22802,119608,2963031,50493,71428,66778,3431804,294630,-3137174,1270.1
CST0000398,VHC023,RTE013,2023-04,12043,21755,57991,2914791,111797,535714,221623,3875714,1452369,-2423345,2539.8
CST0000399,VHC024,RTE015,2023-04,13134,32122,,3024666,121256,535714,254605,3981497,2198052,-1783445,2204.6
CST0000400,VHC025,RTE003,2023-04,18389,24351,,2719854,112370,535714,102647,3513325,2228691,-1284634,1733.3
CST0000401,VHC001,,2023-05,2011276,111481,,2950020,231689,833333,,6137799,98575364,92437565,537.2
CST0000402,VHC002,RTE015,2023-05,1787892,120444,65787,3021662,239144,833333,82209,6150471,88061390,81910919,
CST0000403,VHC003,,2023-05,1737413,223832,,2697896,227259,833333,,5719733,78837272,73117539,515.2
CST0000404,VHC004,,2023-05,2027442,127287,,2996393,224498,833333,,6208953,122654480,116445527,568.7
CST0000405,VHC005,RTE020,2023-05,1608755,163151,875831,2784711,242039,833333,169652,6677472,91934069,85256597,643.5
CST0000406,VHC006,RTE015,2023-05,1107376,73149,334322,2667766,357300,1428571,168018,6136502,235198942,229062440,717.1
CST0000407,VHC007,RTE008,2023-05,3005514,101869,94579,2864138,335283,1428571,52923,7882877,388697657,380814780,412.2
CST0000408,VHC008,RTE013,2023-05,1717552,253664,,2764533,366483,1428571,,6530803,325597778,319066975,492.1
CST0000409,VHC009,RTE019,2023-05,2389922,221567,,2920525,366225,1428571,184066,7510876,296458648,288947772,
CST0000410,VHC010,RTE003,2023-05,1107794,192115,,2893106,337630,1428571,,5959216,202453015,196493799,676.3
CST0000411,VHC011,RTE008,2023-05,475283,81831,1050371,2989403,149830,357142,57098,5160958,8717272,3556314,1256.9
CST0000412,VHC012,RTE013,2023-05,822701,42930,94140,3057642,147923,357142,251221,4773699,13194703,8421004,681.0
CST0000413,VHC013,,2023-05,543968,27204,204833,2991116,146934,357142,,4271197,5910820,1639623,1036.7
CST0000414,VHC014,RTE016,2023-05,989840,134923,,2853846,147470,357142,187139,4670360,20799289,16128929,535.2
CST0000415,VHC015,RTE016,2023-05,468684,41713,,2788455,147187,357142,116083,3919264,8383327,4464063,1078.8
CST0000416,VHC016,,2023-05,2848228,92663,89668,3018629,253275,1011904,212101,7526468,88110440,80583972,611.8
CST0000417,VHC017,,2023-05,1333245,136903,,2807242,259113,1011904,249944,5798351,61561532,55763181,896.3
CST0000418,VHC018,RTE003,2023-05,2653300,109073,205017,3066392,260995,1011904,,7306681,113753818,106447137,554.0
CST0000419,VHC019,RTE014,2023-05,141055,10088,,2840127,51907,71428,83779,3198384,194218,-3004166,1508.7
CST0000420,VHC020,RTE008,2023-05,272309,74906,56843,2860950,49082,71428,136272,3521790,378838,-3142952,914.5
CST0000421,VHC021,,2023-05,255182,66217,,2932516,48286,71428,69185,3442814,337630,-3105184,
CST0000422,VHC022,RTE011,2023-05,122138,19740,150019,2789778,52171,71428,232215,3437489,309517,-3127972,1612.3
CST0000423,VHC023,RTE013,2023-05,15525,30401,110766,2739794,118201,535714,,3550401,2505762,-1044639,1815.1
CST0000424,VHC024,RTE013,2023-05,28554,72985,104507,2985521,115180,535714,,3842461,4426653,584192,984.2
CST0000425,VHC025,,2023-05,31203,35986,,2874263,121206,535714,213136,3811508,2813401,-998107,1114.5
CST0000426,VHC001,,2023-06,1652234,139530,,2856880,233383,833333,179789,5895149,94107047,88211898,554.5
CST0000427,VHC002,RTE010,2023-06,1902722,185598,,2961908,235053,833333,137757,6256371,165186910,158930539,462.8
CST0000428,VHC003,RTE009,2023-06,991351,90192,120251,2753877,228181,833333,,5017185,70120840,65103655,699.2
CST0000429,VHC004,,2023-06,2349326,88198,116662,2872234,244566,833333,216804,6721123,106086096,99364973,469.1
CST0000430,VHC005,RTE009,2023-06,1780407,288647,182395,2881370,233381,833333,239527,6439060,143373883,136934823,495.0
CST0000431,VHC006,RTE002,2023-06,2633836,310512,117206,2820634,348293,1428571,,7659052,383490391,375831339,366.1
CST0000432,VHC007,RTE019,2023-06,1241964,162090,,2880790,352964,1428571,279668,6346047,155365999,149019952,781.1
CST0000433,VHC008,RTE020,2023-06,1593418,250325,172575,2800475,338968,1428571,,6584332,314418791,307834459,
CST0000434,VHC009,,2023-06,2346078,331357,,2699401,356768,1428571,55591,7217766,463005623,455787857,393.1
CST0000435,VHC010,RTE013,2023-06,2682092,307453,100291,3004370,339115,1428571,,7861892,489487799,481625907,358.5
CST0000436,VHC011,,2023-06,342546,61734,138537,2962198,157153,357142,,4019310,5338240,1318930,1199.1
CST0000437,VHC012,RTE018,2023-06,671918,117343,200327,2984685,145597,357142,241468,4718480,11204085,6485605,
CST0000438,VHC013,RTE002,2023-06,417177,35041,86091,2716340,144126,357142,290662,4046579,6035372,1988793,1130.6
CST0000439,VHC014,RTE004,2023-06,410550,54364,,2825020,152754,357142,50148,3849978,6223823,2373845,939.0
CST0000440,VHC015,,2023-06,407737,48840,99807,3030432,149464,357142,212536,4305958,7177978,2872020,1202.8
CST0000441,VHC016,RTE015,2023-06,1982520,188775,,2726127,270686,1011904,,6180012,96080159,89900147,637.1
CST0000442,VHC017,,2023-06,1393746,38589,705208,2917238,270281,1011904,186940,6523906,60297326,53773420,851.7
CST0000443,VHC018,,2023-06,1120953,37120,115196,2749036,248148,1011904,295032,5577389,39137951,33560562,883.8
CST0000444,VHC019,RTE013,2023-06,234666,76874,123805,2843085,51220,71428,188841,3589919,484785,-3105134,898.6
CST0000445,VHC020,RTE020,2023-06,159001,35019,587271,2684694,52068,71428,225693,3815174,236624,-3578550,1497.9
CST0000446,VHC021,RTE019,2023-06,207394,21763,90343,2884666,51696,71428,215574,3542864,391089,-3151775,1153.3
CST0000447,VHC022,,2023-06,139590,54695,138004,2754218,48525,71428,223367,3429827,344433,-3085394,1242.7
CST0000448,VHC023,RTE005,2023-06,13526,32095,64716,2706265,118133,535714,59626,3530075,1681985,-1848090,2188.5
CST0000449,VHC024,RTE012,2023-06,24541,34306,,2686254,115132,535714,87935,3483882,2798635,-685247,1096.9
CST0000450,VHC025,RTE016,2023-06,37959,58584,89786,2840109,120129,535714,,3682281,3696910,14629,935.1
CST0000451,VHC001,RTE002,2023-07,1018836,50980,,2971703,234077,833333,169627,5278556,45779798,40501242,915.3
CST0000452,VHC002,,2023-07,1582080,197251,,2669572,242445,833333,251855,5776536,89019678,83243142,584.2
CST0000453,VHC003,RTE014,2023-07,913013,101862,,2904165,234603,833333,91741,5078717,44281616,39202899,873.5
CST0000454,VHC004,,2023-07,2790385,86807,,2974718,230147,833333,67629,6983019,133804721,126821702,466.4
CST0000455,VHC005,RTE017,2023-07,1476920,168925,105622,2967538,237664,833333,,5790002,88921988,83131986,610.0
CST0000456,VHC006,RTE005,2023-07,1977179,221284,,2778811,355528,1428571,168060,6929433,282230341,275300908,484.5
CST0000457,VHC007,RTE004,2023-07,2215882,109242,,3015273,355505,1428571,266032,7390505,214185492,206794987,559.8
CST0000458,VHC008,RTE012,2023-07,2517541,89218,,2957458,366577,1428571,220118,7579483,358414273,350834790,416.2
CST0000459,VHC009,RTE015,2023-07,2860265,222221,,2737281,356439,1428571,210051,7814828,461041981,453227153,383.3
CST0000460,VHC010,RTE019,2023-07,2475020,346696,99913,2798121,340329,1428571,,7488650,496366498,488877848,406.3
CST0000461,VHC011,,2023-07,385898,65625,,2693960,143886,357142,54661,3701172,8522538,4821366,1114.1
CST0000462,VHC012,RTE018,2023-07,367231,29356,137617,3039726,146485,357142,85861,4163418,6774169,2610751,1335.3
CST0000463,VHC013,,2023-07,1042907,94607,201745,2722599,151218,357142,109730,4679948,16783557,12103609,
CST0000464,VHC014,RTE015,2023-07,636967,114984,139977,2973476,151265,357142,179697,4553508,12431421,7877913,813.7
CST0000465,VHC015,RTE019,2023-07,731221,44358,75413,2839434,147559,357142,211252,4406379,12845720,8439341,780.2
CST0000466,VHC016,RTE018,2023-07,2937100,163062,,3041565,263218,1011904,84230,7501079,130033608,122532529,593.3
CST0000467,VHC017,RTE009,2023-07,1127633,109472,49742,2981479,246096,1011904,143645,5669971,53538782,47868811,1040.0
CST0000468,VHC018,,2023-07,2436788,156527,,3060732,264566,1011904,113462,7043979,102747966,95703987,583.6
CST0000469,VHC019,RTE010,2023-07,205122,56908,,2806157,49262,71428,222048,3410925,243325,-3167600,1110.3
CST0000470,VHC020,RTE003,2023-07,233324,57138,469921,2992356,49465,71428,268301,4141933,361950,-3779983,1259.7
CST0000471,VHC021,RTE009,2023-07,169676,18972,121522,2905375,50470,71428,127775,3465218,232308,-3232910,1567.3
CST0000472,VHC022,,2023-07,223986,80010,,2872660,47884,71428,252311,3548279,270491,-3277788,910.7
CST0000473,VHC023,RTE013,2023-07,31156,52990,112325,3070291,113704,535714,171707,4087887,3770838,-317049,1023.8
CST0000474,VHC024,RTE012,2023-07,18478,30681,476698,3016792,117061,535714,175571,4370995,1843705,-2527290,1700.8
CST0000475,VHC025,RTE004,2023-07,23256,34947,,2998744,114790,535714,150176,3857627,3203207,-654420,1487.7
CST0000476,VHC001,RTE001,2023-08,1814558,167354,51939,2948370,238961,833333,222570,6277085,117963745,111686660,624.8
CST0000477,VHC002,,2023-08,737440,42386,138511,2966335,231086,833333,154514,5103605,39891528,34787923,1132.1
CST0000478,VHC003,,2023-08,1222309,167864,,3006814,225457,833333,91563,5547340,76352343,70805003,728.7
CST0000479,VHC004,RTE008,2023-08,2071272,242569,78711,2864025,228784,833333,223434,6542128,76108240,69566112,601.9
CST0000480,VHC005,,2023-08,1674025,78079,,2771164,240179,833333,101038,5697818,92371885,86674067,541.5
CST0000481,VHC006,RTE008,2023-08,1418199,236033,701732,2724546,362199,1428571,101163,6972443,327774190,320801747,600.8
CST0000482,VHC007,RTE002,2023-08,956985,75692,146106,3065176,360331,1428571,255404,6288265,109766368,103478103,975.1
CST0000483,VHC008,RTE005,2023-08,1866572,111863,,2682788,340880,1428571,,6430674,348947750,342517076,421.0
CST0000484,VHC009,RTE001,2023-08,1490094,126546,,2835294,356024,1428571,183771,6420300,339802492,333382192,534.4
CST0000485,VHC010,,2023-08,871719,105223,158281,2828901,348088,1428571,94579,5835362,163982911,158147549,794.7
CST0000486,VHC011,,2023-08,743838,57273,111537,2751406,148441,357142,284458,4454095,8954614,4500519,711.2
CST0000487,VHC012,RTE002,2023-08,498525,72181,,2749847,145838,357142,123600,3947133,7321880,3374747,953.4
CST0000488,VHC013,RTE006,2023-08,467909,41557,833929,2892449,150890,357142,60389,4804265,5316885,512620,1390.9
CST0000489,VHC014,RTE001,2023-08,282560,44443,186252,2844809,146682,357142,77347,3939235,4223132,283897,
CST0000490,VHC015,RTE017,2023-08,441441,35193,99020,3053536,147259,357142,288471,4422062,7389149,2967087,1326.0
CST0000491,VHC016,RTE016,2023-08,2638055,144340,420907,2682566,254604,1011904,208956,7361332,79312890,71951558,662.8
CST0000492,VHC017,RTE013,2023-08,987534,84182,,2897086,268692,1011904,249574,5498972,35663273,30164301,1177.5
CST0000493,VHC018,,2023-08,1666084,47346,,2999710,247540,1011904,174982,6147566,75723735,69576169,761.7
CST0000494,VHC019,,2023-08,144386,13374,,3021646,48560,71428,93543,3392937,230228,-3162709,1604.2
CST0000495,VHC020,RTE020,2023-08,191755,39975,446607,2934175,52383,71428,62509,3798832,316257,-3482575,1437.3
CST0000496,VHC021,,2023-08,175832,11099,,2923062,51542,71428,186122,3419085,215755,-3203330,
CST0000497,VHC022,,2023-08,76413,19607,119825,2701530,47838,71428,64263,3100904,183728,-2917176,2385.3
CST0000498,VHC023,RTE018,2023-08,10199,22781,,3010654,121078,535714,223510,3923936,965967,-2957969,3053.6
CST0000499,VHC024,RTE011,2023-08,12609,16598,102510,2685747,120934,535714,230016,3704128,1517148,-2186980,2148.6
CST0000500,VHC025,RTE016,2023-08,16532,20801,,2822568,112839,535714,51230,3559684,2099150,-1460534,1964.5
CST0000501,VHC001,RTE009,2023-09,1549504,177332,98761,2752100,240908,833333,175908,5827846,64645464,58817618,726.8
CST0000502,VHC002,RTE002,2023-09,2162650,228260,,2856364,233911,833333,227667,6542185,145324873,138782688,
CST0000503,VHC003,RTE003,2023-09,1792479,135026,,2884129,236658,833333,,5881625,98978592,93096967,563.6
CST0000504,VHC004,RTE006,2023-09,1689273,109355,72517,3026752,230272,833333,,5961502,62098785,56137283,719.4
CST0000505,VHC005,RTE007,2023-09,1143633,41025,,2814296,239375,833333,181455,5253117,47575738,42322621,781.7
CST0000506,VHC006,,2023-09,1127347,43190,86818,2741431,360003,1428571,,5787360,155064597,149277237,714.9
CST0000507,VHC007,RTE004,2023-09,2808531,230893,,2883852,343588,1428571,191370,7886805,257893156,250006351,474.9
CST0000508,VHC008,,2023-09,1312709,211775,673795,2934597,336549,1428571,131753,7029749,181699206,174669457,745.8
CST0000509,VHC009,RTE020,2023-09,1611313,59594,184061,2843049,352079,1428571,99465,6578132,249286619,242708487,577.0
CST0000510,VHC010,RTE007,2023-09,1252204,89665,123341,3077508,347687,1428571,213799,6532775,174484064,167951289,705.8
CST0000511,VHC011,RTE009,2023-09,1117701,123614,116330,2767344,151277,357142,,4633408,22526834,17893426,526.7
CST0000512,VHC012,,2023-09,974905,99270,144148,2885846,146342,357142,,4607653,14261652,9653999,608.8
CST0000513,VHC013,RTE011,2023-09,912138,134648,201860,2898878,151161,357142,207845,4863672,8868998,4005326,772.7
CST0000514,VHC014,RTE009,2023-09,914676,122723,470389,2677555,156026,357142,114001,4812512,11435944,6623432,655.0
CST0000515,VHC015,RTE001,2023-09,470830,65025,106663,2961578,147200,357142,,4108438,5586376,1477938,1235.6
CST0000516,VHC016,,2023-09,2307569,68212,88109,3046912,256468,1011904,,6779174,66899695,60120521,746.5
CST0000517,VHC017,RTE002,2023-09,3223854,307982,77595,2957685,254405,1011904,,7833425,121521790,113688365,549.7
CST0000518,VHC018,RTE004,2023-09,2547754,194321,,3001791,263473,1011904,,7019243,92979104,85959861,608.4
CST0000519,VHC019,RTE006,2023-09,261160,78967,,2805045,48493,71428,164843,3429936,415382,-3014554,959.2
CST0000520,VHC020,RTE019,2023-09,278017,26688,156483,2897653,49345,71428,233491,3713105,451317,-3261788,1036.6
CST0000521,VHC021,RTE006,2023-09,254160,19671,107248,2725858,49647,71428,100162,3328174,227258,-3100916,1099.1
CST0000522,VHC022,,2023-09,183613,57085,798140,2957585,50988,71428,133425,4252264,215119,-4037145,
CST0000523,VHC023,RTE009,2023-09,12596,33659,,2895369,122240,535714,57950,3657528,1160943,-2496585,
CST0000524,VHC024,,2023-09,11271,22781,108242,2822147,118483,535714,143384,3762022,1247046,-2514976,2496.4
CST0000525,VHC025,RTE010,2023-09,19023,18523,284390,2673402,112778,535714,170512,3814342,2246894,-1567448,1870.7
CST0000526,VHC001,RTE002,2023-10,1188750,102842,,2836224,240040,833333,208232,5409421,75317176,69907755,812.0
CST0000527,VHC002,RTE016,2023-10,2016491,117607,113943,2678044,225364,833333,120133,6104915,90664283,84559368,489.3
CST0000528,VHC003,RTE014,2023-10,1064121,79763,,2853344,242087,833333,211098,5283746,66222999,60939253,787.6
CST0000529,VHC004,RTE014,2023-10,2308596,153477,,2738655,244076,833333,218999,6497136,105177037,98679901,529.8
CST0000530,VHC005,,2023-10,1697284,48996,,2976354,227641,833333,,5783608,127414967,121631359,535.5
CST0000531,VHC006,,2023-10,1789577,149907,,2870154,340551,1428571,54454,6633214,209667850,203034636,
CST0000532,VHC007,RTE018,2023-10,3641269,160669,88779,2873416,351413,1428571,,8544117,565254622,556710505,417.3
CST0000533,VHC008,,2023-10,3037214,283844,,2895479,365438,1428571,,8010546,372549677,364539131,386.3
CST0000534,VHC009,RTE009,2023-10,2699605,408447,86326,2767531,344489,1428571,130958,7865927,467911508,460045581,433.1
CST0000535,VHC010,RTE020,2023-10,1228210,194085,776658,2934903,364090,1428571,169152,7095669,175194443,168098774,
CST0000536,VHC011,RTE003,2023-10,664432,87638,983338,2673496,148305,357142,52673,4967024,11944601,6977577,877.1
CST0000537,VHC012,,2023-10,578613,46668,155059,2852461,152445,357142,253701,4396089,9190596,4794507,903.8
CST0000538,VHC013,RTE015,2023-10,714909,95290,,2803473,150065,357142,197323,4318202,13781127,9462925,808.3
CST0000539,VHC014,RTE007,2023-10,948933,118304,,2873665,145108,357142,165663,4608815,20931577,16322762,558.4
CST0000540,VHC015,RTE010,2023-10,765096,74331,,2824839,152901,357142,170525,4344834,14620239,10275405,742.6
CST0000541,VHC016,RTE014,2023-10,3422714,178368,,2946741,252856,1011904,218501,8031084,120864052,112832968,550.6
CST0000542,VHC017,,2023-10,2388799,248331,128593,3036600,257722,1011904,,7071949,67791646,60719697,618.4
CST0000543,VHC018,RTE020,2023-10,2287874,197875,,2672032,248643,1011904,293155,6711483,86999331,80287848,
CST0000544,VHC019,,2023-10,184518,22682,,3028408,50669,71428,,3357705,302466,-3055239,1227.2
CST0000545,VHC020,RTE005,2023-10,122060,11375,,2966381,49961,71428,90278,3311483,199156,-3112327,1944.5
CST0000546,VHC021,RTE015,2023-10,173392,37484,116177,2862947,48313,71428,,3309741,222842,-3086899,1479.5
CST0000547,VHC022,RTE009,2023-10,118516,44365,97841,2799644,49918,71428,,3181712,258031,-2923681,1558.9
CST0000548,VHC023,RTE016,2023-10,22212,56027,,2716561,113572,535714,77190,3521276,2478682,-1042594,1308.1
CST0000549,VHC024,RTE014,2023-10,14035,29473,,2842157,118660,535714,,3540039,1787531,-1752508,1917.7
CST0000550,VHC025,,2023-10,25968,13741,,3050478,118738,535714,,3744639,3352798,-391841,
CST0000551,VHC001,RTE003,2023-11,2844864,280907,335145,3530816,233767,833333,267634,8326466,220910203,212583737,457.6
CST0000552,VHC002,RTE019,2023-11,1812669,225427,,3699151,231381,833333,296127,7098088,194581660,187483572,
CST0000553,VHC003,RTE010,2023-11,1399126,176137,97112,3366545,224386,833333,181472,6278111,138719229,132441118,623.6
CST0000554,VHC004,,2023-11,3481330,292027,348549,3525416,228397,833333,80587,8789639,343160706,334371067,416.5
CST0000555,VHC005,,2023-11,3155680,317230,106229,3699794,233689,833333,,8345955,469428348,461082393,364.2
CST0000556,VHC006,,2023-11,3290352,556635,,3438286,333934,1428571,113578,9161356,1222828054,1213666698,327.2
CST0000557,VHC007,RTE009,2023-11,3585369,453671,184957,3513622,341418,1428571,280408,9788016,590563016,580775000,389.5
CST0000558,VHC008,RTE005,2023-11,2177980,200128,615643,3601901,342005,1428571,144343,8510571,794108226,785597655,459.1
CST0000559,VHC009,,2023-11,3090698,374272,130539,3802013,355325,1428571,254635,9436053,657351549,647915496,364.1
CST0000560,VHC010,RTE003,2023-11,1370285,90187,88364,3404802,351967,1428571,291290,7025466,413594064,406568598,
CST0000561,VHC011,,2023-11,1069822,78012,149931,3836460,155200,357142,,5646567,38322619,32676052,542.6
CST0000562,VHC012,RTE013,2023-11,1103756,210597,200847,3544567,151612,357142,,5568521,25077761,19509240,525.9
CST0000563,VHC013,,2023-11,703711,76364,206967,3384798,142783,357142,,4871765,19684464,14812699,811.8
CST0000564,VHC014,RTE010,2023-11,439218,91520,1093216,3630435,154292,357142,249217,6015040,13780070,7765030,1379.6
CST0000565,VHC015,RTE020,2023-11,1459063,258358,151809,3733587,144259,357142,272516,6376734,38142030,31765296,500.8
CST0000566,VHC016,RTE010,2023-11,2450536,252810,82957,3776158,265505,1011904,114794,7954664,145522799,137568135,667.4
CST0000567,VHC017,RTE006,2023-11,3985704,389423,,3480965,265762,1011904,217164,9350922,357639963,348289041,429.5
CST0000568,VHC018,RTE018,2023-11,2751654,226748,124121,3650469,259775,1011904,113275,8137946,167321191,159183245,528.5
CST0000569,VHC019,RTE016,2023-11,276562,31700,98533,3426844,50889,71428,83133,4039089,777911,-3261178,863.1
CST0000570,VHC020,,2023-11,153554,14799,107631,3511432,49799,71428,252027,4160670,410901,-3749769,1701.7
CST0000571,VHC021,RTE015,2023-11,390803,30076,70803,3641113,52066,71428,83552,4339841,774900,-3564941,754.2
CST0000572,VHC022,RTE001,2023-11,199098,22397,,3527014,49592,71428,,3869529,692197,-3177332,988.9
CST0000573,VHC023,RTE008,2023-11,27899,18285,88107,3371676,115845,535714,200628,4358154,4074728,-283426,1232.9
CST0000574,VHC024,,2023-11,44880,120381,50610,3812643,115920,535714,216922,4897070,8488947,3591877,793.6
CST0000575,VHC025,,2023-11,49543,86725,81763,3873572,112142,535714,105624,4845083,9816556,4971473,
CST0000576,VHC001,RTE016,2023-12,2036092,190053,,3863123,230833,833333,192222,7345656,206129454,198783798,570.8
CST0000577,VHC002,RTE004,2023-12,2472244,385309,573879,3623341,224640,833333,261466,8374212,297423109,289048897,485.4
CST0000578,VHC003,,2023-12,1653881,201631,116381,3786279,233243,833333,83049,6907797,156750902,149843105,587.4
CST0000579,VHC004,,2023-12,1944987,190633,112045,3823982,233012,833333,246648,7384640,131508092,124123452,
CST0000580,VHC005,,2023-12,1329473,79687,427184,3648949,242219,833333,176146,6736991,108853650,102116659,706.2
CST0000581,VHC006,,2023-12,2676648,118539,,3510093,348657,1428571,131256,8213764,691897474,683683710,380.4
CST0000582,VHC007,RTE015,2023-12,1953953,269338,,3627896,355289,1428571,193081,7828128,605385393,597557265,603.1
CST0000583,VHC008,RTE018,2023-12,3118232,295453,,3606171,334471,1428571,185566,8968464,1065356015,1056387551,
CST0000584,VHC009,RTE007,2023-12,2456527,408470,91249,3401216,343849,1428571,,8129882,601061350,592931468,416.4
CST0000585,VHC010,RTE013,2023-12,3413909,625134,,3587729,337713,1428571,,9393056,1364098004,1354704948,331.3
CST0000586,VHC011,RTE012,2023-12,1022619,104241,,3748671,143704,357142,203881,5580258,26435098,20854840,567.7
CST0000587,VHC012,RTE011,2023-12,677009,53469,121771,3627646,149324,357142,99579,5085940,17634975,12549035,792.4
CST0000588,VHC013,RTE011,2023-12,623264,73980,200681,3411597,143357,357142,73580,4883601,13238373,8354772,929.9
CST0000589,VHC014,RTE016,2023-12,1313170,143749,102969,3820467,146536,357142,235004,6119037,40062404,33943367,475.0
CST0000590,VHC015,RTE003,2023-12,750571,69883,80685,3816510,147521,357142,225044,5447356,17063966,11616610,841.6
CST0000591,VHC016,RTE002,2023-12,2394401,236584,,3513681,248691,1011904,146400,7551661,176506282,168954621,656.3
CST0000592,VHC017,RTE007,2023-12,3225466,203265,51715,3752533,266487,1011904,236478,8747848,155279956,146532108,502.4
CST0000593,VHC018,RTE004,2023-12,2783748,151905,149797,3542040,263613,1011904,298966,8201973,204587838,196385865,532.8
CST0000594,VHC019,RTE011,2023-12,313428,96367,,3711802,49024,71428,80341,4322390,665685,-3656705,824.7
CST0000595,VHC020,RTE011,2023-12,150056,12062,83867,3454354,49658,71428,,3821425,438457,-3382968,1618.6
CST0000596,VHC021,RTE004,2023-12,221870,20403,99710,3613990,49081,71428,98558,4175040,486644,-3688396,1293.4
CST0000597,VHC022,,2023-12,236758,93166,,3884164,52468,71428,54848,4392832,574001,-3818831,955.4
CST0000598,VHC023,,2023-12,46456,85584,80878,3709205,115196,535714,165504,4738537,6725119,1986582,855.3
CST0000599,VHC024,RTE008,2023-12,42075,120677,86761,3847218,119204,535714,74173,4825822,10075377,5249555,886.3
CST0000600,VHC025,RTE009,2023-12,44764,79098,,3797350,112729,535714,,4569655,8681470,4111815,984.0
CST0000601,VHC001,,2024-01,2074364,218080,48983,2895531,244495,833333,,6314786,114515720,108200934,571.4
CST0000602,VHC002,,2024-01,993309,38510,64325,2730436,241008,833333,110206,5011127,63970091,58958964,857.6
CST0000603,VHC003,RTE006,2024-01,1059842,96505,126935,2745141,238545,833333,178002,5278303,82513443,77235140,831.0
CST0000604,VHC004,RTE017,2024-01,2556067,232274,130302,2781603,226656,833333,183788,6944023,114268854,107324831,538.0
CST0000605,VHC005,RTE016,2024-01,865621,62384,,2893947,235964,833333,187614,5078863,67859376,62780513,970.0
CST0000606,VHC006,RTE016,2024-01,2446611,287291,79043,2764536,341476,1428571,125726,7473254,303539809,296066555,389.9
CST0000607,VHC007,RTE012,2024-01,2193715,231473,,2974963,355503,1428571,110662,7294887,283579855,276284968,515.4
CST0000608,VHC008,RTE006,2024-01,2555621,282312,,2993802,365746,1428571,158218,7784270,395473469,387689199,388.8
CST0000609,VHC009,RTE009,2024-01,2639367,225753,107111,2887429,366365,1428571,274282,7928878,530069572,522140694,389.2
CST0000610,VHC010,RTE010,2024-01,2485580,429741,230678,2965230,365244,1428571,183663,8088707,502240449,494151742,403.5
CST0000611,VHC011,RTE014,2024-01,827192,120029,209614,3060562,152449,357142,149206,4876194,13065504,8189310,727.6
CST0000612,VHC012,,2024-01,992726,97541,152096,2758683,148574,357142,293359,4800121,13305576,8505455,605.1
CST0000613,VHC013,RTE001,2024-01,1243380,66175,,2770036,154276,357142,,4591009,21475516,16884507,519.8
CST0000614,VHC014,RTE012,2024-01,741843,41579,,2927447,151906,357142,130915,4350832,12427709,8076877,709.3
CST0000615,VHC015,RTE002,2024-01,1232788,201028,,2762022,144742,357142,270951,4968673,19598709,14630036,554.4
CST0000616,VHC016,RTE009,2024-01,1402350,89041,185226,2667367,266168,1011904,68802,5690858,41575139,35884281,1001.7
CST0000617,VHC017,RTE008,2024-01,2024832,203269,162132,3064406,248794,1011904,,6715337,78737374,72022037,
CST0000618,VHC018,RTE015,2024-01,1837181,185455,181497,2986547,269363,1011904,152903,6624850,87988863,81364013,
CST0000619,VHC019,RTE008,2024-01,192118,21256,60625,2665836,48809,71428,,3060072,233745,-2826327,1130.0
CST0000620,VHC020,RTE017,2024-01,153886,35186,108307,2869492,52076,71428,,3290375,199990,-3090385,
CST0000621,VHC021,RTE001,2024-01,230427,34373,,2743047,47904,71428,,3127179,219819,-2907360,1106.6
CST0000622,VHC022,RTE009,2024-01,122413,18364,,2959558,49527,71428,285226,3506516,287625,-3218891,1749.8
CST0000623,VHC023,RTE001,2024-01,26010,17917,,2916922,112020,535714,116417,3725000,3034156,-690844,
CST0000624,VHC024,RTE002,2024-01,24607,55520,,2843941,120473,535714,170935,3751190,3877246,126056,1146.5
CST0000625,VHC025,,2024-01,29204,17034,344913,2928098,111397,535714,154190,4120550,2505638,-1614912,1323.7
CST0000626,VHC001,RTE013,2024-02,1724293,141561,77100,2666611,237179,833333,,5680077,127065947,121385870,541.5
CST0000627,VHC002,RTE010,2024-02,1103557,104911,,2735243,226827,833333,259466,5263337,83131852,77868515,710.0
CST0000628,VHC003,RTE004,2024-02,1471338,152559,111081,3025188,223423,833333,,5816922,126780150,120963228,577.6
CST0000629,VHC004,RTE006,2024-02,1091594,103802,619008,2839608,239622,833333,263887,5990854,55140906,49150052,
CST0000630,VHC005,RTE015,2024-02,1220271,51974,119448,2771334,229846,833333,,5226206,83359831,78133625,
CST0000631,VHC006,,2024-02,1518614,176805,88592,2908933,350287,1428571,,6471802,214222584,207750782,635.5
CST0000632,VHC007,,2024-02,1218610,101823,,2966643,347176,1428571,84574,6147397,105716321,99568924,913.4
CST0000633,VHC008,RTE010,2024-02,976124,140374,1222009,2855680,366172,1428571,168089,7157019,149293832,142136813,1093.3
CST0000634,VHC009,,2024-02,1827470,265839,,2668421,333231,1428571,,6523532,256555240,250031708,540.3
CST0000635,VHC010,RTE006,2024-02,1818246,149761,102011,2824951,358653,1428571,,6682193,350202130,343519937,532.4
CST0000636,VHC011,,2024-02,279932,47540,138067,2781117,150316,357142,209016,3963130,4812790,849660,1530.2
CST0000637,VHC012,,2024-02,567860,99795,,3015963,152309,357142,,4193069,7400925,3207856,809.2
CST0000638,VHC013,RTE015,2024-02,686799,125024,,3033812,146634,357142,283311,4632722,11570358,6937636,831.6
CST0000639,VHC014,RTE015,2024-02,454019,81201,221360,2765240,154866,357142,142608,4176436,6382391,2205955,974.2
CST0000640,VHC015,,2024-02,788156,116843,,2752304,153190,357142,60795,4228430,15652015,11423585,646.3
CST0000641,VHC016,RTE016,2024-02,1010352,58314,77737,2717543,264780,1011904,,5140630,31182403,26041773,1099.8
CST0000642,VHC017,RTE006,2024-02,1182345,57815,86982,2981952,268194,1011904,91019,5680211,48226938,42546727,
CST0000643,VHC018,RTE008,2024-02,2057411,180796,170087,2660483,259885,1011904,172344,6512910,72959824,66446914,594.7
CST0000644,VHC019,RTE009,2024-02,167678,47965,105632,2747527,52394,71428,271917,3464541,243311,-3221230,1283.6
CST0000645,VHC020,RTE007,2024-02,167109,19309,,3069239,49755,71428,,3376840,239077,-3137763,1334.2
CST0000646,VHC021,,2024-02,229631,70475,836367,2869257,47822,71428,58008,4182988,355439,-3827549,1300.7
CST0000647,VHC022,RTE009,2024-02,175719,45610,,2767503,49788,71428,267796,3377844,374296,-3003548,1028.3
CST0000648,VHC023,RTE020,2024-02,21817,45663,94309,2989088,122317,535714,,3808908,3088008,-720900,1401.4
CST0000649,VHC024,RTE013,2024-02,18240,47543,110220,2799823,111801,535714,170953,3794294,1998222,-1796072,1538.6
CST0000650,VHC025,RTE019,2024-02,17752,19100,449474,2696504,122110,535714,287615,4128269,2331523,-1796746,2145.7
CST0000651,VHC001,RTE014,2024-03,1305638,79061,,3062237,226913,833333,146789,5653971,82153475,76499504,684.7
CST0000652,VHC002,RTE009,2024-03,1479333,143900,813569,3008864,243783,833333,99375,6622157,102233445,95611288,641.1
CST0000653,VHC003,RTE013,2024-03,788516,39657,103748,2815316,242113,833333,163102,4985785,45768022,40782237,888.7
CST0000654,VHC004,RTE007,2024-03,2141881,200952,139721,2822971,226390,833333,102873,6468121,139138558,132670437,503.7
CST0000655,VHC005,RTE017,2024-03,1060789,62718,107139,3059813,234984,833333,108210,5466986,81368179,75901193,717.7
CST0000656,VHC006,,2024-03,1087152,139738,88887,3004670,352239,1428571,199273,6300530,144372368,138071838,725.3
CST0000657,VHC007,RTE008,2024-03,2085101,234046,81428,2979122,354800,1428571,176973,7340041,313598289,306258248,534.9
CST0000658,VHC008,RTE020,2024-03,2371661,400861,234182,2720714,344298,1428571,177450,7677737,389274043,381596306,405.1
CST0000659,VHC009,,2024-03,2024998,270616,110747,3028416,354218,1428571,130261,7347827,428194413,420846586,460.9
CST0000660,VHC010,RTE013,2024-03,1933593,355515,,2765616,359347,1428571,217115,7059757,350132618,343072861,
CST0000661,VHC011,RTE015,2024-03,768669,77348,210601,2725908,143820,357142,,4283488,17534232,13250744,
CST0000662,VHC012,RTE004,2024-03,470474,73883,994384,2666248,157090,357142,,4719221,11564586,6845365,
CST0000663,VHC013,RTE014,2024-03,482439,57565,136152,2693756,149358,357142,,3876412,8655887,4779475,952.9
CST0000664,VHC014,,2024-03,307267,66035,131945,2744323,145610,357142,266688,4019010,5387261,1368251,1332.6
CST0000665,VHC015,RTE019,2024-03,720760,114038,863415,2953906,143020,357142,130504,5282785,15444676,10161891,849.3
CST0000666,VHC016,,2024-03,2505739,185021,149229,3039750,247887,1011904,66352,7205882,76262442,69056560,598.0
CST0000667,VHC017,RTE017,2024-03,954859,82302,460077,2955084,249595,1011904,,5713821,29711697,23997876,1107.8
CST0000668,VHC018,RTE013,2024-03,2642404,97637,211458,2886117,257341,1011904,187349,7294210,89978408,82684198,498.9
CST0000669,VHC019,RTE009,2024-03,158613,23970,92906,2744209,52396,71428,174547,3318069,267352,-3050717,1250.2
CST0000670,VHC020,,2024-03,244658,81997,,2942284,51714,71428,268342,3660423,406459,-3253964,
CST0000671,VHC021,,2024-03,127003,17841,164940,2914545,52217,71428,72715,3420689,294896,-3125793,
CST0000672,VHC022,RTE010,2024-03,135745,31092,102009,2840994,47561,71428,,3228829,309395,-2919434,1224.0
CST0000673,VHC023,,2024-03,17621,12198,90255,2925999,117187,535714,153595,3852569,2263315,-1589254,1774.6
CST0000674,VHC024,,2024-03,19902,45100,109073,2959654,119655,535714,202155,3991253,2828812,-1162441,1499.9
CST0000675,VHC025,RTE006,2024-03,18389,40673,84784,2964099,118627,535714,119725,3882011,1912892,-1969119,1969.6
CST0000676,VHC001,RTE018,2024-04,1507834,59178,61291,2670592,235999,833333,166909,5535136,76529413,70994277,580.1
CST0000677,VHC002,RTE018,2024-04,946693,142441,,2673576,222016,833333,76038,4894097,63004773,58110676,739.8
CST0000678,VHC003,,2024-04,860757,34929,151574,3016005,244631,833333,267021,5408250,64733954,59325704,882.5
CST0000679,VHC004,RTE005,2024-04,856521,27354,,2705445,233434,833333,233576,4889663,39795464,34905801,951.7
CST0000680,VHC005,,2024-04,1661462,69429,,3043456,233665,833333,275218,6116563,152607216,146490653,512.4
CST0000681,VHC006,RTE010,2024-04,2817658,305126,109984,2720348,352802,1428571,153019,7887508,331178461,323290953,384.5
CST0000682,VHC007,,2024-04,2149033,93990,186097,2818782,342095,1428571,250128,7268696,348596466,341327770,564.1
CST0000683,VHC008,,2024-04,2592262,306078,173413,3021701,354431,1428571,237208,8113664,445314632,437200968,429.9
CST0000684,VHC009,RTE016,2024-04,1838585,194657,,2900810,351296,1428571,75943,6789862,288417123,281627261,514.8
CST0000685,VHC010,,2024-04,2230658,268895,149016,2837060,352212,1428571,239497,7505909,320262426,312756517,449.0
CST0000686,VHC011,,2024-04,822504,76091,,3035522,142915,357142,133818,4567992,19102490,14534498,
CST0000687,VHC012,RTE012,2024-04,406534,74434,118747,3017588,147642,357142,,4122087,8220456,4098369,1068.2
CST0000688,VHC013,RTE002,2024-04,933429,77424,,2996357,144911,357142,181493,4690756,12778588,8087832,595.6
CST0000689,VHC014,RTE015,2024-04,695172,111136,157912,3018188,153580,357142,219811,4712941,15694373,10981432,690.2
CST0000690,VHC015,RTE014,2024-04,737424,39878,,2759276,142847,357142,201660,4238227,11352394,7114167,665.6
CST0000691,VHC016,RTE013,2024-04,1205911,40742,94772,3007826,263595,1011904,104551,5729301,38447397,32718096,987.3
CST0000692,VHC017,RTE001,2024-04,2404445,156774,156203,2966772,250659,1011904,135884,7082641,82561057,75478416,544.9
CST0000693,VHC018,RTE015,2024-04,1386790,159806,,2815867,269289,1011904,138449,5782105,58108328,52326223,753.0
CST0000694,VHC019,RTE010,2024-04,101650,24038,,3050608,50411,71428,97527,3395662,214450,-3181212,1995.1
CST0000695,VHC020,RTE017,2024-04,245703,42197,182105,3008052,48236,71428,100159,3697880,306065,-3391815,955.3
CST0000696,VHC021,RTE009,2024-04,222607,53525,,2794828,48501,71428,137138,3328027,250761,-3077266,
CST0000697,VHC022,RTE009,2024-04,196901,79740,221205,2975566,50189,71428,144943,3739972,312987,-3426985,976.7
CST0000698,VHC023,RTE001,2024-04,15052,11626,,2734765,111896,535714,257980,3667033,1466619,-2200414,2042.9
CST0000699,VHC024,RTE009,2024-04,16366,9805,104065,2829591,118505,535714,274228,3888274,2298931,-1589343,1835.8
CST0000700,VHC025,RTE015,2024-04,23693,25096,,2887146,112721,535714,169127,3753497,2994346,-759151,1527.1
CST0000701,VHC001,RTE004,2024-05,2439947,125723,136470,2954263,227084,833333,66539,6783359,133273250,126489891,457.6
CST0000702,VHC002,RTE002,2024-05,1275030,133912,,2907712,221718,833333,181286,5552991,86515213,80962222,649.2
CST0000703,VHC003,,2024-05,1110681,138279,,2753605,225850,833333,,5061748,94933651,89871903,666.7
CST0000704,VHC004,RTE004,2024-05,1860406,162589,,2683219,236894,833333,97244,5873685,96159887,90286202,
CST0000705,VHC005,RTE018,2024-05,1541442,90979,129205,2791095,232577,833333,136977,5755608,77985985,72230377,541.2
CST0000706,VHC006,RTE015,2024-05,2705615,319788,69459,2766628,333076,1428571,,7623137,418703880,411080743,350.1
CST0000707,VHC007,RTE004,2024-05,1638394,203665,,2808749,334776,1428571,,6414155,253556092,247141937,590.7
CST0000708,VHC008,,2024-05,1101730,49934,,2855481,337292,1428571,235951,6008959,170345164,164336205,677.8
CST0000709,VHC009,RTE003,2024-05,2379116,168126,176389,2885272,347296,1428571,,7384770,311827770,304443000,391.5
CST0000710,VHC010,,2024-05,1548522,79775,1143884,2843556,338951,1428571,162177,7545436,251051705,243506269,588.2
CST0000711,VHC011,,2024-05,381689,57808,166947,2764223,145182,357142,293201,4166192,8601655,4435463,1181.2
CST0000712,VHC012,RTE018,2024-05,426819,82607,137695,2917191,155259,357142,166983,4243696,7009463,2765767,1090.9
CST0000713,VHC013,RTE002,2024-05,526584,44310,,2697303,143243,357142,,3768582,7521645,3753063,883.4
CST0000714,VHC014,,2024-05,829234,131439,,2931432,147177,357142,218171,4614595,18135767,13521172,590.1
CST0000715,VHC015,RTE003,2024-05,991058,109881,166487,2992608,144494,357142,214477,4976147,14865052,9888905,605.6
CST0000716,VHC016,RTE009,2024-05,2774090,133673,790274,2921657,249504,1011904,,7881102,86880805,78999703,614.9
CST0000717,VHC017,,2024-05,1042414,63820,158046,2812627,248741,1011904,187477,5525029,52393166,46868137,1021.3
CST0000718,VHC018,RTE013,2024-05,1646773,192109,,2940179,266644,1011904,291958,6349567,59051123,52701556,725.3
CST0000719,VHC019,RTE008,2024-05,194887,48564,117443,3068644,48406,71428,,3549372,239942,-3309430,1132.9
CST0000720,VHC020,RTE002,2024-05,177898,37690,,3011693,48584,71428,249818,3597111,315174,-3281937,1336.7
CST0000721,VHC021,RTE010,2024-05,259162,21315,,2739320,51871,71428,,3143096,301950,-2841146,867.1
CST0000722,VHC022,RTE010,2024-05,195384,23304,212462,2726246,50986,71428,51570,3331380,440076,-2891304,913.2
CST0000723,VHC023,RTE017,2024-05,26109,22988,65007,2858874,113161,535714,220326,3842179,2441897,-1400282,1240.6
CST0000724,VHC024,,2024-05,13509,14093,,3061300,118423,535714,129706,3872745,2194645,-1678100,2227.0
CST0000725,VHC025,,2024-05,20767,23722,123446,2661747,116444,535714,,3481840,2270620,-1211220,1624.8
CST0000726,VHC001,,2024-06,1621655,99936,,3030857,231353,833333,241702,6058836,102120293,96061457,
CST0000727,VHC002,RTE009,2024-06,1825181,76669,,2960506,226049,833333,209936,6131674,88504557,82372883,
CST0000728,VHC003,,2024-06,1130071,52441,60894,2724145,242574,833333,,5043458,88997235,83953777,674.0
CST0000729,VHC004,RTE020,2024-06,908341,49128,,2737057,238735,833333,86488,4853082,35592963,30739881,957.6
CST0000730,VHC005,RTE020,2024-06,1284300,59000,103344,2691019,230904,833333,294098,5495998,96664858,91168860,640.3
CST0000731,VHC006,,2024-06,2172661,186791,137892,2911674,334648,1428571,181200,7353437,288923640,281570203,405.1
CST0000732,VHC007,,2024-06,1404004,115162,,2999640,343927,1428571,,6291304,170032229,163740925,651.3
CST0000733,VHC008,RTE019,2024-06,1191791,64919,215638,2776735,359939,1428571,112190,6149783,215387399,209237616,617.7
CST0000734,VHC009,RTE020,2024-06,1928329,338339,82290,2866542,351848,1428571,159550,7155469,375415665,368260196,
CST0000735,VHC010,,2024-06,2290596,362220,,2863026,342715,1428571,145063,7432191,396195337,388763146,377.3
CST0000736,VHC011,,2024-06,493098,23602,180707,2880594,142955,357142,194057,4272155,6524723,2252568,967.9
CST0000737,VHC012,,2024-06,933181,75143,,2912170,154455,357142,144273,4576364,15697519,11121155,555.5
CST0000738,VHC013,RTE016,2024-06,876280,43329,212428,2984933,156219,357142,,4630331,14465214,9834883,673.3
CST0000739,VHC014,RTE008,2024-06,812435,118224,,2749763,150997,357142,79750,4268311,19189457,14921146,575.1
CST0000740,VHC015,,2024-06,815998,134434,62957,2772938,145246,357142,,4288715,10907846,6619131,654.4
CST0000741,VHC016,RTE005,2024-06,1944911,165497,183759,2907835,253225,1011904,89914,6557045,66389713,59832668,753.3
CST0000742,VHC017,RTE018,2024-06,2075348,136743,857342,2886290,259591,1011904,,7227218,64430601,57203383,692.7
CST0000743,VHC018,RTE009,2024-06,1242084,105652,81076,2726829,246235,1011904,,5413780,65852002,60438222,846.3
CST0000744,VHC019,RTE005,2024-06,229367,72539,,2768005,48230,71428,84267,3273836,265137,-3008699,916.5
CST0000745,VHC020,,2024-06,177567,16482,177989,2808466,47624,71428,,3299556,335626,-2963930,1268.1
CST0000746,VHC021,,2024-06,160664,24920,,3047172,47643,71428,,3351827,246226,-3105601,1539.7
CST0000747,VHC022,,2024-06,151655,45953,,2963416,50674,71428,248774,3531900,312472,-3219428,1287.6
CST0000748,VHC023,RTE016,2024-06,16049,40773,,3078535,115709,535714,259273,4046053,2686659,-1359394,1933.1
CST0000749,VHC024,RTE008,2024-06,28193,61650,62362,2812971,118017,535714,190725,3809632,4995965,1186333,954.8
CST0000750,VHC025,RTE014,2024-06,31062,30975,,2702064,116898,535714,,3416713,4370756,954043,969.6
CST0000751,VHC001,,2024-07,1941116,226836,,2751438,225767,833333,98057,6076547,151585875,145509328,471.2
CST0000752,VHC002,RTE003,2024-07,1279642,147332,74332,2760161,232583,833333,,5327383,89386907,84059524,567.5
CST0000753,VHC003,RTE005,2024-07,1131782,63366,160241,2786500,229400,833333,296749,5501371,92670887,87169516,650.4
CST0000754,VHC004,,2024-07,1918674,221966,,2971726,232560,833333,,6178259,137794276,131616017,511.3
CST0000755,VHC005,RTE018,2024-07,1939083,212125,,2934918,240026,833333,189902,6349387,184991882,178642495,434.1
CST0000756,VHC006,RTE010,2024-07,3012470,483639,175206,2681881,334587,1428571,98102,8214456,605585084,597370628,378.5
CST0000757,VHC007,,2024-07,3577085,467894,116856,2787075,335379,1428571,,8712860,420598370,411885510,410.6
CST0000758,VHC008,RTE014,2024-07,2861985,268817,253658,2693413,337863,1428571,84120,7928427,507083917,499155490,384.6
CST0000759,VHC009,RTE016,2024-07,2728019,390598,210507,2970951,340233,1428571,220103,8288982,541699151,533410169,428.1
CST0000760,VHC010,,2024-07,2056976,148786,101809,2851903,343657,1428571,88283,7019985,246369683,239349698,460.2
CST0000761,VHC011,,2024-07,475068,65066,126576,3067308,148158,357142,85942,4325260,8731309,4406049,901.1
CST0000762,VHC012,RTE005,2024-07,835189,121880,,2810558,153473,357142,292985,4571227,19918238,15347011,549.2
CST0000763,VHC013,RTE005,2024-07,517264,85711,201651,3012108,149370,357142,,4323246,9592541,5269295,943.5
CST0000764,VHC014,,2024-07,823262,130600,114647,3020629,144181,357142,266878,4857339,11923564,7066225,572.2
CST0000765,VHC015,RTE004,2024-07,410887,71886,120387,2763548,143220,357142,,3867070,9142165,5275095,1038.1
CST0000766,VHC016,,2024-07,2873768,264991,966593,2735416,267302,1011904,163737,8283711,113030645,104746934,570.6
CST0000767,VHC017,RTE008,2024-07,2381078,63870,127029,2823083,268737,1011904,,6675701,106973113,100297412,494.1
CST0000768,VHC018,RTE007,2024-07,922563,42259,,2818712,258719,1011904,215189,5269346,52995626,47726280,982.5
CST0000769,VHC019,RTE013,2024-07,91990,27810,,2935377,49993,71428,283007,3459605,203100,-3256505,2139.5
CST0000770,VHC020,,2024-07,173944,45086,533376,2806753,48730,71428,,3679317,366127,-3313190,1278.9
CST0000771,VHC021,RTE016,2024-07,114357,20111,68560,2685238,51115,71428,152574,3163383,190819,-2972564,1808.7
CST0000772,VHC022,RTE012,2024-07,165268,59793,1342228,2944622,52425,71428,120146,4755910,266265,-4489645,1409.6
CST0000773,VHC023,RTE015,2024-07,17371,15397,128267,2698124,119815,535714,163678,3678366,2278038,-1400328,1756.6
CST0000774,VHC024,RTE019,2024-07,23277,44184,47972,2664560,118302,535714,217210,3651219,2632346,-1018873,1199.1
CST0000775,VHC025,,2024-07,22066,24989,,2819882,122309,535714,249082,3774042,2028298,-1745744,1631.0
CST0000776,VHC001,,2024-08,952942,86224,72298,2863757,234127,833333,,5042681,74723187,69680506,877.0
CST0000777,VHC002,,2024-08,1055313,135673,111714,2868137,223711,833333,222420,5450301,87084346,81634045,775.2
CST0000778,VHC003,,2024-08,1066411,78118,,3037649,225637,833333,,5241148,71694881,66453733,
CST0000779,VHC004,RTE004,2024-08,1510226,93378,69551,2724550,236709,833333,,5467747,111459268,105991521,633.0
CST0000780,VHC005,RTE006,2024-08,712884,53769,135450,3067315,237053,833333,178533,5218337,49279598,44061261,1068.5
CST0000781,VHC006,RTE006,2024-08,1107370,131449,921311,2945649,351371,1428571,,6885721,252969657,246083936,737.9
CST0000782,VHC007,,2024-08,2335688,263340,,2927481,359449,1428571,116903,7431432,368024310,360592878,458.5
CST0000783,VHC008,RTE014,2024-08,1250731,97957,158770,2859819,339475,1428571,,6135323,188551785,182416462,582.2
CST0000784,VHC009,RTE005,2024-08,1234469,139218,,2891853,361499,1428571,296305,6351915,158665745,152313830,619.8
CST0000785,VHC010,RTE020,2024-08,1848952,311224,178225,3024564,340319,1428571,,7131855,288331249,281199394,444.7
CST0000786,VHC011,,2024-08,358083,42646,233563,2707913,147514,357142,286823,4133684,8329805,4196121,1258.0
CST0000787,VHC012,RTE004,2024-08,664242,41841,,2727635,150656,357142,,3941516,13170085,9228569,
CST0000788,VHC013,RTE005,2024-08,605822,64181,207583,2865317,156581,357142,219832,4476458,6950262,2473804,918.4
CST0000789,VHC014,,2024-08,656154,94794,160801,2903171,149087,357142,,4321149,10496470,6175321,703.2
CST0000790,VHC015,,2024-08,824769,94429,145114,2675454,145639,357142,264743,4507290,11569432,7062142,
CST0000791,VHC016,RTE003,2024-08,1184968,49102,101660,2715524,267623,1011904,111087,5441868,39438140,33996272,1000.9
CST0000792,VHC017,RTE010,2024-08,2116418,153822,,2809178,265825,1011904,94112,6451259,85777175,79325916,591.4
CST0000793,VHC018,RTE001,2024-08,2142736,187646,,2982604,257458,1011904,81882,6664230,70400173,63735943,589.1
CST0000794,VHC019,RTE016,2024-08,88319,31395,,2978700,50603,71428,254505,3474950,233856,-3241094,2464.5
CST0000795,VHC020,,2024-08,113833,22856,97527,2809920,47875,71428,,3163439,276321,-2887118,
CST0000796,VHC021,RTE011,2024-08,193727,38570,516725,2939436,48952,71428,85268,3894106,225047,-3669059,1447.1
CST0000797,VHC022,,2024-08,104035,35088,751104,2972117,47538,71428,101634,4082944,211071,-3871873,2116.6
CST0000798,VHC023,RTE003,2024-08,13318,14141,62852,2931368,121546,535714,181269,3860208,2173053,-1687155,
CST0000799,VHC024,RTE009,2024-08,11241,16429,114013,2833631,113231,535714,269447,3893706,1127283,-2766423,
CST0000800,VHC025,RTE006,2024-08,30911,55452,123753,2692037,117407,535714,75005,3630279,3220654,-409625,1071.5
CST0000801,VHC001,,2024-09,2619586,189157,130907,2958351,229351,833333,79885,7040570,156756430,149715860,520.2
CST0000802,VHC002,RTE011,2024-09,1052749,47511,115458,2955059,232078,833333,251505,5487693,43482323,37994630,913.7
CST0000803,VHC003,RTE015,2024-09,1218194,73078,,2663422,232380,833333,,5020407,64602542,59582135,
CST0000804,VHC004,RTE013,2024-09,2775566,137854,59947,2939498,241983,833333,277042,7265223,151010707,143745484,534.4
CST0000805,VHC005,RTE020,2024-09,1748224,211510,,2702541,223633,833333,,5719241,100852654,95133413,557.6
CST0000806,VHC006,,2024-09,2762705,182115,,2971906,364210,1428571,295660,8005167,523393418,515388251,392.0
CST0000807,VHC007,RTE008,2024-09,2707757,91386,,3036073,342832,1428571,267354,7873973,288752146,280878173,
CST0000808,VHC008,,2024-09,1197217,156117,,2843250,351529,1428571,179739,6156423,184551898,178395475,695.7
CST0000809,VHC009,,2024-09,1295826,91832,,2933673,339277,1428571,189431,6278610,150475785,144197175,665.3
CST0000810,VHC010,RTE001,2024-09,2709662,213339,,2927915,358628,1428571,230122,7868237,479387907,471519670,381.6
CST0000811,VHC011,RTE014,2024-09,942744,140362,,3075097,151869,357142,92750,4759964,13620428,8860464,642.5
CST0000812,VHC012,RTE014,2024-09,1136863,177971,240564,2796299,142913,357142,252942,5104694,19912804,14808110,579.4
CST0000813,VHC013,RTE012,2024-09,1148331,146192,,2862090,144255,357142,280189,4938199,13315181,8376982,624.2
CST0000814,VHC014,RTE009,2024-09,879619,148564,205402,3075838,150961,357142,,4817526,13759474,8941948,682.9
CST0000815,VHC015,RTE016,2024-09,1042465,156572,,2790015,147400,357142,125610,4619204,15333935,10714731,628.5
CST0000816,VHC016,RTE016,2024-09,2346679,202115,176440,2891590,257844,1011904,197177,7083749,81589309,74505560,768.3
CST0000817,VHC017,RTE015,2024-09,2417892,226058,,2702932,263060,1011904,,6621846,105027815,98405969,620.5
CST0000818,VHC018,,2024-09,2619337,76209,97637,2747462,258085,1011904,71639,6882273,94293945,87411672,581.2
CST0000819,VHC019,RTE006,2024-09,227202,30235,,2760477,51732,71428,103546,3244620,320612,-2924008,1044.6
CST0000820,VHC020,,2024-09,207878,57073,109419,3054410,47715,71428,180938,3728861,232882,-3495979,1394.5
CST0000821,VHC021,,2024-09,239438,39252,103590,2933562,47737,71428,58151,3493158,327033,-3166125,1226.5
CST0000822,VHC022,RTE011,2024-09,191720,21511,,2875798,51885,71428,,3212342,244253,-2968089,1055.3
CST0000823,VHC023,RTE007,2024-09,16532,30797,73591,3078721,120662,535714,101556,3957573,2205656,-1751917,2018.1
CST0000824,VHC024,RTE015,2024-09,30592,28666,,2713692,112493,535714,187121,3608278,2876572,-731706,
CST0000825,VHC025,RTE011,2024-09,19051,31888,89230,2677357,121826,535714,,3475066,2312988,-1162078,1767.6
CST0000826,VHC001,RTE005,2024-10,2467377,115346,135342,2911419,235861,833333,102192,6800870,95547282,88746412,515.4
CST0000827,VHC002,RTE017,2024-10,1544038,173967,,2699269,235238,833333,,5485845,76461712,70975867,601.7
CST0000828,VHC003,RTE011,2024-10,886862,80110,135128,2774667,226220,833333,,4936320,53626558,48690238,925.1
CST0000829,VHC004,RTE005,2024-10,2117902,184975,,2900110,240675,833333,185881,6462876,112071420,105608544,601.9
CST0000830,VHC005,RTE006,2024-10,1698004,151536,126996,2724880,236117,833333,251463,6022329,78453513,72431184,584.1
CST0000831,VHC006,RTE006,2024-10,1967018,179972,,2865554,355566,1428571,104338,6901019,430419886,423518867,409.7
CST0000832,VHC007,RTE010,2024-10,2483376,358739,135645,3058505,343816,1428571,139048,7947700,355046510,347098810,453.8
CST0000833,VHC008,RTE017,2024-10,1541177,114006,231247,2709526,349908,1428571,138943,6513378,340716511,334203133,493.5
CST0000834,VHC009,RTE006,2024-10,2239435,275323,231139,2898185,352537,1428571,,7425190,293663791,286238601,392.9
CST0000835,VHC010,RTE005,2024-10,2058728,346061,,2702253,359840,1428571,255057,7150510,461094894,453944384,394.0
CST0000836,VHC011,,2024-10,792504,71120,149672,2829482,146747,357142,,4346667,10875485,6528818,674.3
CST0000837,VHC012,RTE014,2024-10,891641,97627,,2833341,151659,357142,198231,4529641,11752160,7222519,633.3
CST0000838,VHC013,,2024-10,1034088,153563,214456,3020490,155750,357142,,4935489,12668370,7732881,669.3
CST0000839,VHC014,RTE020,2024-10,1028209,163502,80562,2861675,149646,357142,88822,4729558,20046331,15316773,
CST0000840,VHC015,RTE009,2024-10,1074396,119161,66645,2847071,155593,357142,,4620008,15901667,11281659,589.2
CST0000841,VHC016,,2024-10,1591402,45652,,2950427,264569,1011904,214296,6078250,40888283,34810033,939.2
CST0000842,VHC017,RTE004,2024-10,1479561,87702,,3058664,251009,1011904,192277,6081117,62611249,56530132,899.7
CST0000843,VHC018,RTE010,2024-10,2238835,186639,185294,2940933,249204,1011904,280638,7093447,73863526,66770079,
CST0000844,VHC019,,2024-10,216672,41445,58837,2699703,50158,71428,,3138243,386975,-2751268,1023.6
CST0000845,VHC020,RTE009,2024-10,165455,28153,,2888757,47851,71428,,3201644,178202,-3023442,1453.3
CST0000846,VHC021,RTE010,2024-10,176494,10077,,2891026,49566,71428,,3198591,313827,-2884764,1472.0
CST0000847,VHC022,,2024-10,199762,51203,,3048910,50729,71428,181233,3603265,260776,-3342489,1097.6
CST0000848,VHC023,,2024-10,14861,39681,118226,2937947,118085,535714,90400,3854914,1578983,-2275931,2128.6
CST0000849,VHC024,,2024-10,14685,12930,,2757799,116769,535714,283629,3721526,2469756,-1251770,1916.3
CST0000850,VHC025,RTE019,2024-10,21007,44454,119922,2795001,116699,535714,171399,3804196,2404318,-1399878,1708.2
CST0000851,VHC001,RTE019,2024-11,2253351,241338,353088,3447584,230402,833333,,7359096,176078400,168719304,
CST0000852,VHC002,RTE018,2024-11,1868863,133827,124821,3436984,225247,833333,140034,6763109,193138387,186375278,584.1
CST0000853,VHC003,RTE020,2024-11,2079498,64098,119426,3538839,233279,833333,67751,6936224,217601568,210665344,528.4
CST0000854,VHC004,,2024-11,3172682,228663,684661,3456628,225532,833333,240883,8842382,259905947,251063565,524.0
CST0000855,VHC005,RTE008,2024-11,1843955,142457,185694,3806629,227604,833333,125473,7165145,170802817,163637672,610.0
CST0000856,VHC006,,2024-11,1860677,248751,,3913277,366628,1428571,262496,8080400,653642320,645561920,588.8
CST0000857,VHC007,,2024-11,3139080,408843,700556,3586431,345977,1428571,154835,9764293,897453072,887688779,512.1
CST0000858,VHC008,RTE005,2024-11,1768070,144413,96566,3773143,354934,1428571,180414,7746111,370357487,362611376,594.0
CST0000859,VHC009,,2024-11,3096268,320573,586745,3560747,335963,1428571,78581,9407448,551705055,542297607,418.1
CST0000860,VHC010,,2024-11,1760229,70811,,3825531,340702,1428571,151210,7577054,646611195,639034141,567.0
CST0000861,VHC011,,2024-11,928979,124633,1255238,3759071,151536,357142,192465,6769064,22929125,16160061,
CST0000862,VHC012,,2024-11,626416,99088,1184800,3413910,152713,357142,242523,6076592,20776650,14700058,1152.6
CST0000863,VHC013,RTE018,2024-11,1250634,132635,,3907495,151461,357142,273494,6072861,20158467,14085606,649.1
CST0000864,VHC014,RTE004,2024-11,703002,105404,,3811766,154322,357142,,5131636,24566856,19435220,838.2
CST0000865,VHC015,RTE019,2024-11,1069048,79407,182244,3531711,153251,357142,,5372803,25960622,20587819,656.4
CST0000866,VHC016,,2024-11,4946899,181176,482164,3680116,266198,1011904,,10568457,233398962,222830505,
CST0000867,VHC017,RTE001,2024-11,2087420,82109,,3706466,265560,1011904,271657,7425116,132106153,124681037,742.2
CST0000868,VHC018,RTE003,2024-11,2047904,181003,227297,3651822,266963,1011904,,7386893,167505885,160118992,
CST0000869,VHC019,RTE016,2024-11,313503,61533,,3373337,49047,71428,132243,4001091,704818,-3296273,859.7
CST0000870,VHC020,RTE019,2024-11,253571,46936,121278,3843875,51754,71428,160503,4549345,531338,-4018007,
CST0000871,VHC021,,2024-11,184261,15997,519248,3408257,50765,71428,105566,4355522,330701,-4024821,1830.1
CST0000872,VHC022,RTE001,2024-11,244934,87808,,3809055,50413,71428,229221,4492859,842129,-3650730,1063.9
CST0000873,VHC023,RTE007,2024-11,37173,55045,,3456672,119951,535714,145844,4350399,7155809,2805410,
CST0000874,VHC024,,2024-11,22844,25857,140356,3538954,122045,535714,293294,4679064,4971610,292546,
CST0000875,VHC025,RTE004,2024-11,25356,41395,64155,3548604,122480,535714,95844,4433548,3953589,-479959,1577.2
CST0000876,VHC001,RTE012,2024-12,2264740,77566,58566,3400951,229496,833333,160654,7025306,246214389,239189083,547.1
CST0000877,VHC002,RTE013,2024-12,2213198,96810,669718,3500516,241383,833333,279740,7834698,291733828,283899130,
CST0000878,VHC003,RTE020,2024-12,1745514,142081,,3568671,233763,833333,270483,6793845,166084882,159291037,610.1
CST0000879,VHC004,RTE003,2024-12,3551207,125779,,3542207,238823,833333,218745,8510094,243382472,234872378,445.8
CST0000880,VHC005,RTE005,2024-12,1245985,166369,161503,3583520,243634,833333,53043,6287387,110107370,103819983,783.8
CST0000881,VHC006,,2024-12,2643683,288068,795924,3594553,335557,1428571,,9086356,767747257,758660901,414.0
CST0000882,VHC007,RTE020,2024-12,3970248,452867,1013242,3538623,338748,1428571,273274,11015573,1080454454,1069438881,
CST0000883,VHC008,RTE011,2024-12,2040393,222923,249528,3888659,335139,1428571,151998,8317211,714727632,706410421,491.0
CST0000884,VHC009,,2024-12,1836882,229515,,3545740,366990,1428571,56352,7464050,545855473,538391423,496.7
CST0000885,VHC010,,2024-12,2777814,117580,208657,3681738,351644,1428571,72393,8638397,536431467,527793070,
CST0000886,VHC011,RTE020,2024-12,520655,78201,,3613056,148188,357142,95349,4812591,17200072,12387481,1071.8
CST0000887,VHC012,RTE002,2024-12,1549212,188059,124676,3733800,149083,357142,67062,6169034,44197377,38028343,468.2
CST0000888,VHC013,RTE001,2024-12,1488649,219937,183583,3379537,148435,357142,142488,5919771,33655068,27735297,526.0
CST0000889,VHC014,RTE008,2024-12,797187,104068,169636,3425800,153181,357142,,5007014,26553590,21546576,713.7
CST0000890,VHC015,RTE010,2024-12,1112727,88996,,3832391,145567,357142,285133,5821956,28155672,22333716,676.2
CST0000891,VHC016,RTE006,2024-12,3572230,123454,,3395857,260134,1011904,,8363579,242415668,234052089,543.0
CST0000892,VHC017,,2024-12,4617141,475081,,3912444,270680,1011904,225144,10512394,263070526,252558132,470.1
CST0000893,VHC018,,2024-12,1881245,202437,,3832537,264744,1011904,158514,7351381,160324715,152973334,787.6
CST0000894,VHC019,,2024-12,239486,69221,,3396107,49527,71428,223519,4049288,696402,-3352886,1127.0
CST0000895,VHC020,,2024-12,182121,53226,129662,3513118,47609,71428,289055,4286219,448070,-3838149,1667.1
CST0000896,VHC021,,2024-12,323661,35343,718089,3816141,48035,71428,226644,5239341,523891,-4715450,1240.1
CST0000897,VHC022,RTE012,2024-12,255040,68989,203577,3568680,48039,71428,76000,4291753,913168,-3378585,965.7
CST0000898,VHC023,,2024-12,34690,39808,49173,3701358,121381,535714,217030,4699154,8480342,3781188,1081.3
CST0000899,VHC024,RTE009,2024-12,18572,36774,,3546838,117737,535714,286515,4542150,3220436,-1321714,
CST0000900,VHC025,RTE015,2024-12,52271,122026,,3761579,116301,535714,,4587891,10618661,6030770,805.3
