BILL_ID,METER_ID,YEAR_MONTH,USAGE_KWH,PEAK_USAGE_KWH,OFFPEAK_USAGE_KWH,DEMAND_CHARGE_KRW,ENERGY_CHARGE_KRW,FUEL_ADJUSTMENT_KRW,TAX_KRW,TOTAL_BILL_KRW,PAYMENT_DATE,PAYMENT_STATUS
1,MTR001,2022-01,190074.2,109693.7,80380.5,361000000,25867056.0,-1163254.0,38570380.0,424274182.0,2022-01-21,PAID
2,MTR002,2022-01,139869.9,89635.4,50234.5,216600000,19623187.0,-856004.0,23536718.0,258903901.0,2022-01-21,PAID
3,MTR003,2022-01,317391.4,201652.9,115738.5,577600000,44413449.0,-1942435.0,62007101.0,682078115.0,2022-02-08,PAID
4,MTR004,2022-01,32525.1,19694.1,12831.0,36100000,4487270.0,-199054.0,4038822.0,44427038.0,2022-02-12,PAID
5,MTR005,2022-01,346641.1,206508.8,140132.3,433200000,47600409.0,-2121444.0,47867896.0,526546861.0,2022-02-02,PAID
6,MTR006,2022-01,42175.8,25578.8,16597.0,57760000,5821429.0,-258116.0,6332331.0,69655644.0,2022-02-11,PAID
7,MTR007,2022-01,145188.6,86615.6,58573.0,324900000,19945112.0,-888554.0,34395656.0,378352214.0,2022-01-23,PAID
8,MTR008,2022-01,18032.3,10262.6,7769.7,21660000,2444497.0,-110358.0,2399414.0,26393553.0,2022-01-17,PAID
9,MTR009,2022-01,550167.6,320203.1,229964.5,722000000,75049829.0,-3367026.0,79368280.0,873051083.0,2022-02-03,PAID
10,MTR010,2022-01,10130.5,6532.5,3598.0,14440000,1423934.0,-61999.0,1580194.0,17382129.0,2022-02-05,PAID
11,MTR011,2022-01,282571.9,163292.6,119279.3,505400000,38469358.0,-1729340.0,54214002.0,596354020.0,2022-01-23,PAID
12,MTR012,2022-01,26141.3,14466.3,11675.0,28880000,3516623.0,-159985.0,3223664.0,35460302.0,2022-01-19,PAID
13,MTR013,2022-01,143270.0,92911.4,50358.6,252700000,20172612.0,-876812.0,27199580.0,299195380.0,2022-01-20,PAID
14,MTR014,2022-01,27572.8,15683.9,11888.9,43320000,3737272.0,-168746.0,4688853.0,51577379.0,,UNPAID
15,MTR015,2022-01,8136.8,4962.8,3174.0,10830000,1124951.0,-49797.0,1190515.0,13095669.0,2022-02-06,PAID
16,MTR016,2022-01,3301.7,2009.9,1291.8,3610000,456220.0,-20206.0,404601.0,4450615.0,2022-02-14,PAID
17,MTR017,2022-01,508494.7,281947.9,226546.8,866400000,68441042.0,-3111988.0,93172905.0,1024901959.0,2022-01-17,PAID
18,MTR018,2022-01,4899.4,3000.1,1899.3,5776000,678148.0,-29984.0,642416.0,7066580.0,2022-02-03,PAID
19,MTR019,2022-01,1105942.0,704620.8,401321.2,1444000000,154887289.0,-6768365.0,159211892.0,1751330816.0,2022-01-26,PAID
20,MTR020,2022-01,8467.0,5209.2,3257.8,8664000,1173573.0,-51818.0,978576.0,10764331.0,2022-01-24,PAID
21,MTR001,2022-02,277291.8,173621.5,103670.3,361000000,38633615.0,1738620.0,40137224.0,441509459.0,,OVERDUE
22,MTR002,2022-02,149912.9,89865.8,60047.1,216600000,20622607.0,939954.0,23816256.0,261978817.0,2022-02-28,PAID
23,MTR003,2022-02,448472.1,283169.8,165302.3,577600000,62639473.0,2811920.0,64305139.0,707356532.0,2022-02-19,PAID
24,MTR004,2022-02,26867.3,17140.0,9727.3,36100000,3764235.0,168458.0,4003269.0,44035962.0,2022-03-05,PAID
25,MTR005,2022-02,296703.4,178236.3,118467.1,433200000,40840529.0,1860330.0,47590086.0,523490945.0,,UNPAID
26,MTR006,2022-02,50550.0,32505.4,18044.6,57760000,7099256.0,316948.0,6517620.0,71693824.0,2022-03-18,PAID
27,MTR007,2022-02,235131.3,138528.9,96602.4,324900000,32185775.0,1474273.0,35856005.0,394416053.0,2022-03-09,PAID
28,MTR008,2022-02,16314.8,9850.1,6464.7,21660000,2248957.0,102294.0,2401125.0,26412376.0,2022-02-27,PAID
29,MTR009,2022-02,349698.6,198164.8,151533.8,722000000,47349340.0,2192610.0,77154195.0,848696145.0,2022-03-05,PAID
30,MTR010,2022-02,14160.1,8832.6,5327.5,14440000,1970641.0,88784.0,1649942.0,18149367.0,,UNPAID
31,MTR011,2022-02,294466.2,184263.6,110202.6,505400000,41019085.0,1846303.0,54826539.0,603091927.0,2022-02-19,PAID
32,MTR012,2022-02,19538.2,12576.8,6961.4,28880000,2744812.0,122505.0,3174732.0,34922049.0,2022-02-21,PAID
33,MTR013,2022-02,124288.5,68596.8,55691.7,252700000,16707662.0,779289.0,27018695.0,297205646.0,2022-02-22,PAID
34,MTR014,2022-02,38191.2,23502.6,14688.6,43320000,5293909.0,239459.0,4885337.0,53738705.0,2022-03-05,PAID
35,MTR015,2022-02,10033.1,5844.2,4188.9,10830000,1368961.0,62908.0,1226187.0,13488056.0,2022-02-19,PAID
36,MTR016,2022-02,2599.5,1575.3,1024.2,3610000,358721.0,16299.0,398502.0,4383522.0,2022-02-25,PAID
37,MTR017,2022-02,390724.7,238880.7,151844.0,866400000,54057147.0,2449844.0,92290699.0,1015197690.0,2022-03-04,PAID
38,MTR018,2022-02,5292.4,2998.2,2294.2,5776000,716536.0,33183.0,652572.0,7178291.0,2022-03-14,PAID
39,MTR019,2022-02,1214504.8,729123.2,485381.6,1444000000,167143602.0,7614945.0,161875855.0,1780634402.0,2022-02-23,PAID
40,MTR020,2022-02,6173.2,3913.5,2259.7,8664000,863265.0,38706.0,956597.0,10522568.0,,UNPAID
41,MTR001,2022-03,188245.3,109080.8,79164.5,361000000,25647372.0,879106.0,38752648.0,426279126.0,2022-03-22,PAID
42,MTR002,2022-03,132312.0,84119.5,48192.5,216600000,18518463.0,617897.0,23573636.0,259309996.0,2022-04-01,PAID
43,MTR003,2022-03,250426.6,143773.5,106653.1,577600000,34030858.0,1169492.0,61280035.0,674080385.0,2022-04-02,PAID
44,MTR004,2022-03,15845.2,9257.6,6587.6,36100000,2163831.0,73997.0,3833783.0,42171611.0,2022-04-04,PARTIAL
45,MTR005,2022-03,207873.6,132827.5,75046.1,433200000,29138228.0,970770.0,46330900.0,509639898.0,2022-04-10,PAID
46,MTR006,2022-03,28812.1,17907.8,10904.3,57760000,4005501.0,134553.0,6190005.0,68090059.0,,OVERDUE
47,MTR007,2022-03,225232.9,136047.2,89185.7,324900000,31051939.0,1051838.0,35700378.0,392704155.0,2022-04-10,PAID
48,MTR008,2022-03,10556.8,6701.0,3855.8,21660000,1476832.0,49300.0,2318613.0,25504745.0,2022-03-31,PAID
49,MTR009,2022-03,426763.8,235909.2,190854.6,722000000,57392860.0,1992987.0,78138585.0,859524432.0,2022-03-28,PAID
50,MTR010,2022-03,7794.0,4790.9,3003.1,14440000,1080011.0,36398.0,1555641.0,17112050.0,2022-03-31,PAID
51,MTR011,2022-03,221934.4,129427.5,92506.9,505400000,30291786.0,1036434.0,53672822.0,590401042.0,,UNPAID
52,MTR012,2022-03,15679.1,9414.0,6265.1,28880000,2157876.0,73221.0,3111110.0,34222207.0,2022-03-23,PAID
53,MTR013,2022-03,126385.4,77919.2,48466.2,252700000,17528436.0,590220.0,27081866.0,297900522.0,2022-03-24,PAID
54,MTR014,2022-03,28808.8,16978.5,11830.3,43320000,3943843.0,134537.0,4739838.0,52138218.0,2022-04-02,PAID
55,MTR015,2022-03,6532.0,4244.4,2287.6,10830000,920266.0,30504.0,1178077.0,12958847.0,2022-03-26,PAID
56,MTR016,2022-03,1962.1,1139.6,822.5,3610000,267499.0,9163.0,388666.0,4275328.0,2022-03-30,PAID
57,MTR017,2022-03,481317.8,292501.6,188816.2,866400000,66474250.0,2247754.0,93512200.0,1028634204.0,2022-04-01,PAID
58,MTR018,2022-03,2255.5,1359.9,895.6,5776000,310792.0,10533.0,609732.0,6707057.0,2022-03-18,PAID
59,MTR019,2022-03,799069.6,508056.4,291013.2,1444000000,111840543.0,3731655.0,155957220.0,1715529418.0,2022-03-19,PAID
60,MTR020,2022-03,4998.9,3187.2,1811.7,8664000,700247.0,23345.0,938759.0,10326351.0,2022-04-01,PAID
61,MTR001,2022-04,192764.5,107819.2,84945.3,361000000,26006988.0,-1125745.0,38588124.0,424469367.0,2022-05-01,PAID
62,MTR002,2022-04,103732.7,66277.3,37455.4,216600000,14540106.0,-605799.0,23053431.0,253587738.0,2022-05-13,PAID
63,MTR003,2022-04,264399.6,153140.3,111259.3,577600000,36018421.0,-1544094.0,61207433.0,673281760.0,2022-05-10,PAID
64,MTR004,2022-04,25218.3,13870.4,11347.9,36100000,3386840.0,-147275.0,3933956.0,43273521.0,2022-04-28,PAID
65,MTR005,2022-04,223381.4,144734.7,78646.7,433200000,31443867.0,-1304547.0,46333932.0,509673252.0,2022-05-03,PAID
66,MTR006,2022-04,34817.9,21714.5,13103.4,57760000,4845311.0,-203337.0,6240197.0,68642171.0,2022-05-12,PAID
67,MTR007,2022-04,174082.1,98709.3,75372.8,324900000,23574860.0,-1016639.0,34745822.0,382204043.0,2022-04-27,PAID
68,MTR008,2022-04,12676.0,7285.9,5390.1,21660000,1723117.0,-74028.0,2330909.0,25639998.0,2022-05-06,PAID
69,MTR009,2022-04,356553.1,201292.8,155260.3,722000000,48227529.0,-2082270.0,76814526.0,844959785.0,2022-04-21,PAID
70,MTR010,2022-04,7809.9,4716.8,3093.1,14440000,1076679.0,-45610.0,1547107.0,17018176.0,2022-05-04,PAID
71,MTR011,2022-04,237774.0,140247.6,97526.4,505400000,32558194.0,-1388600.0,53656959.0,590226553.0,2022-04-16,PAID
72,MTR012,2022-04,18009.9,11128.4,6881.5,28880000,2499445.0,-105178.0,3127427.0,34401694.0,2022-04-16,PAID
73,MTR013,2022-04,102037.1,62676.2,39360.9,252700000,14136265.0,-595897.0,26624037.0,292864405.0,2022-04-25,PAID
74,MTR014,2022-04,23818.4,13674.4,10144.0,43320000,3236714.0,-139099.0,4641762.0,51059377.0,2022-05-09,PAID
75,MTR015,2022-04,4784.2,2936.2,1848.0,10830000,662641.0,-27940.0,1146470.0,12611171.0,2022-05-05,PAID
76,MTR016,2022-04,1491.7,949.8,541.9,3610000,208873.0,-8712.0,381016.0,4191177.0,,UNPAID
77,MTR017,2022-04,417429.8,246066.2,171363.6,866400000,57148490.0,-2437790.0,92111070.0,1013221770.0,2022-05-13,PAID
78,MTR018,2022-04,3878.4,2426.2,1452.2,5776000,540212.0,-22650.0,629356.0,6922918.0,2022-04-24,PAID
79,MTR019,2022-04,588495.6,345076.5,243419.1,1444000000,80447618.0,-3436814.0,152101080.0,1673111884.0,2022-04-18,PAID
80,MTR020,2022-04,5199.6,3365.6,1834.0,8664000,731690.0,-30366.0,936532.0,10301856.0,2022-04-30,PAID
81,MTR001,2022-05,273293.3,151046.6,122246.7,361000000,36751819.0,2497901.0,40024972.0,440274692.0,2022-06-06,PAID
82,MTR002,2022-05,90304.9,54494.7,35810.2,216600000,12446530.0,825387.0,22987192.0,252859109.0,2022-06-08,PAID
83,MTR003,2022-05,252422.7,161310.8,91111.9,577600000,35383937.0,2307143.0,61529108.0,676820188.0,2022-06-10,PAID
84,MTR004,2022-05,17147.0,10228.5,6918.5,36100000,2355487.0,156724.0,3861221.0,42473432.0,2022-05-21,PAID
85,MTR005,2022-05,293425.8,180001.8,113424.0,433200000,40635847.0,2681912.0,47651776.0,524169535.0,2022-05-20,PAID
86,MTR006,2022-05,35983.0,21282.5,14700.5,57760000,4930979.0,328885.0,6301986.0,69321850.0,2022-06-10,PAID
87,MTR007,2022-05,141414.2,88022.8,53391.4,324900000,19668096.0,1292526.0,34586062.0,380446684.0,2022-06-13,PAID
88,MTR008,2022-05,12088.7,6850.2,5238.5,21660000,1636806.0,110491.0,2340730.0,25748027.0,2022-06-10,PAID
89,MTR009,2022-05,435581.5,273157.9,162423.6,722000000,60715408.0,3981215.0,78669662.0,865366285.0,2022-06-07,PAID
90,MTR010,2022-05,8807.3,5322.8,3484.5,14440000,1214420.0,80499.0,1573492.0,17308411.0,2022-06-01,PAID
91,MTR011,2022-05,299200.4,189765.3,109435.1,505400000,41846149.0,2734692.0,54998084.0,604978925.0,2022-06-05,PAID
92,MTR012,2022-05,13342.1,8609.7,4732.4,28880000,1875766.0,121947.0,3087771.0,33965484.0,2022-05-24,PAID
93,MTR013,2022-05,126366.6,81454.5,44912.1,252700000,17759924.0,1154991.0,27161492.0,298776407.0,2022-05-27,PAID
94,MTR014,2022-05,23468.2,14352.8,9115.4,43320000,3247168.0,214499.0,4678167.0,51459834.0,2022-06-08,PAID
95,MTR015,2022-05,7326.9,4378.6,2948.3,10830000,1007024.0,66968.0,1190399.0,13094391.0,2022-05-28,PAID
96,MTR016,2022-05,1533.5,951.0,582.5,3610000,213049.0,14016.0,383706.0,4220771.0,2022-06-06,PAID
97,MTR017,2022-05,600256.0,380151.3,220104.7,866400000,83915074.0,5486340.0,95580141.0,1051381555.0,2022-06-12,PAID
98,MTR018,2022-05,3620.5,2352.5,1268.0,5776000,510074.0,33091.0,631916.0,6951081.0,2022-06-05,PAID
99,MTR019,2022-05,803041.3,493952.1,309089.2,1444000000,111298886.0,7339797.0,156263868.0,1718902551.0,2022-05-31,PAID
100,MTR020,2022-05,4572.0,2631.0,1941.0,8664000,621702.0,41788.0,932749.0,10260239.0,,UNPAID
101,MTR001,2022-06,226389.6,137454.6,88935.0,361000000,31258184.0,4528.0,39226271.0,431488983.0,2022-07-11,PAID
102,MTR002,2022-06,161342.1,89730.2,71611.9,216600000,21733719.0,3227.0,23833695.0,262170641.0,2022-06-19,PAID
103,MTR003,2022-06,279580.5,181036.6,98543.9,577600000,39347305.0,5592.0,61695290.0,678648187.0,2022-06-20,PAID
104,MTR004,2022-06,29782.4,18196.1,11586.3,36100000,4119618.0,596.0,4022021.0,44242235.0,2022-07-04,PAID
105,MTR005,2022-06,229111.9,142226.8,86885.1,433200000,31839935.0,4582.0,46504452.0,511548969.0,2022-06-29,PAID
106,MTR006,2022-06,61129.4,34689.9,26439.5,57760000,8280215.0,1223.0,6604144.0,72645582.0,2022-06-23,PAID
107,MTR007,2022-06,173960.6,103921.5,70039.1,324900000,23906958.0,3479.0,34881044.0,383691481.0,2022-06-25,PAID
108,MTR008,2022-06,15402.8,9188.1,6214.7,21660000,2115889.0,308.0,2377620.0,26153817.0,2022-06-20,PAID
109,MTR009,2022-06,386140.5,240388.9,145751.6,722000000,53707436.0,7723.0,77571516.0,853286675.0,2022-06-18,PAID
110,MTR010,2022-06,9940.7,6261.9,3678.8,14440000,1387474.0,199.0,1582767.0,17410440.0,2022-06-30,PAID
111,MTR011,2022-06,274298.1,161429.3,112868.8,505400000,37535548.0,5486.0,54294103.0,597235137.0,2022-06-23,PAID
112,MTR012,2022-06,21982.7,12475.2,9507.5,28880000,2977668.0,440.0,3185811.0,35043919.0,2022-06-28,PAID
113,MTR013,2022-06,184865.9,119151.0,65714.9,252700000,25980824.0,3697.0,27868452.0,306552973.0,2022-07-07,PAID
114,MTR014,2022-06,33811.4,21440.0,12371.4,43320000,4728557.0,676.0,4804923.0,52854156.0,,UNPAID
115,MTR015,2022-06,9538.2,5721.0,3817.2,10830000,1312330.0,191.0,1214252.0,13356773.0,2022-06-23,PAID
116,MTR016,2022-06,2770.6,1676.0,1094.6,3610000,382135.0,55.0,399219.0,4391409.0,2022-06-18,PAID
117,MTR017,2022-06,542473.6,338664.2,203809.4,866400000,75514250.0,10849.0,94192510.0,1036117609.0,,UNPAID
118,MTR018,2022-06,5177.7,3145.3,2032.4,5776000,715004.0,104.0,649111.0,7140219.0,2022-06-25,PAID
119,MTR019,2022-06,1068063.0,665356.6,402706.4,1444000000,148583710.0,21361.0,159260507.0,1751865578.0,2022-06-30,PAID
120,MTR020,2022-06,5860.9,3319.3,2541.6,8664000,793442.0,117.0,945756.0,10403315.0,2022-07-03,PAID
121,MTR001,2022-07,250224.5,144460.1,105764.4,361000000,34056368.0,-1686513.0,39336986.0,432706841.0,2022-08-07,PAID
122,MTR002,2022-07,144290.4,87741.7,56548.7,216600000,19931411.0,-972517.0,23555889.0,259114783.0,2022-07-19,PAID
123,MTR003,2022-07,337121.2,189701.2,147420.0,577600000,45558157.0,-2272197.0,62088596.0,682974556.0,2022-07-20,PAID
124,MTR004,2022-07,35387.1,20008.3,15378.8,36100000,4788484.0,-238509.0,4064998.0,44714973.0,2022-07-27,PAID
125,MTR005,2022-07,334382.3,196092.5,138289.8,433200000,45711570.0,-2253737.0,47665783.0,524323616.0,2022-07-20,PAID
126,MTR006,2022-07,67734.2,37685.7,30048.5,57760000,9125208.0,-456529.0,6642868.0,73071547.0,,OVERDUE
127,MTR007,2022-07,183772.0,107276.2,76495.8,324900000,25089885.0,-1238623.0,34875126.0,383626388.0,2022-08-11,PAID
128,MTR008,2022-07,14807.7,9495.6,5312.1,21660000,2077864.0,-99804.0,2363806.0,26001866.0,2022-08-15,PAID
129,MTR009,2022-07,467326.9,287716.4,179610.5,722000000,64787319.0,-3149783.0,78363754.0,862001290.0,2022-07-29,PAID
130,MTR010,2022-07,15900.7,8937.4,6963.3,14440000,2148137.0,-107171.0,1648097.0,18129063.0,,UNPAID
131,MTR011,2022-07,249421.6,161824.0,87597.6,505400000,35123701.0,-1681102.0,53884260.0,592726859.0,2022-07-17,PAID
132,MTR012,2022-07,29677.7,18753.9,10923.8,28880000,4146172.0,-200028.0,3282614.0,36108758.0,2022-08-05,PAID
133,MTR013,2022-07,114749.2,70808.7,43940.5,252700000,15918796.0,-773410.0,26784539.0,294629925.0,2022-08-14,PAID
134,MTR014,2022-07,46880.7,29944.7,16936.0,43320000,6570659.0,-315976.0,4957468.0,54532151.0,2022-07-23,PAID
135,MTR015,2022-07,6786.1,4079.8,2706.3,10830000,934305.0,-45738.0,1171857.0,12890424.0,2022-08-12,PAID
136,MTR016,2022-07,2639.8,1527.3,1112.5,3610000,359502.0,-17792.0,395171.0,4346881.0,,OVERDUE
137,MTR017,2022-07,467440.9,266120.8,201320.1,866400000,63373181.0,-3150552.0,92662263.0,1019284892.0,2022-08-15,PAID
138,MTR018,2022-07,5196.5,3282.5,1914.0,5776000,725902.0,-35024.0,646688.0,7113566.0,2022-07-26,PAID
139,MTR019,2022-07,1415751.0,788842.8,626908.2,1444000000,190807223.0,-9542162.0,162526506.0,1787791567.0,2022-07-20,PAID
140,MTR020,2022-07,6621.7,3771.0,2850.7,8664000,897813.0,-44630.0,951718.0,10468901.0,2022-07-31,PAID
141,MTR001,2022-08,247305.5,150711.6,96593.9,361000000,34182905.0,178060.0,39536096.0,434897061.0,2022-08-28,PAID
142,MTR002,2022-08,100245.2,60969.8,39275.4,216600000,13848036.0,72177.0,23052021.0,253572234.0,2022-08-31,PAID
143,MTR003,2022-08,483159.0,313994.0,169165.0,577600000,68073186.0,347874.0,64602106.0,710623166.0,,UNPAID
144,MTR004,2022-08,37519.7,20931.2,16588.5,36100000,5058390.0,27014.0,4118540.0,45303944.0,2022-09-12,PARTIAL
145,MTR005,2022-08,346342.8,197798.2,148544.6,433200000,46996276.0,249367.0,48044564.0,528490207.0,2022-08-23,PAID
146,MTR006,2022-08,39620.6,25119.3,14501.3,57760000,5540693.0,28527.0,6332922.0,69662142.0,2022-08-25,PAID
147,MTR007,2022-08,229943.3,141001.0,88942.3,324900000,31840509.0,165559.0,35690607.0,392596675.0,,UNPAID
148,MTR008,2022-08,19878.6,11650.0,8228.6,21660000,2717003.0,14313.0,2439132.0,26830448.0,2022-09-08,PAID
149,MTR009,2022-08,405284.9,237620.2,167664.7,722000000,55400853.0,291805.0,77769266.0,855461924.0,2022-08-25,PAID
150,MTR010,2022-08,12137.3,7149.9,4987.4,14440000,1661349.0,8739.0,1611009.0,17721097.0,2022-09-14,PAID
151,MTR011,2022-08,283189.5,161801.7,121387.8,505400000,38431483.0,203896.0,54403538.0,598438917.0,,UNPAID
152,MTR012,2022-08,19734.8,10893.0,8841.8,28880000,2652948.0,14209.0,3154716.0,34701873.0,2022-08-19,PAID
153,MTR013,2022-08,139268.1,78837.3,60430.8,252700000,18851536.0,100273.0,27165181.0,298816990.0,2022-08-26,PAID
154,MTR014,2022-08,50406.6,31699.1,18707.5,43320000,7031987.0,36293.0,5038828.0,55427108.0,2022-09-07,PAID
155,MTR015,2022-08,8763.9,4821.6,3942.3,10830000,1177088.0,6310.0,1201340.0,13214738.0,2022-08-16,PAID
156,MTR016,2022-08,3623.8,2030.8,1593.0,3610000,489165.0,2609.0,410177.0,4511951.0,2022-08-30,PAID
157,MTR017,2022-08,462169.7,296489.3,165680.4,866400000,64860924.0,332762.0,93159369.0,1024753055.0,2022-08-28,PAID
158,MTR018,2022-08,5828.9,3395.5,2433.4,5776000,795335.0,4197.0,657553.0,7233085.0,2022-08-19,PAID
159,MTR019,2022-08,863338.1,518789.0,344549.1,1444000000,118847208.0,621603.0,156346881.0,1719815692.0,2022-08-29,PAID
160,MTR020,2022-08,7167.3,4361.3,2806.0,8664000,990241.0,5160.0,965940.0,10625341.0,2022-09-12,PAID
161,MTR001,2022-09,161510.4,99772.2,61738.2,361000000,22412984.0,-1487511.0,38192547.0,420118020.0,2022-09-28,PAID
162,MTR002,2022-09,102743.3,60232.8,42510.5,216600000,14044208.0,-946266.0,22969794.0,252667736.0,2022-10-10,PAID
163,MTR003,2022-09,304571.0,187562.3,117008.7,577600000,42227070.0,-2805099.0,61702197.0,678724168.0,2022-09-29,PARTIAL
164,MTR004,2022-09,20484.4,12815.5,7668.9,36100000,2853294.0,-188661.0,3876463.0,42641096.0,2022-09-16,PAID
165,MTR005,2022-09,270294.3,161040.4,109253.9,433200000,37117508.0,-2489411.0,46782810.0,514610907.0,2022-10-04,PAID
166,MTR006,2022-09,33354.7,18925.0,14429.7,57760000,4517811.0,-307197.0,6197061.0,68167675.0,2022-09-16,PAID
167,MTR007,2022-09,186078.7,110830.9,75247.8,324900000,25550552.0,-1713785.0,34873677.0,383610444.0,2022-10-13,PAID
168,MTR008,2022-09,12847.5,7678.7,5168.8,21660000,1765849.0,-118325.0,2330752.0,25638276.0,2022-10-15,PAID
169,MTR009,2022-09,456800.5,270794.7,186005.8,722000000,62638899.0,-4207133.0,78043177.0,858474943.0,2022-10-02,PAID
170,MTR010,2022-09,6985.7,4514.6,2471.1,14440000,982562.0,-64338.0,1535822.0,16894046.0,2022-09-29,PAID
171,MTR011,2022-09,248634.3,140963.0,107671.3,505400000,33669719.0,-2289922.0,53677980.0,590457777.0,2022-09-28,PAID
172,MTR012,2022-09,20144.2,11406.0,8738.2,28880000,2726928.0,-185528.0,3142140.0,34563540.0,2022-10-08,PAID
173,MTR013,2022-09,109073.8,67580.2,41493.6,252700000,15149526.0,-1004570.0,26684496.0,293529452.0,2022-10-14,PARTIAL
174,MTR014,2022-09,27638.2,15385.1,12253.1,43320000,3723960.0,-254548.0,4678941.0,51468353.0,,UNPAID
175,MTR015,2022-09,5462.9,3038.3,2424.6,10830000,735892.0,-50313.0,1151558.0,12667137.0,2022-10-14,PAID
176,MTR016,2022-09,1674.3,1081.9,592.4,3610000,235487.0,-15420.0,383007.0,4213074.0,2022-10-13,PAID
177,MTR017,2022-09,518724.1,333705.6,185018.5,866400000,72859531.0,-4777449.0,93448208.0,1027930290.0,2022-10-03,PAID
178,MTR018,2022-09,2657.6,1714.0,943.6,5776000,373569.0,-24476.0,612509.0,6737602.0,,OVERDUE
179,MTR019,2022-09,912242.1,558140.6,354101.5,1444000000,126237005.0,-8401750.0,156183526.0,1718018781.0,2022-09-26,PAID
180,MTR020,2022-09,5374.2,3040.3,2333.9,8664000,727331.0,-49496.0,934184.0,10276019.0,2022-10-08,PAID
181,MTR001,2022-10,236602.0,141612.8,94989.2,361000000,32533441.0,-818643.0,39271480.0,431986278.0,2022-10-30,PAID
182,MTR002,2022-10,143686.7,82709.6,60977.1,216600000,19540130.0,-497156.0,23564297.0,259207271.0,2022-11-12,PAID
183,MTR003,2022-10,339881.7,188601.9,151279.8,577600000,45756132.0,-1175991.0,62218014.0,684398155.0,2022-11-03,PAID
184,MTR004,2022-10,18836.0,11032.7,7803.3,36100000,2574086.0,-65173.0,3860891.0,42469804.0,2022-10-16,PAID
185,MTR005,2022-10,195500.8,126165.2,69335.6,433200000,27485982.0,-676433.0,46000955.0,506010504.0,2022-10-24,PAID
186,MTR006,2022-10,26694.6,16742.1,9952.5,57760000,3721049.0,-92363.0,6138869.0,67527555.0,2022-10-21,PAID
187,MTR007,2022-10,239190.2,151540.9,87649.3,324900000,33442339.0,-827598.0,35751474.0,393266215.0,2022-10-25,PAID
188,MTR008,2022-10,9685.6,5522.3,4163.3,21660000,1313661.0,-33512.0,2294015.0,25234164.0,2022-10-28,PAID
189,MTR009,2022-10,361089.1,234593.8,126495.3,722000000,50869923.0,-1249368.0,77162056.0,848782611.0,,UNPAID
190,MTR010,2022-10,8793.1,5566.8,3226.3,14440000,1229133.0,-30424.0,1563871.0,17202580.0,2022-10-30,PAID
191,MTR011,2022-10,371394.8,212729.4,158665.4,505400000,50436831.0,-1285026.0,55455180.0,610006985.0,2022-11-10,PAID
192,MTR012,2022-10,15466.7,8553.1,6913.6,28880000,2080241.0,-53515.0,3090673.0,33997399.0,,UNPAID
193,MTR013,2022-10,155530.6,90631.5,64899.1,252700000,21223678.0,-538136.0,27338554.0,300724096.0,2022-11-14,PAID
194,MTR014,2022-10,25594.5,15474.5,10120.0,43320000,3529578.0,-88557.0,4676102.0,51437123.0,2022-11-07,PAID
195,MTR015,2022-10,4419.1,2433.2,1985.9,10830000,593663.0,-15290.0,1140837.0,12549210.0,2022-10-21,PAID
196,MTR016,2022-10,1614.8,946.7,668.1,3610000,220733.0,-5587.0,382515.0,4207661.0,2022-11-06,PAID
197,MTR017,2022-10,513670.3,320436.2,193234.1,866400000,71488479.0,-1777299.0,93611118.0,1029722298.0,2022-11-15,PAID
198,MTR018,2022-10,3667.3,2203.8,1463.5,5776000,504846.0,-12689.0,626816.0,6894973.0,,UNPAID
199,MTR019,2022-10,699937.1,440909.7,259027.4,1444000000,97693876.0,-2421782.0,153927209.0,1693199303.0,2022-10-22,PAID
200,MTR020,2022-10,4342.1,2629.4,1712.7,8664000,599066.0,-15024.0,924804.0,10172846.0,2022-11-03,PAID
201,MTR001,2022-11,228651.7,145277.9,83373.8,361000000,31996208.0,-2039573.0,39095664.0,430052299.0,2022-12-08,PAID
202,MTR002,2022-11,119885.0,69602.9,50282.1,216600000,16342521.0,-1069374.0,23187315.0,255060462.0,2022-12-01,PAID
203,MTR003,2022-11,241201.2,139426.4,101774.8,577600000,32839860.0,-2151515.0,60828834.0,669117179.0,2022-12-02,PAID
204,MTR004,2022-11,20667.7,12136.2,8531.5,36100000,2826424.0,-184356.0,3874207.0,42616275.0,2022-11-20,PAID
205,MTR005,2022-11,195421.1,110815.2,84605.9,433200000,26465071.0,-1743156.0,45792192.0,503714107.0,2022-11-26,PAID
206,MTR006,2022-11,27975.4,16184.7,11790.7,57760000,3809779.0,-249541.0,6132024.0,67452262.0,,OVERDUE
207,MTR007,2022-11,235959.6,136773.9,99185.7,324900000,32151118.0,-2104760.0,35494636.0,390440994.0,2022-11-21,PAID
208,MTR008,2022-11,11160.6,6761.6,4399.0,21660000,1540004.0,-99553.0,2310045.0,25410496.0,,UNPAID
209,MTR009,2022-11,321028.3,187595.0,133433.3,722000000,43842043.0,-2863572.0,76297847.0,839276318.0,,UNPAID
210,MTR010,2022-11,7070.6,4461.6,2609.0,14440000,987384.0,-63070.0,1536431.0,16900745.0,2022-12-09,PAID
211,MTR011,2022-11,230302.9,132468.4,97834.5,505400000,31312599.0,-2054302.0,53465830.0,588124127.0,2022-11-25,PAID
212,MTR012,2022-11,17487.9,10072.8,7415.1,28880000,2378619.0,-155992.0,3110263.0,34212890.0,2022-11-18,PAID
213,MTR013,2022-11,104835.9,58435.2,46400.7,252700000,14130641.0,-935136.0,26589550.0,292485055.0,2022-12-12,PAID
214,MTR014,2022-11,16482.6,9962.1,6520.5,43320000,2272793.0,-147025.0,4544577.0,49990345.0,2022-11-25,PAID
215,MTR015,2022-11,4805.7,3023.1,1782.6,10830000,670483.0,-42867.0,1145762.0,12603378.0,2022-11-18,PAID
216,MTR016,2022-11,2157.1,1232.8,924.3,3610000,292761.0,-19241.0,388352.0,4271872.0,2022-12-15,PAID
217,MTR017,2022-11,436970.0,248394.4,188575.6,866400000,59217090.0,-3897772.0,92171932.0,1013891250.0,2022-11-29,PAID
218,MTR018,2022-11,2789.3,1590.0,1199.3,5776000,378291.0,-24881.0,612941.0,6742351.0,2022-12-08,PAID
219,MTR019,2022-11,752419.5,418307.7,334111.8,1444000000,101345419.0,-6711582.0,153863384.0,1692497221.0,2022-12-08,PAID
220,MTR020,2022-11,3710.1,2133.7,1576.4,8664000,504414.0,-33094.0,913532.0,10048852.0,2022-12-16,PAID
221,MTR001,2022-12,244227.3,139893.0,104334.3,361000000,33167213.0,-1355462.0,39281175.0,432092926.0,2023-01-05,PARTIAL
222,MTR002,2022-12,170874.6,95782.1,75092.5,216600000,23067329.0,-948354.0,23871898.0,262590873.0,2023-01-12,PAID
223,MTR003,2022-12,366349.9,206324.4,160025.5,577600000,49519701.0,-2033242.0,62508646.0,687595105.0,2022-12-30,PAID
224,MTR004,2022-12,33933.5,19398.1,14535.4,36100000,4605758.0,-188331.0,4051743.0,44569170.0,2022-12-25,PAID
225,MTR005,2022-12,212259.1,126960.2,85298.9,433200000,29180765.0,-1178038.0,46120273.0,507323000.0,2023-01-07,PAID
226,MTR006,2022-12,44129.2,25360.0,18769.2,57760000,5998422.0,-244917.0,6351350.0,69864855.0,2022-12-31,PAID
227,MTR007,2022-12,255446.5,164711.8,90734.7,324900000,35904736.0,-1417728.0,35938701.0,395325709.0,2022-12-21,PAID
228,MTR008,2022-12,15093.7,9154.7,5939.0,21660000,2083393.0,-83770.0,2365962.0,26025585.0,2023-01-15,PAID
229,MTR009,2022-12,351112.3,227667.8,123444.5,722000000,49435080.0,-1948673.0,76948641.0,846435048.0,2023-01-05,PAID
230,MTR010,2022-12,10937.6,7092.9,3844.7,14440000,1540016.0,-60704.0,1591931.0,17511243.0,2022-12-31,PAID
231,MTR011,2022-12,225398.0,129658.7,95739.3,505400000,30646478.0,-1250959.0,53479552.0,588275071.0,2022-12-18,PAID
232,MTR012,2022-12,18179.4,11551.6,6627.8,28880000,2543987.0,-100896.0,3132309.0,34455400.0,2023-01-05,PAID
233,MTR013,2022-12,143300.7,82927.4,60373.3,252700000,19516677.0,-795319.0,27142136.0,298563494.0,2023-01-13,PAID
234,MTR014,2022-12,41494.0,26008.7,15485.3,43320000,5782986.0,-230292.0,4887269.0,53759963.0,2023-01-03,PAID
235,MTR015,2022-12,9660.8,5387.1,4273.7,10830000,1302307.0,-53617.0,1207869.0,13286559.0,2022-12-23,PAID
236,MTR016,2022-12,3154.8,1989.9,1164.9,3610000,440504.0,-17509.0,403300.0,4436295.0,2023-01-11,PAID
237,MTR017,2022-12,631352.6,380162.1,251190.5,866400000,86963253.0,-3504007.0,94985925.0,1044845171.0,2022-12-25,PAID
238,MTR018,2022-12,5947.9,3628.6,2319.3,5776000,822382.0,-33011.0,656537.0,7221908.0,2023-01-13,PAID
239,MTR019,2022-12,807027.7,467048.5,339979.2,1444000000,109913916.0,-4479004.0,154943491.0,1704378403.0,2022-12-30,PAID
240,MTR020,2022-12,6176.1,3744.6,2431.5,8664000,852401.0,-34277.0,948212.0,10430336.0,,UNPAID
241,MTR001,2023-01,265213.7,171179.5,94034.2,361000000,37288790.0,530427.0,39881922.0,438701139.0,2023-01-21,PAID
242,MTR002,2023-01,97267.9,58641.7,38626.2,216600000,13402606.0,194536.0,23019714.0,253216856.0,2023-02-09,PAID
243,MTR003,2023-01,431489.9,251977.9,179512.0,577600000,58916552.0,862980.0,63737953.0,701117485.0,2023-01-22,PAID
244,MTR004,2023-01,25309.2,15887.6,9421.6,36100000,3528883.0,50618.0,3967950.0,43647451.0,,UNPAID
245,MTR005,2023-01,334264.7,187031.0,147233.7,433200000,45101987.0,668529.0,47897052.0,526867568.0,2023-01-31,PAID
246,MTR006,2023-01,55065.2,33582.3,21482.9,57760000,7612821.0,110130.0,6548295.0,72031246.0,,UNPAID
247,MTR007,2023-01,245252.4,137828.4,107424.0,324900000,33131410.0,490505.0,35852192.0,394374107.0,2023-01-27,PAID
248,MTR008,2023-01,13744.2,8318.7,5425.5,21660000,1895966.0,27488.0,2358345.0,25941799.0,,UNPAID
249,MTR009,2023-01,431433.6,251747.1,179686.5,722000000,58895801.0,862867.0,78175867.0,859934535.0,2023-01-27,PAID
250,MTR010,2023-01,13715.9,8366.4,5349.5,14440000,1896341.0,27432.0,1636377.0,18000150.0,,OVERDUE
251,MTR011,2023-01,253257.0,139374.5,113882.5,505400000,34017903.0,506514.0,53992442.0,593916859.0,2023-02-02,PAID
252,MTR012,2023-01,26292.3,16503.8,9788.5,28880000,3665896.0,52585.0,3259848.0,35858329.0,2023-02-05,PAID
253,MTR013,2023-01,121423.0,68163.1,53259.9,252700000,16398219.0,242846.0,26934106.0,296275171.0,2023-01-18,PAID
254,MTR014,2023-01,44704.7,26061.6,18643.1,43320000,6101126.0,89409.0,4951054.0,54461589.0,2023-02-05,PAID
255,MTR015,2023-01,7840.6,4506.9,3333.7,10830000,1065834.0,15681.0,1191152.0,13102667.0,2023-01-29,PAID
256,MTR016,2023-01,3165.7,1817.3,1348.4,3610000,430180.0,6331.0,404651.0,4451162.0,,UNPAID
257,MTR017,2023-01,675391.8,428027.3,247364.5,866400000,94438198.0,1350784.0,96218898.0,1058407880.0,,UNPAID
258,MTR018,2023-01,5858.7,3734.0,2124.7,5776000,820597.0,11717.0,660831.0,7269145.0,2023-01-18,PAID
259,MTR019,2023-01,787770.0,442139.3,345630.7,1444000000,106382654.0,1575540.0,155195819.0,1707154013.0,,OVERDUE
260,MTR020,2023-01,8819.7,5260.7,3559.0,8664000,1211537.0,17639.0,989318.0,10882494.0,2023-02-13,PAID
261,MTR001,2023-02,226818.1,130042.9,96775.2,361000000,30811005.0,1900736.0,39371174.0,433082915.0,2023-02-16,PAID
262,MTR002,2023-02,117094.1,65678.6,51415.5,216600000,15810009.0,981249.0,23339126.0,256730384.0,2023-03-17,PAID
263,MTR003,2023-02,336974.1,189950.1,147024.0,577600000,45560168.0,2823843.0,62598401.0,688582412.0,2023-02-26,PAID
264,MTR004,2023-02,29856.7,17615.0,12241.7,36100000,4088547.0,250199.0,4043875.0,44482621.0,2023-03-12,PAID
265,MTR005,2023-02,309338.4,193651.9,115686.5,433200000,43096189.0,2592256.0,47888844.0,526777289.0,,OVERDUE
266,MTR006,2023-02,35729.2,21357.2,14372.0,57760000,4911037.0,299411.0,6297045.0,69267493.0,2023-02-22,PAID
267,MTR007,2023-02,236394.2,138187.8,98206.4,324900000,32287026.0,1980983.0,35916801.0,395084810.0,2023-03-06,PAID
268,MTR008,2023-02,17416.0,11247.2,6168.8,21660000,2449083.0,145946.0,2425503.0,26680532.0,2023-02-26,PAID
269,MTR009,2023-02,541892.3,298353.1,243539.2,722000000,72796750.0,4541057.0,79933781.0,879271588.0,2023-03-17,PAID
270,MTR010,2023-02,14938.3,9374.1,5564.2,14440000,2082644.0,125183.0,1664783.0,18312610.0,2023-02-23,PAID
271,MTR011,2023-02,235526.9,136917.3,98609.6,505400000,32118178.0,1973715.0,53949189.0,593441082.0,2023-03-13,PARTIAL
272,MTR012,2023-02,24795.5,14307.3,10488.2,28880000,3374241.0,207786.0,3246203.0,35708230.0,2023-03-08,PAID
273,MTR013,2023-02,152156.9,98432.6,53724.3,252700000,21407928.0,1275075.0,27538300.0,302921303.0,2023-02-25,PAID
274,MTR014,2023-02,36676.2,20596.8,16079.4,43320000,4953656.0,307347.0,4858100.0,53439103.0,2023-03-01,PAID
275,MTR015,2023-02,12293.6,7400.7,4892.9,10830000,1693219.0,103020.0,1262624.0,13888863.0,2023-02-28,PAID
276,MTR016,2023-02,3256.3,1911.7,1344.6,3610000,445290.0,27288.0,408258.0,4490836.0,2023-02-26,PAID
277,MTR017,2023-02,603675.8,364648.2,239027.6,866400000,83227010.0,5058803.0,95468581.0,1050154394.0,2023-02-23,PARTIAL
278,MTR018,2023-02,4645.1,2786.7,1858.4,5776000,639142.0,38926.0,645407.0,7099475.0,2023-03-13,PAID
279,MTR019,2023-02,1314212.2,742113.9,572098.3,1444000000,177772313.0,11013098.0,163278541.0,1796063952.0,2023-03-06,PAID
280,MTR020,2023-02,8265.8,5010.7,3255.1,8664000,1140755.0,69267.0,987402.0,10861424.0,2023-02-24,PAID
281,MTR001,2023-03,244134.3,146120.1,98014.2,361000000,33569088.0,1188934.0,39575802.0,435333824.0,2023-03-29,PAID
282,MTR002,2023-03,138475.9,87200.7,51275.2,216600000,19325884.0,674378.0,23660026.0,260260288.0,2023-04-15,PAID
283,MTR003,2023-03,245009.2,135142.2,109867.0,577600000,32930287.0,1193195.0,61172348.0,672895830.0,2023-04-13,PAID
284,MTR004,2023-03,21877.6,12412.1,9465.5,36100000,2963203.0,106544.0,3916975.0,43086722.0,2023-03-24,PAID
285,MTR005,2023-03,179807.3,106871.5,72935.8,433200000,24674634.0,875662.0,45875030.0,504625326.0,2023-03-25,PAID
286,MTR006,2023-03,23628.6,14496.9,9131.7,57760000,3272398.0,115071.0,6114747.0,67262216.0,2023-03-24,PAID
287,MTR007,2023-03,236849.5,153054.3,83795.2,324900000,33312835.0,1153457.0,35936629.0,395302921.0,2023-04-01,PAID
288,MTR008,2023-03,8348.2,5357.6,2990.6,21660000,1171725.0,40656.0,2287238.0,25159619.0,2023-03-31,PAID
289,MTR009,2023-03,394939.9,227241.8,167698.1,722000000,53702069.0,1923357.0,77762543.0,855387969.0,,UNPAID
290,MTR010,2023-03,5604.4,3434.8,2169.6,14440000,775928.0,27293.0,1524322.0,16767543.0,2023-04-09,PAID
291,MTR011,2023-03,301240.5,176306.1,124934.4,505400000,41157772.0,1467041.0,54802481.0,602827294.0,,UNPAID
292,MTR012,2023-03,20124.6,11128.7,8995.9,28880000,2706705.0,98007.0,3168471.0,34853183.0,2023-03-28,PAID
293,MTR013,2023-03,135470.2,82719.9,52750.3,252700000,18735593.0,659740.0,27209533.0,299304866.0,2023-04-07,PAID
294,MTR014,2023-03,29999.7,17250.0,12749.7,43320000,4078471.0,146099.0,4754457.0,52299027.0,2023-04-01,PAID
295,MTR015,2023-03,6088.2,3928.1,2160.1,10830000,855898.0,29650.0,1171555.0,12887103.0,2023-03-18,PAID
296,MTR016,2023-03,1766.5,1048.3,718.2,3610000,242305.0,8603.0,386091.0,4246999.0,2023-04-06,PAID
297,MTR017,2023-03,479412.1,299066.9,180345.2,866400000,66720801.0,2334737.0,93545554.0,1029001092.0,2023-04-05,PAID
298,MTR018,2023-03,3509.4,2264.7,1244.7,5776000,493391.0,17091.0,628648.0,6915130.0,2023-04-06,PAID
299,MTR019,2023-03,916014.2,557753.8,358260.4,1444000000,126581142.0,4460989.0,157504213.0,1732546344.0,2023-04-10,PAID
300,MTR020,2023-03,5414.5,3152.5,2262.0,8664000,738686.0,26369.0,942906.0,10371961.0,2023-04-14,PAID
301,MTR001,2023-04,215801.4,125309.2,90492.2,361000000,29418944.0,2002637.0,39242158.0,431663739.0,2023-04-22,PAID
302,MTR002,2023-04,95122.1,55911.0,39211.1,216600000,13012092.0,882733.0,23049482.0,253544307.0,2023-04-18,PAID
303,MTR003,2023-04,370339.3,207213.6,163125.7,577600000,49969349.0,3436749.0,63100610.0,694106708.0,2023-05-03,PAID
304,MTR004,2023-04,17865.5,10862.2,7003.3,36100000,2467724.0,165792.0,3873352.0,42606868.0,2023-05-16,PARTIAL
305,MTR005,2023-04,231192.5,133178.5,98014.0,433200000,31446646.0,2145466.0,46679211.0,513471323.0,,UNPAID
306,MTR006,2023-04,40527.3,24215.5,16311.8,57760000,5569898.0,376093.0,6370599.0,70076590.0,2023-04-27,PAID
307,MTR007,2023-04,208341.1,127093.6,81247.5,324900000,28805605.0,1933405.0,35563901.0,391202911.0,2023-04-25,PAID
308,MTR008,2023-04,11992.3,6807.0,5185.3,21660000,1624507.0,111289.0,2339580.0,25735376.0,2023-05-10,PAID
309,MTR009,2023-04,415658.2,233601.2,182057.0,722000000,56152183.0,3857308.0,78200949.0,860210440.0,2023-05-04,PAID
310,MTR010,2023-04,7117.5,4450.8,2666.7,14440000,991268.0,66050.0,1549732.0,17047050.0,2023-04-24,PAID
311,MTR011,2023-04,275553.3,153657.6,121895.7,505400000,37145625.0,2557135.0,54510276.0,599613036.0,2023-05-13,PAID
312,MTR012,2023-04,20153.1,11995.0,8158.1,28880000,2766674.0,187021.0,3183370.0,35017065.0,2023-04-26,PAID
313,MTR013,2023-04,130800.1,80633.8,50166.3,252700000,18140241.0,1213825.0,27205407.0,299259473.0,2023-05-05,PAID
314,MTR014,2023-04,18816.5,12113.5,6703.0,43320000,2643508.0,174617.0,4613812.0,50751937.0,2023-05-04,PAID
315,MTR015,2023-04,7725.2,4696.7,3028.5,10830000,1067052.0,71690.0,1196874.0,13165616.0,2023-05-05,PAID
316,MTR016,2023-04,2159.9,1388.4,771.5,3610000,303305.0,20044.0,393335.0,4326684.0,2023-05-03,PAID
317,MTR017,2023-04,591836.4,381852.9,209983.5,866400000,83202259.0,5492242.0,95509450.0,1050603951.0,2023-05-04,PAID
318,MTR018,2023-04,2695.4,1751.4,944.0,5776000,379742.0,25013.0,618076.0,6798831.0,,UNPAID
319,MTR019,2023-04,865698.6,512226.8,353471.8,1444000000,118645432.0,8033683.0,157067912.0,1727747027.0,2023-05-16,PAID
320,MTR020,2023-04,4321.6,2609.8,1711.8,8664000,595764.0,40104.0,929987.0,10229855.0,2023-04-18,PAID
321,MTR001,2023-05,193494.5,124169.7,69324.8,361000000,27157661.0,487606.0,38864527.0,427509794.0,2023-05-18,PAID
322,MTR002,2023-05,150104.9,85433.1,64671.8,216600000,20348865.0,378264.0,23732713.0,261059842.0,2023-05-23,PAID
323,MTR003,2023-05,260673.0,161955.3,98717.7,577600000,36235004.0,656896.0,61449190.0,675941090.0,2023-05-20,PAID
324,MTR004,2023-05,25368.7,14237.4,11131.3,36100000,3425801.0,63929.0,3958973.0,43548703.0,2023-06-05,PAID
325,MTR005,2023-05,300375.6,169177.2,131198.4,433200000,40602504.0,756947.0,47455945.0,522015396.0,2023-05-28,PAID
326,MTR006,2023-05,34518.8,19932.9,14585.9,57760000,4698414.0,86987.0,6254540.0,68799941.0,2023-05-21,PAID
327,MTR007,2023-05,216862.2,134819.9,82042.3,324900000,30150609.0,546493.0,35559710.0,391156812.0,2023-06-03,PAID
328,MTR008,2023-05,15446.6,8820.5,6626.1,21660000,2095920.0,38925.0,2379484.0,26174329.0,2023-06-10,PAID
329,MTR009,2023-05,440172.6,269371.4,170801.2,722000000,60915427.0,1109235.0,78402466.0,862427128.0,2023-06-04,PAID
330,MTR010,2023-05,9372.0,5290.7,4081.3,14440000,1267642.0,23617.0,1573126.0,17304385.0,2023-05-29,PARTIAL
331,MTR011,2023-05,331241.6,188311.7,142929.9,505400000,44890249.0,834729.0,55112498.0,606237476.0,2023-06-10,PAID
332,MTR012,2023-05,14315.5,9015.8,5299.7,28880000,1997962.0,36075.0,3091404.0,34005441.0,2023-05-29,PAID
333,MTR013,2023-05,172272.9,103793.1,68479.8,252700000,23733089.0,434128.0,27686722.0,304553939.0,2023-05-18,PAID
334,MTR014,2023-05,18593.1,11583.2,7009.9,43320000,2586615.0,46855.0,4595347.0,50548817.0,,UNPAID
335,MTR015,2023-05,7495.3,4498.4,2996.9,10830000,1031434.0,18888.0,1188032.0,13068354.0,2023-05-21,PAID
336,MTR016,2023-05,2349.6,1343.5,1006.1,3610000,318932.0,5921.0,393485.0,4328338.0,2023-06-12,PAID
337,MTR017,2023-05,631169.9,407728.9,223441.0,866400000,88764758.0,1590548.0,95675531.0,1052430837.0,2023-06-14,PAID
338,MTR018,2023-05,2224.7,1379.8,844.9,5776000,309087.0,5606.0,609069.0,6699762.0,,UNPAID
339,MTR019,2023-05,789112.3,497668.8,291443.5,1444000000,110179146.0,1988563.0,155616771.0,1711784480.0,2023-05-18,PAID
340,MTR020,2023-05,5406.9,3007.0,2399.9,8664000,728338.0,13625.0,940596.0,10346559.0,2023-06-11,PAID
341,MTR001,2023-06,223821.3,123233.7,100587.6,361000000,30067912.0,1842049.0,39290996.0,432200957.0,2023-06-20,PAID
342,MTR002,2023-06,173778.5,107511.4,66267.1,216600000,24126045.0,1430197.0,24215624.0,266371866.0,2023-06-24,PAID
343,MTR003,2023-06,387031.5,220710.0,166321.5,577600000,52495947.0,3185269.0,63328122.0,696609338.0,2023-07-03,PAID
344,MTR004,2023-06,38803.4,22729.7,16073.7,36100000,5302893.0,319352.0,4172224.0,45894469.0,2023-06-24,PAID
345,MTR005,2023-06,213865.3,131377.6,82487.7,433200000,29629721.0,1760111.0,46458983.0,511048815.0,2023-07-07,PAID
346,MTR006,2023-06,36449.1,23103.3,13345.8,57760000,5096830.0,299976.0,6315681.0,69472487.0,2023-06-18,PAID
347,MTR007,2023-06,167697.0,103970.9,63726.1,324900000,23296385.0,1380146.0,34957653.0,384534184.0,2023-06-21,PAID
348,MTR008,2023-06,15516.1,9921.3,5594.8,21660000,2175384.0,127698.0,2396308.0,26359390.0,2023-06-28,PAID
349,MTR009,2023-06,571009.3,353481.5,217527.8,722000000,79288690.0,4699407.0,80598810.0,886586907.0,2023-06-20,PAID
350,MTR010,2023-06,13601.8,8662.6,4939.2,14440000,1904708.0,111943.0,1645665.0,18102316.0,2023-07-06,PAID
351,MTR011,2023-06,307431.2,171174.7,136256.5,505400000,41425788.0,2530159.0,54935595.0,604291542.0,2023-07-11,PAID
352,MTR012,2023-06,17672.2,10020.5,7651.7,28880000,2393229.0,145442.0,3141867.0,34560538.0,2023-06-16,PAID
353,MTR013,2023-06,159134.9,93628.1,65506.8,252700000,21774675.0,1309680.0,27578436.0,303362791.0,2023-06-23,PARTIAL
354,MTR014,2023-06,32076.9,18294.5,13782.4,43320000,4350973.0,263993.0,4793497.0,52728463.0,2023-06-17,PAID
355,MTR015,2023-06,9630.5,5787.2,3843.3,10830000,1325744.0,79259.0,1223500.0,13458503.0,2023-06-22,PAID
356,MTR016,2023-06,2666.3,1573.5,1092.8,3610000,365148.0,21944.0,399709.0,4396801.0,2023-06-17,PAID
357,MTR017,2023-06,597429.3,385467.8,211961.5,866400000,83988946.0,4916843.0,95530579.0,1050836368.0,2023-07-15,PAID
358,MTR018,2023-06,4035.4,2315.9,1719.5,5776000,548319.0,33211.0,635753.0,6993283.0,2023-07-06,PAID
359,MTR019,2023-06,906099.0,513588.7,392510.3,1444000000,122694556.0,7457195.0,157415175.0,1731566926.0,2023-07-05,PARTIAL
360,MTR020,2023-06,7538.9,4803.7,2735.2,8664000,1055856.0,62045.0,978190.0,10760091.0,2023-06-29,PAID
361,MTR001,2023-07,240234.1,143734.7,96499.4,361000000,33029432.0,-2832360.0,39119707.0,430316779.0,2023-07-29,PAID
362,MTR002,2023-07,162766.0,101238.7,61527.3,216600000,22632822.0,-1919011.0,23731381.0,261045192.0,2023-08-15,PAID
363,MTR003,2023-07,434544.2,244405.8,190138.4,577600000,58716114.0,-5123276.0,63119284.0,694312122.0,2023-08-07,PAID
364,MTR004,2023-07,38082.5,22017.2,16065.3,36100000,5185220.0,-448993.0,4083623.0,44919850.0,,UNPAID
365,MTR005,2023-07,202226.3,115146.8,87079.5,433200000,27417866.0,-2384248.0,45823362.0,504056980.0,2023-08-12,PAID
366,MTR006,2023-07,39899.5,25416.3,14483.2,57760000,5587627.0,-470415.0,6287721.0,69164933.0,2023-07-22,PAID
367,MTR007,2023-07,209641.6,128889.5,80752.1,324900000,29051584.0,-2471674.0,35147991.0,386627901.0,2023-07-27,PAID
368,MTR008,2023-07,19807.4,11940.8,7866.6,21660000,2729218.0,-233529.0,2415569.0,26571258.0,,UNPAID
369,MTR009,2023-07,336144.3,209032.2,127112.1,722000000,46738267.0,-3963141.0,76477513.0,841252639.0,2023-07-21,PAID
370,MTR010,2023-07,13737.3,7834.5,5902.8,14440000,1863332.0,-161963.0,1614137.0,17755506.0,2023-08-10,PAID
371,MTR011,2023-07,331676.3,198902.7,132773.6,505400000,45631856.0,-3910464.0,54712139.0,601833531.0,2023-07-20,PAID
372,MTR012,2023-07,27411.3,15579.0,11832.3,28880000,3714521.0,-323179.0,3227134.0,35498476.0,2023-07-28,PAID
373,MTR013,2023-07,207039.7,117691.9,89347.8,252700000,28057556.0,-2440998.0,27831656.0,306148214.0,2023-08-13,PAID
374,MTR014,2023-07,35802.8,21233.4,14569.4,43320000,4910079.0,-422115.0,4780796.0,52588760.0,2023-07-27,PAID
375,MTR015,2023-07,9932.4,5723.2,4209.2,10830000,1351106.0,-117103.0,1206400.0,13270403.0,2023-07-29,PAID
376,MTR016,2023-07,3258.9,2088.6,1170.3,3610000,457220.0,-38422.0,402880.0,4431678.0,2023-08-12,PAID
377,MTR017,2023-07,432695.2,245257.4,187437.8,866400000,58591118.0,-5101476.0,91988964.0,1011878606.0,,UNPAID
378,MTR018,2023-07,5664.4,3414.9,2249.5,5776000,780495.0,-66783.0,648971.0,7138683.0,2023-07-25,PARTIAL
379,MTR019,2023-07,1256940.3,757362.3,499578.0,1444000000,173166061.0,-14819326.0,160234674.0,1762581409.0,2023-08-15,PAID
380,MTR020,2023-07,8817.0,5721.6,3095.4,8664000,1241692.0,-103952.0,980174.0,10781914.0,2023-07-20,PAID
381,MTR001,2023-08,289692.9,176029.0,113663.9,361000000,40007818.0,1981499.0,40298932.0,443288249.0,2023-09-10,PAID
382,MTR002,2023-08,156040.9,88181.0,67859.9,216600000,21111954.0,1067320.0,23877927.0,262657201.0,2023-08-22,PAID
383,MTR003,2023-08,446950.1,278281.0,168669.1,577600000,62167656.0,3057139.0,64282480.0,707107275.0,2023-08-16,PAID
384,MTR004,2023-08,24200.9,13356.7,10844.2,36100000,3253230.0,165534.0,3951876.0,43470640.0,2023-08-27,PAID
385,MTR005,2023-08,307423.5,174614.6,132808.9,433200000,41652067.0,2102777.0,47695484.0,524650328.0,2023-08-19,PAID
386,MTR006,2023-08,46527.9,30097.2,16430.7,57760000,6546149.0,318251.0,6462440.0,71086840.0,2023-08-24,PAID
387,MTR007,2023-08,168325.1,99028.5,69296.6,324900000,23031741.0,1151344.0,34908308.0,383991393.0,2023-08-23,PAID
388,MTR008,2023-08,14878.9,9382.8,5496.1,21660000,2077397.0,101772.0,2383917.0,26223086.0,2023-08-19,PAID
389,MTR009,2023-08,545954.9,302154.2,243800.7,722000000,73445757.0,3734332.0,79918009.0,879098098.0,2023-08-26,PAID
390,MTR010,2023-08,10133.7,6396.2,3737.5,14440000,1415252.0,69315.0,1592457.0,17517024.0,2023-09-08,PAID
391,MTR011,2023-08,284277.1,167826.9,116450.2,505400000,38935731.0,1944455.0,54628019.0,600908205.0,2023-08-22,PAID
392,MTR012,2023-08,25213.2,15922.7,9290.5,28880000,3521792.0,172458.0,3257425.0,35831675.0,2023-08-29,PAID
393,MTR013,2023-08,147138.1,81974.0,65164.1,252700000,19829818.0,1006425.0,27353624.0,300889867.0,2023-08-28,PAID
394,MTR014,2023-08,45514.4,25119.6,20394.8,43320000,6118305.0,311318.0,4974962.0,54724585.0,2023-08-20,PAID
395,MTR015,2023-08,10576.9,6382.3,4194.6,10830000,1457768.0,72346.0,1236011.0,13596125.0,2023-09-12,PAID
396,MTR016,2023-08,3454.7,2217.5,1237.2,3610000,484916.0,23630.0,411855.0,4530401.0,2023-09-08,PAID
397,MTR017,2023-08,652342.8,360496.2,291846.6,866400000,87722344.0,4462025.0,95858437.0,1054442806.0,2023-08-17,PAID
398,MTR018,2023-08,4079.6,2344.8,1734.8,5776000,554558.0,27904.0,635846.0,6994308.0,2023-08-29,PAID
399,MTR019,2023-08,1308552.5,785051.0,523501.5,1444000000,180051511.0,8950499.0,163300201.0,1796302211.0,2023-09-09,PAID
400,MTR020,2023-08,5214.5,3245.7,1968.8,8664000,725237.0,35667.0,942490.0,10367394.0,2023-09-15,PAID
401,MTR001,2023-09,193383.8,114214.0,79169.8,361000000,26489736.0,446717.0,38793645.0,426730098.0,2023-10-13,PAID
402,MTR002,2023-09,152250.0,98186.6,54063.4,216600000,21400816.0,351698.0,23835251.0,262187765.0,2023-10-06,PAID
403,MTR003,2023-09,255121.4,143683.9,111437.5,577600000,34485035.0,589330.0,61267436.0,673941801.0,2023-10-10,PAID
404,MTR004,2023-09,27128.8,15155.7,11973.1,36100000,3658899.0,62668.0,3982157.0,43803724.0,2023-10-05,PAID
405,MTR005,2023-09,284365.7,175854.0,108511.7,433200000,39474203.0,656885.0,47333109.0,520664197.0,2023-10-10,PAID
406,MTR006,2023-09,32962.3,20068.6,12893.7,57760000,4554833.0,76143.0,6239098.0,68630074.0,2023-09-17,PAID
407,MTR007,2023-09,197439.8,118571.4,78868.4,324900000,27174813.0,456086.0,35253090.0,387783989.0,2023-10-08,PAID
408,MTR008,2023-09,15527.0,8997.7,6529.3,21660000,2115494.0,35867.0,2381136.0,26192497.0,2023-10-11,PAID
409,MTR009,2023-09,425374.6,274577.8,150796.8,722000000,59808846.0,982615.0,78279146.0,861070607.0,2023-10-09,PAID
410,MTR010,2023-09,5938.6,3644.3,2294.3,14440000,822507.0,13718.0,1527622.0,16803847.0,,UNPAID
411,MTR011,2023-09,352961.8,199984.6,152977.2,505400000,47789240.0,815342.0,55400458.0,609405040.0,2023-09-26,PAID
412,MTR012,2023-09,11664.1,7096.0,4568.1,28880000,1611418.0,26944.0,3051836.0,33570198.0,2023-10-11,PAID
413,MTR013,2023-09,164960.7,93763.2,71197.5,252700000,22354520.0,381059.0,27543558.0,302979137.0,2023-10-02,PAID
414,MTR014,2023-09,21836.4,13546.6,8289.8,43320000,3034043.0,50442.0,4640448.0,51044933.0,2023-09-20,PAID
415,MTR015,2023-09,4657.6,2857.4,1800.2,10830000,645033.0,10759.0,1148579.0,12634371.0,2023-10-06,PAID
416,MTR016,2023-09,2390.0,1493.4,896.6,3610000,332784.0,5521.0,394830.0,4343135.0,2023-09-23,PAID
417,MTR017,2023-09,446541.0,276226.0,170315.0,866400000,61991934.0,1031510.0,92942344.0,1022365788.0,2023-10-13,PAID
418,MTR018,2023-09,2108.2,1186.9,921.3,5776000,284939.0,4870.0,606581.0,6672390.0,2023-10-03,PAID
419,MTR019,2023-09,644899.3,396910.4,247988.9,1444000000,89396218.0,1489717.0,153488594.0,1688374529.0,2023-10-13,PAID
420,MTR020,2023-09,4833.7,3081.1,1752.6,8664000,677055.0,11166.0,935222.0,10287443.0,,UNPAID
421,MTR001,2023-10,197174.4,122692.2,74482.2,361000000,27420776.0,341112.0,38876189.0,427638077.0,2023-11-04,PAID
422,MTR002,2023-10,100138.4,57583.6,42554.8,216600000,13614081.0,173239.0,23038732.0,253426052.0,2023-10-26,PAID
423,MTR003,2023-10,294969.3,175604.9,119364.4,577600000,40496915.0,510297.0,61860721.0,680467933.0,2023-11-05,PAID
424,MTR004,2023-10,16090.4,9432.9,6657.5,36100000,2199431.0,27836.0,3832727.0,42159994.0,2023-10-20,PAID
425,MTR005,2023-10,224222.3,124578.9,99643.4,433200000,30195993.0,387905.0,46378390.0,510162288.0,2023-10-23,PAID
426,MTR006,2023-10,44982.9,26942.5,18040.4,57760000,6186529.0,77820.0,6402435.0,70426784.0,2023-10-17,PAID
427,MTR007,2023-10,149786.8,82497.0,67289.8,324900000,20123908.0,259131.0,34528304.0,379811343.0,2023-11-09,PAID
428,MTR008,2023-10,12405.7,7842.0,4563.7,21660000,1733331.0,21462.0,2341479.0,25756272.0,2023-10-16,PAID
429,MTR009,2023-10,457523.0,271876.0,185647.0,722000000,62781070.0,791515.0,78557258.0,864129843.0,2023-10-16,PAID
430,MTR010,2023-10,6689.6,4034.3,2655.3,14440000,921845.0,11573.0,1537342.0,16910760.0,2023-11-15,PAID
431,MTR011,2023-10,343135.4,210428.3,132707.1,505400000,47515537.0,593624.0,55350916.0,608860077.0,2023-10-22,PAID
432,MTR012,2023-10,15966.9,9173.7,6793.2,28880000,2170220.0,27623.0,3107784.0,34185627.0,2023-10-25,PAID
433,MTR013,2023-10,194059.8,118851.3,75208.5,252700000,26862046.0,335723.0,27989777.0,307887546.0,2023-10-20,PAID
434,MTR014,2023-10,28210.4,15881.0,12329.4,43320000,3812765.0,48804.0,4718157.0,51899726.0,2023-10-16,PAID
435,MTR015,2023-10,6961.1,4422.3,2538.8,10830000,974060.0,12043.0,1181610.0,12997713.0,2023-10-22,PAID
436,MTR016,2023-10,1856.9,1118.7,738.2,3610000,255810.0,3212.0,386902.0,4255924.0,,UNPAID
437,MTR017,2023-10,427300.1,241639.4,185660.7,866400000,57823610.0,739229.0,92496284.0,1017459123.0,2023-11-05,PAID
438,MTR018,2023-10,2922.9,1617.1,1305.8,5776000,393173.0,5057.0,617423.0,6791653.0,2023-11-19,PARTIAL
439,MTR019,2023-10,933451.6,581291.3,352160.3,1444000000,129843483.0,1614871.0,157545835.0,1733004189.0,2023-10-28,PAID
440,MTR020,2023-10,6021.2,3667.9,2353.3,8664000,832159.0,10417.0,950658.0,10457234.0,2023-10-24,PAID
441,MTR001,2023-11,207381.6,131333.7,76047.9,361000000,28991421.0,-1099122.0,38889230.0,427781529.0,,OVERDUE
442,MTR002,2023-11,138859.5,81038.6,57820.9,216600000,18956779.0,-735955.0,23482082.0,258302906.0,2023-11-27,PAID
443,MTR003,2023-11,304136.0,175646.6,128489.4,577600000,41398004.0,-1611921.0,61738608.0,679124691.0,2023-12-09,PAID
444,MTR004,2023-11,26287.2,16385.1,9902.1,36100000,3657562.0,-139322.0,3961824.0,43580064.0,,UNPAID
445,MTR005,2023-11,311091.6,195491.4,115600.2,433200000,43389409.0,-1648785.0,47494062.0,522434686.0,2023-11-23,PAID
446,MTR006,2023-11,22690.6,12620.3,10070.3,57760000,3056619.0,-120260.0,6069636.0,66765995.0,2023-12-02,PAID
447,MTR007,2023-11,171639.0,100977.5,70661.5,324900000,23485137.0,-909687.0,34747545.0,382222995.0,2023-12-16,PAID
448,MTR008,2023-11,11196.8,6494.8,4702.0,21660000,1525943.0,-59343.0,2312660.0,25439260.0,2023-11-30,PAID
449,MTR009,2023-11,518419.1,321430.0,196989.1,722000000,72019452.0,-2747621.0,79127183.0,870399014.0,2023-12-10,PAID
450,MTR010,2023-11,8761.7,5251.7,3510.0,14440000,1205259.0,-46437.0,1559882.0,17158704.0,2023-11-24,PAID
451,MTR011,2023-11,374713.2,224351.9,150361.3,505400000,51529119.0,-1985980.0,55494314.0,610437453.0,2023-12-15,PAID
452,MTR012,2023-11,18097.7,10350.9,7746.8,28880000,2456734.0,-95918.0,3124082.0,34364898.0,2023-12-11,PAID
453,MTR013,2023-11,175517.0,113502.3,62014.7,252700000,24691818.0,-930240.0,27646158.0,304107736.0,2023-12-01,PAID
454,MTR014,2023-11,19948.5,11514.0,8434.5,43320000,2714877.0,-105727.0,4592915.0,50522065.0,2023-12-02,PAID
455,MTR015,2023-11,7125.0,4108.0,3017.0,10830000,969378.0,-37762.0,1176162.0,12937778.0,2023-12-04,PAID
456,MTR016,2023-11,2067.9,1177.7,890.2,3610000,280382.0,-10960.0,387942.0,4267364.0,2023-11-27,PAID
457,MTR017,2023-11,651763.2,421105.7,230657.5,866400000,91665770.0,-3454345.0,95461142.0,1050072567.0,2023-12-16,PAID
458,MTR018,2023-11,2706.2,1595.5,1110.7,5776000,370511.0,-14343.0,613217.0,6745385.0,2023-11-27,PAID
459,MTR019,2023-11,1011665.3,566814.0,444851.3,1444000000,136552923.0,-5361826.0,157519110.0,1732710207.0,2023-12-04,PAID
460,MTR020,2023-11,3556.8,2100.8,1456.0,8664000,487219.0,-18851.0,913237.0,10045605.0,2023-11-17,PAID
461,MTR001,2023-12,226831.4,133356.3,93475.1,361000000,31030993.0,-281271.0,39174972.0,430924694.0,2023-12-17,PAID
462,MTR002,2023-12,117740.0,67112.4,50627.6,216600000,15967938.0,-145998.0,23242194.0,255664134.0,2023-12-21,PAID
463,MTR003,2023-12,293970.8,161800.9,132169.9,577600000,39487998.0,-364524.0,61672347.0,678395821.0,2024-01-05,PAID
464,MTR004,2023-12,31996.6,20609.8,11386.8,36100000,4495914.0,-39676.0,4055624.0,44611862.0,2024-01-03,PAID
465,MTR005,2023-12,326834.9,191535.6,135299.3,433200000,44671170.0,-405275.0,47746590.0,525212485.0,2024-01-14,PAID
466,MTR006,2023-12,37293.8,22526.0,14767.8,57760000,5141508.0,-46244.0,6285526.0,69140790.0,2024-01-02,PAID
467,MTR007,2023-12,150818.4,90146.2,60672.2,324900000,20729852.0,-187015.0,34544284.0,379987121.0,2023-12-16,PAID
468,MTR008,2023-12,14829.3,9588.7,5240.6,21660000,2086126.0,-18388.0,2372774.0,26100512.0,2023-12-30,PAID
469,MTR009,2023-12,373323.6,217431.1,155892.5,722000000,50936165.0,-462921.0,77247324.0,849720568.0,2023-12-29,PAID
470,MTR010,2023-12,10338.0,6275.0,4063.0,14440000,1427274.0,-12819.0,1585446.0,17439901.0,2024-01-08,PAID
471,MTR011,2023-12,340522.9,216379.7,124143.2,505400000,47652304.0,-422248.0,55263006.0,607893062.0,2024-01-01,PAID
472,MTR012,2023-12,17653.8,11176.0,6477.8,28880000,2467688.0,-21891.0,3132580.0,34458377.0,2023-12-17,PAID
473,MTR013,2023-12,164324.9,99625.2,64699.7,252700000,22679103.0,-203763.0,27517534.0,302692874.0,2024-01-06,PAID
474,MTR014,2023-12,36876.8,23933.2,12943.6,43320000,5193518.0,-45727.0,4846779.0,53314570.0,2024-01-15,PARTIAL
475,MTR015,2023-12,9816.2,5635.8,4180.4,10830000,1333950.0,-12172.0,1215178.0,13366956.0,2024-01-14,PAID
476,MTR016,2023-12,2899.4,1658.4,1241.0,3610000,393596.0,-3595.0,400000.0,4400001.0,2024-01-12,PAID
477,MTR017,2023-12,661617.8,374814.6,286803.2,866400000,89576308.0,-820406.0,95515590.0,1050671492.0,2023-12-17,PAID
478,MTR018,2023-12,5202.1,3256.3,1945.8,5776000,724722.0,-6451.0,649427.0,7143698.0,2024-01-12,PAID
479,MTR019,2023-12,901946.9,505003.4,396943.5,1444000000,121721021.0,-1118414.0,156460261.0,1721062868.0,2023-12-20,PAID
480,MTR020,2023-12,9162.6,5253.8,3908.8,8664000,1244686.0,-11362.0,989732.0,10887056.0,2023-12-26,PAID
481,MTR001,2024-01,194982.8,109719.3,85263.5,361000000,26349788.0,1883534.0,38923332.0,428156654.0,,OVERDUE
482,MTR002,2024-01,163615.6,92550.4,71065.2,216600000,22142655.0,1580527.0,24032318.0,264355500.0,2024-02-08,PAID
483,MTR003,2024-01,384135.7,240778.8,143356.9,577600000,53536699.0,3710751.0,63484745.0,698332195.0,2024-02-06,PAID
484,MTR004,2024-01,30184.7,18408.2,11776.5,36100000,4173042.0,291584.0,4056463.0,44621089.0,2024-02-11,PAID
485,MTR005,2024-01,215009.4,139225.3,75784.1,433200000,30259791.0,2076991.0,46553678.0,512090460.0,,UNPAID
486,MTR006,2024-01,63987.9,36244.7,27743.2,57760000,8662964.0,618123.0,6704109.0,73745196.0,2024-02-07,PAID
487,MTR007,2024-01,198254.5,124479.8,73774.7,324900000,27644608.0,1915138.0,35445975.0,389905721.0,2024-01-29,PAID
488,MTR008,2024-01,13689.1,7712.2,5976.9,21660000,1850537.0,132237.0,2364277.0,26007051.0,2024-02-14,PAID
489,MTR009,2024-01,481913.0,312210.1,169702.9,722000000,67833341.0,4655280.0,79448862.0,873937483.0,,UNPAID
490,MTR010,2024-01,11742.0,7261.1,4480.9,14440000,1629949.0,113428.0,1618338.0,17801715.0,2024-01-21,PAID
491,MTR011,2024-01,301457.2,174664.0,126793.2,505400000,41070630.0,2912077.0,54938271.0,604320978.0,2024-01-20,PAID
492,MTR012,2024-01,27317.2,16631.6,10685.6,28880000,3774771.0,263884.0,3291866.0,36210521.0,2024-02-04,PARTIAL
493,MTR013,2024-01,132694.9,83974.8,48720.1,252700000,18546437.0,1281833.0,27252827.0,299781097.0,2024-01-23,PAID
494,MTR014,2024-01,32014.7,20761.2,11253.5,43320000,4507680.0,309262.0,4813694.0,52950636.0,2024-01-29,PAID
495,MTR015,2024-01,9129.8,5053.4,4076.4,10830000,1228245.0,88194.0,1214644.0,13361083.0,2024-01-24,PAID
496,MTR016,2024-01,3333.5,1845.1,1488.4,3610000,448460.0,32202.0,409066.0,4499728.0,2024-02-04,PAID
497,MTR017,2024-01,454134.1,289527.8,164606.3,866400000,63613977.0,4386935.0,93440091.0,1027841003.0,2024-01-20,PAID
498,MTR018,2024-01,3662.9,2078.6,1584.3,5776000,496152.0,35384.0,630754.0,6938290.0,2024-01-29,PAID
499,MTR019,2024-01,1117686.2,708673.7,409012.5,1444000000,156305712.0,10796849.0,161110256.0,1772212817.0,2024-01-24,PAID
500,MTR020,2024-01,8870.4,5005.8,3864.6,8664000,1199682.0,85688.0,994937.0,10944307.0,2024-01-31,PAID
501,MTR001,2024-02,235771.5,142200.0,93571.5,361000000,32490807.0,-398454.0,39309235.0,432401588.0,2024-02-23,PAID
502,MTR002,2024-02,118413.0,70422.7,47990.3,216600000,16252372.0,-200118.0,23265225.0,255917479.0,2024-03-08,PAID
503,MTR003,2024-02,292043.1,174915.1,117128.0,577600000,40164620.0,-493553.0,61727107.0,678998174.0,2024-02-29,PAID
504,MTR004,2024-02,36374.0,21139.7,15234.3,36100000,4959872.0,-61472.0,4099840.0,45098240.0,2024-02-17,PAID
505,MTR005,2024-02,293815.1,186742.5,107072.6,433200000,41118885.0,-496548.0,47382234.0,521204571.0,2024-03-03,PAID
506,MTR006,2024-02,49539.8,29390.2,20149.6,57760000,6794654.0,-83722.0,6447093.0,70918025.0,2024-02-23,PAID
507,MTR007,2024-02,164028.7,105370.1,58658.6,324900000,23029239.0,-277209.0,34765203.0,382417233.0,2024-03-05,PAID
508,MTR008,2024-02,18906.3,10581.4,8324.9,21660000,2551190.0,-31952.0,2417924.0,26597162.0,2024-03-03,PAID
509,MTR009,2024-02,356754.7,217514.1,139240.6,722000000,49317891.0,-602915.0,77071498.0,847786474.0,2024-02-24,PAID
510,MTR010,2024-02,11225.4,6868.9,4356.5,14440000,1553437.0,-18971.0,1597447.0,17571913.0,2024-02-16,PAID
511,MTR011,2024-02,245183.5,154602.1,90581.4,505400000,34231722.0,-414360.0,53921736.0,593139098.0,2024-03-02,PAID
512,MTR012,2024-02,25438.4,14059.7,11378.7,28880000,3420903.0,-42991.0,3225791.0,35483703.0,2024-03-02,PAID
513,MTR013,2024-02,144969.8,81886.8,63083.0,252700000,19611569.0,-244999.0,27206657.0,299273227.0,2024-02-24,PAID
514,MTR014,2024-02,39041.3,24998.4,14042.9,43320000,5475942.0,-65980.0,4872996.0,53602958.0,2024-03-07,PAID
515,MTR015,2024-02,11101.7,6485.3,4616.4,10830000,1515996.0,-18762.0,1232723.0,13559957.0,2024-03-01,PAID
516,MTR016,2024-02,2972.1,1757.8,1214.3,3610000,407281.0,-5023.0,401226.0,4413484.0,2024-02-16,PAID
517,MTR017,2024-02,472126.6,301215.1,170911.5,866400000,66148603.0,-797894.0,93175071.0,1024925780.0,2024-02-18,PAID
518,MTR018,2024-02,4548.0,2807.0,1741.0,5776000,630966.0,-7686.0,639928.0,7039208.0,2024-03-11,PAID
519,MTR019,2024-02,817259.2,521468.8,295790.4,1444000000,114508342.0,-1381168.0,155712717.0,1712839891.0,2024-03-13,PAID
520,MTR020,2024-02,7161.4,4627.5,2533.9,8664000,1007232.0,-12103.0,965913.0,10625042.0,2024-02-20,PAID
521,MTR001,2024-03,228350.9,133596.2,94754.7,361000000,31195737.0,-2826984.0,38936875.0,428305628.0,,UNPAID
522,MTR002,2024-03,141875.2,79011.9,62863.3,216600000,19118555.0,-1756415.0,23396214.0,257358354.0,2024-03-23,PAID
523,MTR003,2024-03,279612.7,174140.3,105472.4,577600000,38895304.0,-3461605.0,61303370.0,674337069.0,2024-04-14,PAID
524,MTR004,2024-03,25391.4,16201.8,9189.6,36100000,3557676.0,-314346.0,3934333.0,43277663.0,2024-03-22,PAID
525,MTR005,2024-03,278361.2,170871.8,107489.4,433200000,38556936.0,-3446112.0,46831082.0,515141906.0,2024-04-09,PAID
526,MTR006,2024-03,35679.3,21622.2,14057.1,57760000,4923637.0,-441710.0,6224193.0,68466120.0,2024-04-04,PAID
527,MTR007,2024-03,139667.2,85209.4,54457.8,324900000,19311206.0,-1729080.0,34248213.0,376730339.0,2024-04-08,PAID
528,MTR008,2024-03,11427.5,7288.6,4138.9,21660000,1600943.0,-141472.0,2311947.0,25431418.0,2024-04-03,PAID
529,MTR009,2024-03,433046.3,251977.7,181068.6,722000000,59069066.0,-5361113.0,77570795.0,853278748.0,2024-03-22,PAID
530,MTR010,2024-03,5854.8,3340.4,2514.4,14440000,794237.0,-72482.0,1516176.0,16677931.0,2024-03-22,PAID
531,MTR011,2024-03,294278.1,164995.6,129282.5,505400000,39728963.0,-3643163.0,54148580.0,595634380.0,2024-04-03,PAID
532,MTR012,2024-03,17530.8,9717.1,7813.7,28880000,2359347.0,-217031.0,3102232.0,34124548.0,2024-03-22,PAID
533,MTR013,2024-03,151103.6,84950.1,66153.5,252700000,20414859.0,-1870663.0,27124420.0,298368616.0,2024-04-12,PAID
534,MTR014,2024-03,21818.3,12408.4,9409.9,43320000,2957148.0,-270111.0,4600704.0,50607741.0,2024-04-02,PAID
535,MTR015,2024-03,4836.4,2736.5,2099.9,10830000,654576.0,-59875.0,1142470.0,12567171.0,,UNPAID
536,MTR016,2024-03,2041.1,1280.2,760.9,3610000,284521.0,-25269.0,386925.0,4256177.0,2024-04-03,PAID
537,MTR017,2024-03,451396.1,278926.9,172469.2,866400000,62645993.0,-5588284.0,92345771.0,1015803480.0,2024-03-23,PAID
538,MTR018,2024-03,2936.6,1755.0,1181.6,5776000,403617.0,-36355.0,614326.0,6757588.0,2024-03-22,PAID
539,MTR019,2024-03,776489.4,453034.9,323454.5,1444000000,105996265.0,-9612939.0,154038333.0,1694421659.0,2024-04-11,PAID
540,MTR020,2024-03,5487.4,3383.4,2104.0,8664000,761070.0,-67934.0,935714.0,10292850.0,2024-04-12,PAID
541,MTR001,2024-04,162237.7,101612.8,60624.9,361000000,22605739.0,4867.0,38361061.0,421971667.0,2024-04-27,PAID
542,MTR002,2024-04,112758.4,63635.4,49123.0,216600000,15250260.0,3383.0,23185364.0,255039007.0,2024-04-19,PAID
543,MTR003,2024-04,380287.7,227133.0,153154.7,577600000,52258973.0,11409.0,62987038.0,692857420.0,2024-05-04,PAID
544,MTR004,2024-04,14999.2,9565.2,5434.0,36100000,2101225.0,450.0,3820168.0,42021843.0,2024-05-02,PAID
545,MTR005,2024-04,266336.3,157993.3,108343.0,433200000,36528515.0,7990.0,46973650.0,516710155.0,,UNPAID
546,MTR006,2024-04,30590.4,18517.8,12072.6,57760000,4220034.0,918.0,6198095.0,68179047.0,2024-04-21,PAID
547,MTR007,2024-04,177639.2,111554.7,66084.5,324900000,24771252.0,5329.0,34967658.0,384644239.0,2024-04-21,PAID
548,MTR008,2024-04,11094.0,7095.8,3998.2,21660000,1555535.0,333.0,2321587.0,25537455.0,2024-05-10,PAID
549,MTR009,2024-04,430697.6,254730.0,175967.6,722000000,59020545.0,12921.0,78103347.0,859136813.0,2024-04-18,PAID
550,MTR010,2024-04,9655.2,5530.1,4125.1,14440000,1311196.0,290.0,1575149.0,17326635.0,2024-04-30,PAID
551,MTR011,2024-04,294868.6,173436.4,121432.2,505400000,40343925.0,8846.0,54575277.0,600328048.0,2024-04-20,PAID
552,MTR012,2024-04,14774.7,8626.4,6148.3,28880000,2017263.0,443.0,3089771.0,33987477.0,2024-04-16,PAID
553,MTR013,2024-04,151751.4,84047.7,67703.7,252700000,20418785.0,4553.0,27312334.0,300435672.0,2024-05-08,PAID
554,MTR014,2024-04,20195.4,11300.5,8894.9,43320000,2724982.0,606.0,4604559.0,50650147.0,,UNPAID
555,MTR015,2024-04,7097.5,4223.7,2873.8,10830000,974319.0,213.0,1180453.0,12984985.0,2024-05-01,PAID
556,MTR016,2024-04,2093.9,1156.6,937.3,3610000,281538.0,63.0,389160.0,4280761.0,2024-04-17,PAID
557,MTR017,2024-04,499560.5,285302.4,214258.1,866400000,67786887.0,14987.0,93420187.0,1027622061.0,2024-04-23,PAID
558,MTR018,2024-04,2895.6,1689.0,1206.6,5776000,395243.0,87.0,617133.0,6788463.0,2024-04-30,PAID
559,MTR019,2024-04,748523.4,428287.0,320236.4,1444000000,101622235.0,22456.0,154564469.0,1700209160.0,2024-04-29,PAID
560,MTR020,2024-04,3780.3,2208.2,1572.1,8664000,516211.0,113.0,918032.0,10098356.0,2024-04-26,PAID
561,MTR001,2024-05,172794.3,111396.9,61397.4,361000000,24286037.0,-1062685.0,38422335.0,422645687.0,2024-05-31,PARTIAL
562,MTR002,2024-05,126004.4,75212.7,50791.7,216600000,17312469.0,-774927.0,23313754.0,256451296.0,2024-06-02,PAID
563,MTR003,2024-05,320504.9,194725.7,125779.2,577600000,44261376.0,-1971105.0,61989027.0,681879298.0,2024-05-27,PAID
564,MTR004,2024-05,17576.8,9980.9,7595.9,36100000,2381266.0,-108097.0,3837317.0,42210486.0,2024-06-01,PAID
565,MTR005,2024-05,204055.7,118316.0,85739.7,433200000,27806315.0,-1254943.0,45975137.0,505726509.0,2024-05-28,PAID
566,MTR006,2024-05,26899.2,15236.2,11663.0,57760000,3641711.0,-165430.0,6123628.0,67359909.0,,UNPAID
567,MTR007,2024-05,228050.4,139456.4,88594.0,324900000,31553062.0,-1402510.0,35505055.0,390555607.0,2024-06-10,PAID
568,MTR008,2024-05,13288.5,7939.4,5349.1,21660000,1826273.0,-81724.0,2340455.0,25745004.0,2024-05-18,PAID
569,MTR009,2024-05,316836.9,175450.9,141386.0,722000000,42629776.0,-1948547.0,76268123.0,838949352.0,2024-06-08,PAID
570,MTR010,2024-05,7255.0,4474.1,2780.9,14440000,1006281.0,-44618.0,1540166.0,16941829.0,2024-06-14,PAID
571,MTR011,2024-05,244552.9,139491.9,105061.0,505400000,33172650.0,-1504000.0,53706865.0,590775515.0,,OVERDUE
572,MTR012,2024-05,16309.5,9298.1,7011.4,28880000,2212006.0,-100303.0,3099170.0,34090873.0,2024-05-19,PAID
573,MTR013,2024-05,148498.1,94620.3,53877.8,252700000,20797754.0,-913263.0,27258449.0,299842940.0,2024-06-13,PAID
574,MTR014,2024-05,21624.0,12103.5,9520.5,43320000,2917983.0,-132988.0,4610500.0,50715495.0,2024-05-30,PARTIAL
575,MTR015,2024-05,4173.9,2554.8,1619.1,10830000,577659.0,-25669.0,1138199.0,12520189.0,2024-06-09,PAID
576,MTR016,2024-05,2394.3,1380.4,1013.9,3610000,325748.0,-14725.0,392102.0,4313125.0,2024-05-26,PAID
577,MTR017,2024-05,585158.2,363704.0,221454.2,866400000,81349968.0,-3598723.0,94415124.0,1038566369.0,2024-06-06,PAID
578,MTR018,2024-05,4388.7,2699.7,1689.0,5776000,608273.0,-26991.0,635728.0,6993010.0,2024-05-27,PAID
579,MTR019,2024-05,1031620.3,617833.8,413786.5,1444000000,141875820.0,-6344465.0,157953136.0,1737484491.0,2024-06-12,PAID
580,MTR020,2024-05,3933.5,2267.5,1666.0,8664000,535138.0,-24191.0,917495.0,10092442.0,2024-06-02,PAID
581,MTR001,2024-06,272017.4,151604.9,120412.5,361000000,36663629.0,1137033.0,39880066.0,438680728.0,2024-06-26,PAID
582,MTR002,2024-06,133654.5,82903.6,50750.9,216600000,18569779.0,558676.0,23572846.0,259301301.0,2024-06-17,PAID
583,MTR003,2024-06,289858.9,161675.9,128183.0,577600000,39076782.0,1211610.0,61788839.0,679677231.0,2024-06-25,PAID
584,MTR004,2024-06,35835.7,20221.3,15614.4,36100000,4846504.0,149793.0,4109630.0,45205927.0,2024-06-20,PAID
585,MTR005,2024-06,311420.4,195396.1,116024.3,433200000,43415342.0,1301737.0,47791708.0,525708787.0,2024-07-14,PAID
586,MTR006,2024-06,53538.9,30547.6,22991.3,57760000,7262954.0,223793.0,6524675.0,71771422.0,2024-06-28,PAID
587,MTR007,2024-06,260997.2,158781.8,102215.4,324900000,36057324.0,1090968.0,36204829.0,398253121.0,2024-07-08,PAID
588,MTR008,2024-06,20958.1,12275.9,8682.2,21660000,2864103.0,87605.0,2461171.0,27072879.0,2024-07-05,PAID
589,MTR009,2024-06,342442.5,204191.5,138251.0,722000000,47036004.0,1431410.0,77046741.0,847514155.0,2024-06-25,PAID
590,MTR010,2024-06,9095.4,5791.9,3303.5,14440000,1273615.0,38019.0,1575163.0,17326797.0,,UNPAID
591,MTR011,2024-06,396843.7,257262.0,139581.7,505400000,55869975.0,1658807.0,56292878.0,619221660.0,2024-07-09,PAID
592,MTR012,2024-06,25232.3,16151.3,9081.0,28880000,3538751.0,105471.0,3252422.0,35776644.0,2024-07-11,PAID
593,MTR013,2024-06,164009.2,96555.6,67453.6,252700000,22445571.0,685558.0,27583113.0,303414242.0,2024-07-06,PAID
594,MTR014,2024-06,47541.2,29189.8,18351.4,43320000,6585564.0,198722.0,5010429.0,55114715.0,2024-07-02,PAID
595,MTR015,2024-06,9520.3,5521.6,3998.7,10830000,1297415.0,39795.0,1216721.0,13383931.0,2024-06-29,PAID
596,MTR016,2024-06,3192.3,1855.0,1337.3,3610000,435275.0,13344.0,405862.0,4464481.0,,OVERDUE
597,MTR017,2024-06,627192.2,389061.8,238130.4,866400000,87142914.0,2621663.0,95616458.0,1051781035.0,2024-06-28,PAID
598,MTR018,2024-06,4164.5,2405.6,1758.9,5776000,566891.0,17408.0,636030.0,6996329.0,2024-06-17,PAID
599,MTR019,2024-06,1209675.7,729333.1,480342.6,1444000000,166684203.0,5056444.0,161574065.0,1777314712.0,2024-06-27,PAID
600,MTR020,2024-06,5630.5,3372.8,2257.7,8664000,774394.0,23535.0,946193.0,10408122.0,2024-06-17,PAID
601,MTR001,2024-07,261182.7,168739.5,92443.2,361000000,36732712.0,1222335.0,39895505.0,438850552.0,2024-07-24,PAID
602,MTR002,2024-07,100898.7,64158.7,36740.0,216600000,14122547.0,472206.0,23119475.0,254314228.0,,UNPAID
603,MTR003,2024-07,265016.0,161647.2,103368.8,577600000,36640283.0,1240275.0,61548056.0,677028614.0,2024-08-01,PAID
604,MTR004,2024-07,39725.4,23847.3,15878.1,36100000,5467011.0,185915.0,4175293.0,45928219.0,2024-08-15,PAID
605,MTR005,2024-07,252728.1,158625.2,94102.9,433200000,35236617.0,1182768.0,46961938.0,516581323.0,2024-07-17,PAID
606,MTR006,2024-07,45558.7,28549.8,17008.9,57760000,6349039.0,213215.0,6432225.0,70754479.0,2024-08-09,PAID
607,MTR007,2024-07,173945.8,104179.9,69765.9,324900000,23922562.0,814066.0,34963663.0,384600291.0,,OVERDUE
608,MTR008,2024-07,13937.9,7931.3,6006.6,21660000,1889380.0,65229.0,2361461.0,25976070.0,2024-08-02,PAID
609,MTR009,2024-07,429550.5,246259.2,183291.3,722000000,58349056.0,2010296.0,78235935.0,860595287.0,2024-08-14,PAID
610,MTR010,2024-07,11675.0,7238.9,4436.1,14440000,1621917.0,54639.0,1611656.0,17728212.0,2024-07-31,PAID
611,MTR011,2024-07,331273.6,207281.9,123991.7,505400000,46145418.0,1550360.0,55309578.0,608405356.0,2024-07-28,PAID
612,MTR012,2024-07,23393.5,13871.6,9521.9,28880000,3208089.0,109482.0,3219757.0,35417328.0,2024-07-23,PAID
613,MTR013,2024-07,117304.2,69351.9,47952.3,252700000,16073037.0,548984.0,26932202.0,296254223.0,2024-08-06,PAID
614,MTR014,2024-07,35184.0,19710.5,15473.5,43320000,4748925.0,164661.0,4823359.0,53056945.0,2024-08-08,PAID
615,MTR015,2024-07,7470.1,4384.9,3085.2,10830000,1021473.0,34960.0,1188643.0,13075076.0,2024-08-03,PAID
616,MTR016,2024-07,4053.6,2512.2,1541.4,3610000,563058.0,18971.0,419203.0,4611232.0,2024-08-01,PAID
617,MTR017,2024-07,414461.7,245981.3,168480.4,866400000,56852012.0,1939681.0,92519169.0,1017710862.0,2024-07-26,PAID
618,MTR018,2024-07,4844.6,3067.3,1777.3,5776000,677213.0,22673.0,647589.0,7123475.0,2024-08-01,PAID
619,MTR019,2024-07,1174643.5,662177.1,512466.4,1444000000,158818752.0,5497332.0,160831608.0,1769147692.0,2024-08-14,PAID
620,MTR020,2024-07,7918.7,4541.6,3377.1,8664000,1075778.0,37060.0,977684.0,10754522.0,2024-07-22,PAID
621,MTR001,2024-08,282527.4,183039.2,99488.2,361000000,39768272.0,2353453.0,40312172.0,443433897.0,2024-09-04,PAID
622,MTR002,2024-08,169034.5,105781.2,63253.3,216600000,23546940.0,1408057.0,24155500.0,265710497.0,2024-09-02,PAID
623,MTR003,2024-08,349314.3,205173.3,144141.0,577600000,47774239.0,2909788.0,62828403.0,691112430.0,2024-09-01,PAID
624,MTR004,2024-08,24961.0,14563.7,10397.3,36100000,3407382.0,207925.0,3971531.0,43686838.0,2024-08-22,PAID
625,MTR005,2024-08,202886.2,120605.5,82280.7,433200000,27842811.0,1690042.0,46273285.0,509006138.0,2024-09-05,PAID
626,MTR006,2024-08,43996.9,26037.7,17959.2,57760000,6030184.0,366494.0,6415668.0,70572346.0,2024-09-09,PAID
627,MTR007,2024-08,170583.7,106729.4,63854.3,324900000,23761343.0,1420962.0,35008230.0,385090535.0,2024-08-28,PAID
628,MTR008,2024-08,19559.5,10932.0,8627.5,21660000,2638343.0,162931.0,2446127.0,26907401.0,2024-09-14,PAID
629,MTR009,2024-08,592283.5,357277.1,235006.4,722000000,81624072.0,4933722.0,80855779.0,889413573.0,2024-08-17,PAID
630,MTR010,2024-08,10889.1,6916.5,3972.6,14440000,1523621.0,90706.0,1605433.0,17659760.0,,UNPAID
631,MTR011,2024-08,348651.2,196535.4,152115.8,505400000,47139154.0,2904264.0,55544342.0,610987760.0,2024-09-08,PAID
632,MTR012,2024-08,23164.0,14482.8,8681.2,28880000,3225937.0,192956.0,3229889.0,35528782.0,2024-08-26,PAID
633,MTR013,2024-08,135609.1,85972.8,49636.3,252700000,18963897.0,1129624.0,27279352.0,300072873.0,2024-08-23,PAID
634,MTR014,2024-08,35030.8,20652.5,14378.3,43320000,4796083.0,291807.0,4840789.0,53248679.0,2024-09-12,PAID
635,MTR015,2024-08,7926.8,5112.3,2814.5,10830000,1114238.0,66030.0,1201027.0,13211295.0,2024-09-14,PAID
636,MTR016,2024-08,3398.4,1898.5,1499.9,3610000,458344.0,28309.0,409665.0,4506318.0,,UNPAID
637,MTR017,2024-08,572879.9,369174.5,203705.4,866400000,80507747.0,4772090.0,95167984.0,1046847821.0,2024-08-21,PAID
638,MTR018,2024-08,6096.8,3452.5,2644.3,5776000,825351.0,50786.0,665214.0,7317351.0,2024-08-29,PAID
639,MTR019,2024-08,923846.7,555324.7,368522.0,1444000000,127188407.0,7695643.0,157888405.0,1736772455.0,2024-08-30,PAID
640,MTR020,2024-08,8940.9,5707.9,3233.0,8664000,1252930.0,74478.0,999141.0,10990549.0,2024-09-03,PAID
641,MTR001,2024-09,174686.8,104959.5,69727.3,361000000,24046633.0,-1111008.0,38393562.0,422329187.0,2024-10-12,PAID
642,MTR002,2024-09,100041.5,58736.1,41305.4,216600000,13680650.0,-636264.0,22964439.0,252608825.0,2024-10-12,PAID
643,MTR003,2024-09,396100.8,227507.2,168593.6,577600000,53833354.0,-2519201.0,62891415.0,691805568.0,2024-09-20,PAID
644,MTR004,2024-09,20530.4,12067.1,8463.3,36100000,2808408.0,-130573.0,3877784.0,42655619.0,2024-09-20,PAID
645,MTR005,2024-09,327980.8,194346.5,133634.3,433200000,44968987.0,-2085958.0,47608303.0,523691332.0,,UNPAID
646,MTR006,2024-09,32284.2,20361.5,11922.7,57760000,4507711.0,-205328.0,6206238.0,68268621.0,2024-09-29,PAID
647,MTR007,2024-09,140293.4,85205.1,55088.3,324900000,19372290.0,-892266.0,34338002.0,377718026.0,2024-09-16,PAID
648,MTR008,2024-09,16055.0,9099.5,6955.5,21660000,2173957.0,-102110.0,2373185.0,26105032.0,2024-09-24,PAID
649,MTR009,2024-09,310247.2,187565.7,122681.5,722000000,42783562.0,-1973172.0,76281039.0,839091429.0,2024-09-17,PAID
650,MTR010,2024-09,6532.3,3747.6,2784.7,14440000,887507.0,-41545.0,1528596.0,16814558.0,2024-10-07,PAID
651,MTR011,2024-09,351056.3,218641.8,132414.5,505400000,48833876.0,-2232718.0,55200116.0,607201274.0,2024-10-16,PAID
652,MTR012,2024-09,13955.3,8213.0,5742.3,28880000,1909677.0,-88756.0,3070092.0,33771013.0,2024-10-13,PAID
653,MTR013,2024-09,130838.3,84290.3,46548.0,252700000,18385313.0,-832132.0,27025318.0,297278499.0,2024-09-26,PAID
654,MTR014,2024-09,25421.0,16012.1,9408.9,43320000,3548057.0,-161678.0,4670638.0,51377017.0,2024-10-06,PAID
655,MTR015,2024-09,4537.1,2817.1,1720.0,10830000,630564.0,-28856.0,1143171.0,12574879.0,2024-10-01,PAID
656,MTR016,2024-09,1693.8,948.4,745.4,3610000,228587.0,-10773.0,382781.0,4210595.0,2024-10-11,PAID
657,MTR017,2024-09,555792.6,331779.3,224013.3,866400000,76365109.0,-3534841.0,93923027.0,1033153295.0,2024-09-17,PAID
658,MTR018,2024-09,2931.2,1780.8,1150.4,5776000,404790.0,-18642.0,616215.0,6778363.0,2024-09-21,PAID
659,MTR019,2024-09,972243.2,628432.1,343811.1,1444000000,136756352.0,-6183467.0,157457288.0,1732030173.0,,UNPAID
660,MTR020,2024-09,5268.9,3376.9,1892.0,8664000,739228.0,-33510.0,936972.0,10306690.0,2024-10-01,PAID
661,MTR001,2024-10,146482.2,87844.1,58638.1,361000000,20152966.0,-603507.0,38054946.0,418604405.0,2024-10-19,PAID
662,MTR002,2024-10,92528.0,58602.7,33925.3,216600000,12935522.0,-381215.0,22915431.0,252069738.0,2024-10-19,PAID
663,MTR003,2024-10,433569.9,253393.8,180176.1,577600000,59213841.0,-1786308.0,63502753.0,698530286.0,2024-10-18,PAID
664,MTR004,2024-10,16401.6,9880.8,6520.8,36100000,2259490.0,-67575.0,3829192.0,42121107.0,2024-11-09,PAID
665,MTR005,2024-10,224519.1,127181.5,97337.6,433200000,30396851.0,-925019.0,46267183.0,508939015.0,,OVERDUE
666,MTR006,2024-10,27231.7,15085.9,12145.8,57760000,3664376.0,-112195.0,6131218.0,67443399.0,,OVERDUE
667,MTR007,2024-10,192724.8,123157.2,69567.6,324900000,27015406.0,-794026.0,35112138.0,386233518.0,2024-10-19,PAID
668,MTR008,2024-10,11966.9,6707.1,5259.8,21660000,1615425.0,-49304.0,2322612.0,25548733.0,2024-11-02,PAID
669,MTR009,2024-10,486681.4,294196.0,192485.4,722000000,67111713.0,-2005127.0,78710659.0,865817245.0,2024-11-14,PAID
670,MTR010,2024-10,10664.7,6296.5,4368.2,14440000,1460710.0,-43939.0,1585677.0,17442448.0,2024-11-04,PAID
671,MTR011,2024-10,373118.4,207766.1,165352.3,505400000,50278166.0,-1537248.0,55414092.0,609555010.0,2024-11-05,PAID
672,MTR012,2024-10,11866.6,7005.1,4861.5,28880000,1625263.0,-48890.0,3045637.0,33502010.0,,OVERDUE
673,MTR013,2024-10,123647.1,73787.7,49859.4,252700000,16987404.0,-509426.0,26917798.0,296095776.0,2024-11-08,PAID
674,MTR014,2024-10,19271.9,12271.3,7000.6,43320000,2698552.0,-79400.0,4593915.0,50533067.0,2024-10-16,PAID
675,MTR015,2024-10,4079.7,2538.8,1540.9,10830000,567371.0,-16808.0,1138056.0,12518619.0,2024-11-02,PAID
676,MTR016,2024-10,1861.4,1173.7,687.7,3610000,259881.0,-7669.0,386221.0,4248433.0,2024-10-16,PAID
677,MTR017,2024-10,402254.5,231273.9,170980.6,866400000,54685018.0,-1657289.0,91942773.0,1011370502.0,2024-11-04,PAID
678,MTR018,2024-10,2588.0,1530.8,1057.2,5776000,354657.0,-10663.0,611999.0,6731993.0,2024-10-28,PAID
679,MTR019,2024-10,980176.9,595527.2,384649.7,1444000000,135362131.0,-4038329.0,157532380.0,1732856182.0,2024-11-04,PAID
680,MTR020,2024-10,3701.9,2112.5,1589.4,8664000,502211.0,-15252.0,915096.0,10066055.0,2024-10-24,PAID
681,MTR001,2024-11,214606.2,137781.3,76824.9,361000000,30124973.0,2628926.0,39375390.0,433129289.0,2024-12-10,PAID
682,MTR002,2024-11,159616.5,93325.7,66290.8,216600000,21801913.0,1955302.0,24035722.0,264392937.0,2024-11-30,PAID
683,MTR003,2024-11,414025.3,244257.0,169768.3,577600000,56695441.0,5071810.0,63936725.0,703303976.0,2024-11-22,PAID
684,MTR004,2024-11,18851.9,11278.7,7573.2,36100000,2591880.0,230936.0,3892282.0,42815098.0,2024-11-22,PAID
685,MTR005,2024-11,257353.5,161745.7,95607.8,433200000,35895859.0,3152580.0,47224844.0,519473283.0,2024-11-24,PAID
686,MTR006,2024-11,27879.3,15666.4,12212.9,57760000,3766154.0,341521.0,6186768.0,68054443.0,2024-11-17,PAID
687,MTR007,2024-11,144812.0,80748.7,64063.3,324900000,19520990.0,1773947.0,34619494.0,380814431.0,2024-12-04,PAID
688,MTR008,2024-11,11686.3,6894.0,4792.3,21660000,1600261.0,143157.0,2340342.0,25743760.0,2024-11-24,PAID
689,MTR009,2024-11,527438.3,292363.4,235074.9,722000000,70984938.0,6461119.0,79944606.0,879390663.0,2024-12-12,PAID
690,MTR010,2024-11,6904.0,4220.1,2683.9,14440000,955119.0,84574.0,1547969.0,17027662.0,2024-11-18,PAID
691,MTR011,2024-11,308601.6,193460.5,115141.1,505400000,43011350.0,3780370.0,55219172.0,607410892.0,2024-12-02,PAID
692,MTR012,2024-11,17864.6,10347.3,7517.3,28880000,2433653.0,218841.0,3153249.0,34685743.0,2024-12-05,PAID
693,MTR013,2024-11,137786.1,76702.6,61083.5,252700000,18565409.0,1687880.0,27295329.0,300248618.0,2024-11-30,PAID
694,MTR014,2024-11,20353.4,12515.4,7838.0,43320000,2820650.0,249329.0,4638998.0,51028977.0,2024-12-04,PAID
695,MTR015,2024-11,5150.6,3339.4,1811.2,10830000,725159.0,63095.0,1161825.0,12780079.0,2024-12-06,PAID
696,MTR016,2024-11,1958.7,1271.1,687.6,3610000,275845.0,23994.0,390984.0,4300823.0,2024-11-25,PAID
697,MTR017,2024-11,530834.6,326488.6,204346.0,866400000,73570038.0,6502724.0,94647276.0,1041120038.0,2024-12-06,PAID
698,MTR018,2024-11,3397.1,2115.4,1281.7,5776000,472532.0,41614.0,629015.0,6919161.0,2024-12-07,PARTIAL
699,MTR019,2024-11,1031932.7,667020.4,364912.3,1444000000,145152751.0,12641176.0,160179393.0,1761973320.0,2024-11-19,PAID
700,MTR020,2024-11,4427.4,2798.6,1628.8,8664000,618593.0,54236.0,933683.0,10270512.0,2024-12-04,PAID
701,MTR001,2024-12,249376.0,147243.3,102132.7,361000000,34156906.0,-3047375.0,39210953.0,431320484.0,2024-12-24,PAID
702,MTR002,2024-12,111461.7,66171.9,45289.8,216600000,15290592.0,-1362062.0,23052853.0,253581383.0,2025-01-03,PAID
703,MTR003,2024-12,293153.5,173886.4,119267.1,577600000,40205545.0,-3582336.0,61422321.0,675645530.0,,UNPAID
704,MTR004,2024-12,36962.5,22398.0,14564.5,36100000,5100593.0,-451682.0,4074891.0,44823802.0,2025-01-12,PAID
705,MTR005,2024-12,282953.4,171106.5,111846.9,433200000,39022462.0,-3457691.0,46876477.0,515641248.0,2024-12-31,PAID
706,MTR006,2024-12,48408.5,30861.6,17546.9,57760000,6780899.0,-591552.0,6394935.0,70344282.0,2025-01-05,PAID
707,MTR007,2024-12,236194.7,143008.9,93185.8,324900000,32585668.0,-2886299.0,35459937.0,390059306.0,2024-12-17,PAID
708,MTR008,2024-12,12887.3,7858.1,5029.2,21660000,1781590.0,-157483.0,2328411.0,25612518.0,2024-12-31,PAID
709,MTR009,2024-12,381862.9,216677.1,165185.8,722000000,51723253.0,-4666365.0,76905689.0,845962577.0,2025-01-04,PAID
710,MTR010,2024-12,9700.4,5849.9,3850.5,14440000,1336733.0,-118539.0,1565819.0,17224013.0,2025-01-13,PAID
711,MTR011,2024-12,294525.6,165544.7,128980.9,505400000,39789459.0,-3599103.0,54159036.0,595749392.0,2025-01-15,PAID
712,MTR012,2024-12,32317.7,19916.8,12400.9,28880000,4481643.0,-394922.0,3296672.0,36263393.0,2024-12-28,PAID
713,MTR013,2024-12,175751.6,105874.1,69877.5,252700000,24211347.0,-2147685.0,27476366.0,302240028.0,2025-01-13,PAID
714,MTR014,2024-12,33233.2,18715.7,14517.5,43320000,4492090.0,-406110.0,4740598.0,52146578.0,2025-01-12,PAID
715,MTR015,2024-12,8315.8,4899.0,3416.8,10830000,1138282.0,-101619.0,1186666.0,13053329.0,2025-01-01,PAID
716,MTR016,2024-12,2945.6,1826.8,1118.8,3610000,409238.0,-35995.0,398324.0,4381567.0,2025-01-05,PAID
717,MTR017,2024-12,512674.8,314076.1,198598.7,866400000,70971153.0,-6264886.0,93110627.0,1024216894.0,2025-01-14,PAID
718,MTR018,2024-12,4244.2,2357.8,1886.4,5776000,571546.0,-51864.0,629568.0,6925250.0,2025-01-12,PAID
719,MTR019,2024-12,859864.4,511240.0,348624.4,1444000000,118008551.0,-10507543.0,155150101.0,1706651109.0,2024-12-20,PAID
720,MTR020,2024-12,7401.2,4165.1,3236.1,8664000,1000214.0,-90443.0,957377.0,10531148.0,2024-12-21,PAID
