MAINTENANCE_ID,EQUIPMENT_ID,MAINTENANCE_DATE,MAINTENANCE_TYPE,STATUS,PLANNED_HOURS,ACTUAL_HOURS,TECHNICIAN_ID,PARTS_COST_KRW,LABOR_COST_KRW,TOTAL_COST_KRW,NEXT_MAINTENANCE_DATE,DOWNTIME_HOURS,RESULT_NOTE
MNT-000001,EQP006,2023-03-11,사후정비,COMPLETED,15.0,16.6,TECH006,4651919,656000.0,5307919.0,2023-05-10,3.1,정상 완료
MNT-000002,EQP011,2024-01-13,예방정비,COMPLETED,8.9,12.1,TECH006,2699393,453000.0,3152393.0,2024-02-12,9.2,필터 청소
MNT-000003,EQP002,2024-11-24,예방정비,COMPLETED,5.0,5.8,TECH003,780915,338000.0,1118915.0,2024-12-24,5.8,오일 교환 완료
MNT-000004,EQP008,2023-02-20,예방정비,COMPLETED,7.5,7.4,TECH001,2560034,297000.0,2857034.0,2023-03-22,2.5,정상 완료
MNT-000005,EQP001,2022-10-26,사후정비,COMPLETED,5.3,6.2,TECH002,1122006,205000.0,1327006.0,2022-11-25,2.3,필터 청소
MNT-000006,EQP012,2023-06-11,예방정비,COMPLETED,4.3,5.9,TECH002,155712,330000.0,485712.0,2023-07-11,5.7,교정 완료
MNT-000007,EQP008,2024-11-11,예방정비,SCHEDULED,10.0,,TECH007,,,,2024-12-11,2.0,센서 교체
MNT-000008,EQP003,2024-02-03,예방정비,COMPLETED,14.2,14.4,TECH003,1886245,650000.0,2536245.0,2024-04-03,6.3,교정 완료
MNT-000009,EQP012,2022-11-16,예방정비,COMPLETED,5.6,7.6,TECH007,501934,275000.0,776934.0,2022-12-16,3.6,정상 완료
MNT-000010,EQP014,2022-05-18,예방정비,COMPLETED,15.3,15.7,TECH006,3013665,591000.0,3604665.0,2022-06-17,14.3,교정 완료
MNT-000011,EQP009,2024-07-16,예방정비,COMPLETED,15.7,17.0,TECH002,4716718,705000.0,5421718.0,2024-10-14,14.6,필터 청소
MNT-000012,EQP012,2022-05-09,긴급정비,COMPLETED,3.1,3.5,TECH006,4285310,192000.0,4477310.0,2022-06-08,0.8,부품 교체 완료
MNT-000013,EQP003,2024-05-29,예방정비,COMPLETED,5.7,6.3,TECH008,,264000.0,,2024-07-28,3.3,벨트 교체
MNT-000014,EQP013,2022-12-29,예방정비,SCHEDULED,2.7,,TECH001,,,,2023-02-27,1.1,축 정렬 완료
MNT-000015,EQP013,2022-05-24,사후정비,COMPLETED,11.2,15.0,TECH009,372544,848000.0,1220544.0,2022-07-23,1.3,축 정렬 완료
MNT-000016,EQP015,2024-05-03,예방정비,COMPLETED,13.9,16.0,TECH001,,931000.0,,2024-08-01,7.6,
MNT-000017,EQP013,2024-08-22,사후정비,COMPLETED,7.9,10.6,TECH002,2357378,482000.0,2839378.0,2024-10-21,0.5,부품 교체 완료
MNT-000018,EQP011,2024-03-17,예방정비,COMPLETED,14.7,17.9,TECH003,1130561,773000.0,1903561.0,2024-04-16,7.2,교정 완료
MNT-000019,EQP003,2024-03-05,예방정비,COMPLETED,5.2,4.6,TECH002,4323494,261000.0,4584494.0,2024-05-04,2.5,
MNT-000020,EQP007,2024-10-22,예방정비,COMPLETED,9.7,8.9,TECH010,4418090,425000.0,4843090.0,2024-11-21,3.3,벨트 교체
MNT-000021,EQP012,2023-01-28,예방정비,COMPLETED,8.0,8.8,TECH005,4439477,512000.0,4951477.0,2023-02-27,6.3,교정 완료
MNT-000022,EQP010,2022-09-13,사후정비,COMPLETED,5.0,5.7,TECH008,,313000.0,,2022-12-12,1.2,교정 완료
MNT-000023,EQP010,2023-04-06,예방정비,COMPLETED,6.5,5.6,TECH004,4011716,177000.0,4188716.0,2023-07-05,2.4,벨트 교체
MNT-000024,EQP001,2023-07-31,예방정비,COMPLETED,6.9,6.3,TECH002,3581736,361000.0,3942736.0,2023-08-30,4.1,
MNT-000025,EQP012,2022-11-20,사후정비,COMPLETED,3.6,4.3,TECH001,872526,195000.0,1067526.0,2022-12-20,3.6,축 정렬 완료
MNT-000026,EQP008,2024-05-11,개량정비,COMPLETED,7.4,6.0,TECH005,2678977,328000.0,3006977.0,2024-06-10,5.9,벨트 교체
MNT-000027,EQP003,2023-08-01,사후정비,COMPLETED,5.0,4.6,TECH007,4877584,270000.0,5147584.0,2023-09-30,1.9,
MNT-000028,EQP005,2023-10-02,사후정비,COMPLETED,3.7,5.0,TECH007,2687968,162000.0,2849968.0,2023-11-01,1.8,오일 교환 완료
MNT-000029,EQP015,2022-11-29,예방정비,SCHEDULED,3.3,,TECH003,,,,2023-02-27,3.3,벨트 교체
MNT-000030,EQP012,2023-10-01,예방정비,COMPLETED,2.2,3.0,TECH006,4010821,92000.0,4102821.0,2023-10-31,2.8,
MNT-000031,EQP014,2023-02-25,사후정비,COMPLETED,13.7,15.5,TECH003,1917521,925000.0,2842521.0,2023-03-27,7.9,교정 완료
MNT-000032,EQP001,2022-05-22,예방정비,COMPLETED,10.4,9.8,TECH009,2520676,508000.0,3028676.0,2022-06-21,3.3,축 정렬 완료
MNT-000033,EQP006,2022-02-22,예방정비,COMPLETED,6.6,5.7,TECH010,157057,247000.0,404057.0,2022-04-23,4.5,오일 교환 완료
MNT-000034,EQP011,2024-05-09,예방정비,IN_PROGRESS,7.4,6.0,TECH006,,332000.0,,2024-06-08,3.8,축 정렬 완료
MNT-000035,EQP004,2024-01-15,예방정비,COMPLETED,8.5,11.9,TECH005,,597000.0,,2024-02-14,6.9,센서 교체
MNT-000036,EQP006,2024-06-23,사후정비,COMPLETED,12.1,12.3,TECH005,587574,539000.0,1126574.0,2024-08-22,4.0,오일 교환 완료
MNT-000037,EQP003,2024-12-18,사후정비,COMPLETED,13.1,14.1,TECH001,,633000.0,,2025-02-16,3.9,부품 교체 완료
MNT-000038,EQP009,2024-04-30,예방정비,COMPLETED,11.9,16.1,TECH006,855202,793000.0,1648202.0,2024-07-29,11.0,축 정렬 완료
MNT-000039,EQP001,2023-02-01,긴급정비,COMPLETED,6.9,7.5,TECH009,839581,318000.0,1157581.0,2023-03-03,2.7,
MNT-000040,EQP014,2023-02-07,예방정비,SCHEDULED,13.9,,TECH004,,,,2023-03-09,13.0,
MNT-000041,EQP007,2023-08-22,예방정비,SCHEDULED,11.1,,TECH008,,,,2023-09-21,2.3,오일 교환 완료
MNT-000042,EQP010,2022-06-23,사후정비,COMPLETED,14.0,12.7,TECH009,1539429,629000.0,2168429.0,2022-09-21,5.4,
MNT-000043,EQP013,2023-10-02,사후정비,COMPLETED,13.7,17.3,TECH001,2956544,580000.0,3536544.0,2023-12-01,11.1,
MNT-000044,EQP006,2024-06-01,사후정비,COMPLETED,13.0,14.0,TECH010,1597944,578000.0,2175944.0,2024-07-31,6.8,오일 교환 완료
MNT-000045,EQP009,2024-04-30,예방정비,IN_PROGRESS,11.7,10.4,TECH006,,329000.0,,2024-07-29,0.9,부품 교체 완료
MNT-000046,EQP015,2022-08-08,예방정비,COMPLETED,2.2,2.0,TECH009,4759889,103000.0,4862889.0,2022-11-06,0.6,부품 교체 완료
MNT-000047,EQP002,2022-12-07,예방정비,COMPLETED,12.8,15.5,TECH007,1120726,884000.0,2004726.0,2023-01-06,1.9,
MNT-000048,EQP006,2023-07-13,예방정비,COMPLETED,6.9,5.7,TECH010,720908,183000.0,903908.0,2023-09-11,3.7,
MNT-000049,EQP001,2024-10-30,사후정비,COMPLETED,3.2,3.9,TECH006,,206000.0,,2024-11-29,1.5,교정 완료
MNT-000050,EQP001,2023-12-05,예방정비,COMPLETED,9.1,11.5,TECH006,,541000.0,,2024-01-04,2.5,축 정렬 완료
MNT-000051,EQP010,2023-02-04,예방정비,COMPLETED,2.1,2.5,TECH002,2068428,115000.0,2183428.0,2023-05-05,2.3,부품 교체 완료
MNT-000052,EQP005,2022-03-06,예방정비,COMPLETED,7.3,8.2,TECH002,2718097,448000.0,3166097.0,2022-04-05,3.7,정상 완료
MNT-000053,EQP013,2023-04-11,예방정비,COMPLETED,15.0,12.6,TECH003,1961233,550000.0,2511233.0,2023-06-10,9.5,센서 교체
MNT-000054,EQP010,2024-08-26,사후정비,COMPLETED,12.7,15.4,TECH005,163306,868000.0,1031306.0,2024-11-24,12.0,부품 교체 완료
MNT-000055,EQP006,2023-01-31,긴급정비,COMPLETED,7.3,9.5,TECH001,3146228,449000.0,3595228.0,2023-04-01,9.0,
MNT-000056,EQP006,2024-01-31,예방정비,COMPLETED,2.3,3.0,TECH006,3685698,179000.0,3864698.0,2024-03-31,0.8,
MNT-000057,EQP002,2024-03-09,예방정비,COMPLETED,2.5,2.0,TECH004,2976894,75000.0,3051894.0,2024-04-08,1.3,교정 완료
MNT-000058,EQP006,2022-05-15,사후정비,COMPLETED,2.3,2.8,TECH009,1026715,165000.0,1191715.0,2022-07-14,1.5,
MNT-000059,EQP006,2024-12-02,예방정비,COMPLETED,6.4,8.0,TECH005,884299,308000.0,1192299.0,2025-01-31,2.7,센서 교체
MNT-000060,EQP005,2023-06-21,예방정비,COMPLETED,7.6,8.0,TECH004,2934137,265000.0,3199137.0,2023-07-21,4.9,부품 교체 완료
MNT-000061,EQP009,2023-04-13,예방정비,COMPLETED,14.2,16.9,TECH002,2878445,1006000.0,3884445.0,2023-07-12,3.5,교정 완료
MNT-000062,EQP011,2024-08-22,예방정비,COMPLETED,10.6,14.6,TECH007,,825000.0,,2024-09-21,6.0,
MNT-000063,EQP002,2022-08-02,예방정비,COMPLETED,13.0,15.3,TECH009,4587865,695000.0,5282865.0,2022-09-01,10.2,축 정렬 완료
MNT-000064,EQP011,2024-12-10,사후정비,COMPLETED,2.8,2.3,TECH008,1230895,131000.0,1361895.0,2025-01-09,1.1,
MNT-000065,EQP010,2022-04-17,사후정비,SCHEDULED,7.8,,TECH003,,,,2022-07-16,5.1,정상 완료
MNT-000066,EQP007,2023-07-11,긴급정비,COMPLETED,6.7,9.0,TECH001,4806795,278000.0,5084795.0,2023-08-10,8.5,교정 완료
MNT-000067,EQP012,2024-01-28,예방정비,COMPLETED,12.5,13.4,TECH008,2258946,413000.0,2671946.0,2024-02-27,6.2,정상 완료
MNT-000068,EQP010,2022-08-24,예방정비,COMPLETED,3.7,5.1,TECH002,1196591,185000.0,1381591.0,2022-11-22,4.8,축 정렬 완료
MNT-000069,EQP010,2022-03-07,예방정비,COMPLETED,13.8,17.3,TECH002,1393825,706000.0,2099825.0,2022-06-05,2.6,필터 청소
MNT-000070,EQP005,2022-02-10,사후정비,COMPLETED,2.6,2.4,TECH004,2514173,128000.0,2642173.0,2022-03-12,1.0,
MNT-000071,EQP015,2023-12-07,예방정비,COMPLETED,8.6,8.5,TECH001,,326000.0,,2024-03-06,4.9,오일 교환 완료
MNT-000072,EQP007,2022-11-02,사후정비,COMPLETED,4.0,3.5,TECH002,1251926,151000.0,1402926.0,2022-12-02,3.3,
MNT-000073,EQP011,2024-05-21,사후정비,COMPLETED,8.9,10.7,TECH002,4290941,473000.0,4763941.0,2024-06-20,9.5,
MNT-000074,EQP013,2022-02-02,예방정비,COMPLETED,5.4,5.4,TECH009,4938885,208000.0,5146885.0,2022-04-03,3.4,교정 완료
MNT-000075,EQP002,2023-03-08,사후정비,COMPLETED,14.3,20.0,TECH009,,923000.0,,2023-04-07,10.5,부품 교체 완료
MNT-000076,EQP014,2023-11-07,예방정비,SCHEDULED,10.7,,TECH010,,,,2023-12-07,7.5,필터 청소
MNT-000077,EQP008,2022-08-15,예방정비,COMPLETED,3.2,4.1,TECH004,3218327,126000.0,3344327.0,2022-09-14,2.0,
MNT-000078,EQP006,2023-12-29,긴급정비,SCHEDULED,8.3,,TECH009,,,,2024-02-27,2.6,오일 교환 완료
MNT-000079,EQP009,2024-09-07,예방정비,COMPLETED,5.7,4.8,TECH009,2312553,248000.0,2560553.0,2024-12-06,1.7,오일 교환 완료
MNT-000080,EQP015,2023-01-10,사후정비,COMPLETED,13.9,16.1,TECH002,,724000.0,,2023-04-10,7.6,축 정렬 완료
MNT-000081,EQP007,2024-06-13,긴급정비,COMPLETED,10.1,13.2,TECH009,,579000.0,,2024-07-13,10.2,
MNT-000082,EQP008,2022-01-20,긴급정비,COMPLETED,7.5,10.0,TECH004,935384,340000.0,1275384.0,2022-02-19,1.8,필터 청소
MNT-000083,EQP009,2023-01-02,사후정비,COMPLETED,5.7,7.7,TECH007,,385000.0,,2023-04-02,6.1,오일 교환 완료
MNT-000084,EQP008,2024-12-31,사후정비,COMPLETED,3.4,2.9,TECH010,3638098,100000.0,3738098.0,2025-01-30,1.1,
MNT-000085,EQP015,2022-09-10,예방정비,COMPLETED,15.2,19.2,TECH006,,1121000.0,,2022-12-09,9.0,정상 완료
MNT-000086,EQP007,2023-06-17,예방정비,COMPLETED,7.0,7.4,TECH009,2427851,267000.0,2694851.0,2023-07-17,4.9,부품 교체 완료
MNT-000087,EQP014,2023-03-17,예방정비,COMPLETED,4.7,4.6,TECH007,668042,162000.0,830042.0,2023-04-16,3.9,교정 완료
MNT-000088,EQP007,2024-07-01,사후정비,COMPLETED,6.9,9.0,TECH003,,343000.0,,2024-07-31,8.6,부품 교체 완료
MNT-000089,EQP004,2022-06-20,사후정비,COMPLETED,5.4,6.2,TECH001,4258545,218000.0,4476545.0,2022-07-20,3.8,필터 청소
MNT-000090,EQP003,2022-12-28,개량정비,SCHEDULED,13.3,,TECH002,,,,2023-02-26,10.4,부품 교체 완료
MNT-000091,EQP001,2024-01-20,사후정비,COMPLETED,7.8,9.8,TECH010,2466082,488000.0,2954082.0,2024-02-19,1.8,오일 교환 완료
MNT-000092,EQP005,2024-09-12,예방정비,COMPLETED,6.1,6.5,TECH010,3116813,253000.0,3369813.0,2024-10-12,3.9,필터 청소
MNT-000093,EQP003,2024-09-01,예방정비,COMPLETED,3.0,3.7,TECH009,,172000.0,,2024-10-31,0.9,부품 교체 완료
MNT-000094,EQP005,2023-08-11,예방정비,COMPLETED,4.6,4.7,TECH003,386480,280000.0,666480.0,2023-09-10,0.5,교정 완료
MNT-000095,EQP006,2024-01-31,긴급정비,COMPLETED,8.6,7.5,TECH001,,282000.0,,2024-03-31,7.4,부품 교체 완료
MNT-000096,EQP009,2022-03-29,예방정비,COMPLETED,5.8,5.5,TECH010,3722987,236000.0,3958987.0,2022-06-27,4.0,
MNT-000097,EQP010,2023-03-31,예방정비,COMPLETED,6.8,7.8,TECH006,2571807,264000.0,2835807.0,2023-06-29,4.8,센서 교체
MNT-000098,EQP007,2023-07-19,예방정비,COMPLETED,3.6,4.8,TECH009,,181000.0,,2023-08-18,3.6,필터 청소
MNT-000099,EQP007,2022-02-06,예방정비,COMPLETED,9.6,9.2,TECH004,295913,505000.0,800913.0,2022-03-08,6.5,오일 교환 완료
MNT-000100,EQP015,2022-01-10,긴급정비,COMPLETED,7.2,8.2,TECH003,3402550,313000.0,3715550.0,2022-04-10,2.9,벨트 교체
MNT-000101,EQP010,2023-08-09,사후정비,COMPLETED,10.6,13.3,TECH008,1480435,757000.0,2237435.0,2023-11-07,4.5,
MNT-000102,EQP006,2024-01-20,예방정비,COMPLETED,6.6,7.5,TECH005,,341000.0,,2024-03-20,7.1,
MNT-000103,EQP004,2024-01-09,예방정비,COMPLETED,10.4,9.2,TECH009,4967682,327000.0,5294682.0,2024-02-08,5.7,교정 완료
MNT-000104,EQP011,2024-10-25,예방정비,COMPLETED,9.7,10.6,TECH001,,490000.0,,2024-11-24,3.0,교정 완료
MNT-000105,EQP004,2023-06-02,예방정비,COMPLETED,7.4,10.2,TECH004,4025301,352000.0,4377301.0,2023-07-02,6.3,센서 교체
MNT-000106,EQP014,2023-08-09,사후정비,COMPLETED,14.6,14.2,TECH008,,828000.0,,2023-09-08,3.9,오일 교환 완료
MNT-000107,EQP003,2023-04-29,사후정비,COMPLETED,14.9,17.9,TECH003,,923000.0,,2023-06-28,8.3,
MNT-000108,EQP009,2023-12-26,예방정비,COMPLETED,14.7,19.0,TECH004,,1076000.0,,2024-03-25,15.4,부품 교체 완료
MNT-000109,EQP013,2024-11-21,예방정비,COMPLETED,16.0,14.2,TECH003,1480775,705000.0,2185775.0,2025-01-20,6.5,오일 교환 완료
MNT-000110,EQP006,2024-10-05,예방정비,COMPLETED,5.2,4.3,TECH010,4161056,237000.0,4398056.0,2024-12-04,1.5,정상 완료
MNT-000111,EQP010,2022-12-27,예방정비,COMPLETED,7.1,6.0,TECH006,2664568,236000.0,2900568.0,2023-03-27,2.0,
MNT-000112,EQP015,2024-08-06,예방정비,COMPLETED,4.6,5.9,TECH004,2178469,280000.0,2458469.0,2024-11-04,1.7,축 정렬 완료
MNT-000113,EQP012,2024-02-01,예방정비,COMPLETED,14.1,15.4,TECH006,,762000.0,,2024-03-02,3.4,
MNT-000114,EQP006,2024-03-08,예방정비,COMPLETED,7.9,8.0,TECH007,3222473,357000.0,3579473.0,2024-05-07,7.3,
MNT-000115,EQP002,2024-09-05,사후정비,COMPLETED,3.2,3.6,TECH004,1950081,135000.0,2085081.0,2024-10-05,1.6,교정 완료
MNT-000116,EQP006,2024-02-01,예방정비,COMPLETED,9.7,8.4,TECH001,2086508,453000.0,2539508.0,2024-04-01,2.6,부품 교체 완료
MNT-000117,EQP004,2024-06-22,사후정비,COMPLETED,10.9,9.6,TECH001,,431000.0,,2024-07-22,2.6,교정 완료
MNT-000118,EQP013,2024-05-30,예방정비,COMPLETED,7.5,10.4,TECH009,3521521,456000.0,3977521.0,2024-07-29,2.8,
MNT-000119,EQP013,2024-04-26,예방정비,COMPLETED,13.2,17.9,TECH010,3850092,720000.0,4570092.0,2024-06-25,17.1,부품 교체 완료
MNT-000120,EQP010,2023-11-11,예방정비,IN_PROGRESS,10.7,11.9,TECH010,4462584,692000.0,5154584.0,2024-02-09,2.7,정상 완료
MNT-000121,EQP003,2023-05-17,예방정비,COMPLETED,12.1,14.1,TECH009,1653210,826000.0,2479210.0,2023-07-16,9.8,
MNT-000122,EQP014,2022-06-17,예방정비,COMPLETED,13.9,18.1,TECH004,2039366,899000.0,2938366.0,2022-07-17,12.7,필터 청소
MNT-000123,EQP014,2022-05-25,예방정비,COMPLETED,6.3,7.6,TECH002,2893358,251000.0,3144358.0,2022-06-24,7.6,필터 청소
MNT-000124,EQP015,2023-06-01,예방정비,COMPLETED,4.1,4.8,TECH006,4012789,232000.0,4244789.0,2023-08-30,1.2,
MNT-000125,EQP001,2022-01-31,예방정비,COMPLETED,4.2,3.5,TECH001,4277533,194000.0,4471533.0,2022-03-02,3.1,센서 교체
MNT-000126,EQP015,2023-01-24,사후정비,COMPLETED,5.7,6.1,TECH002,229975,256000.0,485975.0,2023-04-24,1.7,
MNT-000127,EQP010,2022-11-26,긴급정비,SCHEDULED,14.2,,TECH005,,,,2023-02-24,2.7,교정 완료
MNT-000128,EQP002,2024-05-12,예방정비,SCHEDULED,3.2,,TECH010,,,,2024-06-11,2.9,교정 완료
MNT-000129,EQP012,2023-02-28,사후정비,COMPLETED,12.5,14.8,TECH001,,619000.0,,2023-03-30,11.3,정상 완료
MNT-000130,EQP014,2022-04-07,개량정비,COMPLETED,6.2,6.8,TECH001,1345404,360000.0,1705404.0,2022-05-07,0.7,축 정렬 완료
MNT-000131,EQP014,2024-07-26,긴급정비,COMPLETED,11.4,10.8,TECH001,,434000.0,,2024-08-25,3.9,부품 교체 완료
MNT-000132,EQP003,2023-07-25,예방정비,COMPLETED,12.4,11.7,TECH008,,692000.0,,2023-09-23,10.2,교정 완료
MNT-000133,EQP001,2023-12-10,사후정비,COMPLETED,4.7,6.1,TECH008,3174227,191000.0,3365227.0,2024-01-09,3.8,센서 교체
MNT-000134,EQP009,2023-06-16,예방정비,COMPLETED,12.9,17.6,TECH005,1846335,767000.0,2613335.0,2023-09-14,0.7,부품 교체 완료
MNT-000135,EQP012,2024-06-12,사후정비,COMPLETED,13.6,14.0,TECH001,1728567,633000.0,2361567.0,2024-07-12,2.7,벨트 교체
MNT-000136,EQP009,2023-06-20,예방정비,COMPLETED,8.2,6.7,TECH004,4725476,321000.0,5046476.0,2023-09-18,1.1,교정 완료
MNT-000137,EQP009,2024-06-23,사후정비,COMPLETED,4.9,6.8,TECH006,1193204,252000.0,1445204.0,2024-09-21,2.2,교정 완료
MNT-000138,EQP014,2023-04-12,예방정비,COMPLETED,7.8,6.6,TECH002,2354172,371000.0,2725172.0,2023-05-12,1.4,정상 완료
MNT-000139,EQP013,2024-03-10,예방정비,COMPLETED,2.2,2.8,TECH002,1319274,117000.0,1436274.0,2024-05-09,2.8,축 정렬 완료
MNT-000140,EQP003,2023-09-11,예방정비,SCHEDULED,6.4,,TECH010,,,,2023-11-10,3.7,오일 교환 완료
MNT-000141,EQP004,2022-02-24,긴급정비,COMPLETED,5.7,6.0,TECH009,,209000.0,,2022-03-26,5.0,필터 청소
MNT-000142,EQP005,2024-08-31,개량정비,COMPLETED,10.8,11.5,TECH007,3632154,388000.0,4020154.0,2024-09-30,2.1,축 정렬 완료
MNT-000143,EQP015,2024-02-09,사후정비,COMPLETED,11.7,12.6,TECH007,3638877,611000.0,4249877.0,2024-05-09,2.4,필터 청소
MNT-000144,EQP003,2022-03-24,사후정비,COMPLETED,15.2,18.5,TECH007,2380024,989000.0,3369024.0,2022-05-23,10.3,벨트 교체
MNT-000145,EQP008,2023-10-04,예방정비,COMPLETED,8.3,9.4,TECH003,,316000.0,,2023-11-03,2.2,필터 청소
MNT-000146,EQP015,2024-01-12,예방정비,COMPLETED,9.3,8.7,TECH003,1500074,511000.0,2011074.0,2024-04-11,6.7,센서 교체
MNT-000147,EQP004,2024-01-21,예방정비,COMPLETED,10.9,15.1,TECH008,,846000.0,,2024-02-20,7.7,오일 교환 완료
MNT-000148,EQP003,2022-04-08,긴급정비,COMPLETED,5.8,5.3,TECH008,198833,284000.0,482833.0,2022-06-07,0.6,
MNT-000149,EQP014,2022-07-02,예방정비,COMPLETED,9.0,8.9,TECH010,3157956,366000.0,3523956.0,2022-08-01,0.6,필터 청소
MNT-000150,EQP002,2024-09-21,사후정비,COMPLETED,3.0,3.4,TECH005,4607227,108000.0,4715227.0,2024-10-21,1.8,축 정렬 완료
MNT-000151,EQP005,2024-02-21,긴급정비,COMPLETED,10.6,12.8,TECH001,3588669,519000.0,4107669.0,2024-03-22,1.3,
MNT-000152,EQP006,2024-04-01,예방정비,COMPLETED,8.8,8.5,TECH002,1050820,356000.0,1406820.0,2024-05-31,1.7,축 정렬 완료
MNT-000153,EQP008,2024-12-18,예방정비,IN_PROGRESS,9.4,9.0,TECH006,,458000.0,,2025-01-17,5.6,벨트 교체
MNT-000154,EQP004,2024-03-27,긴급정비,COMPLETED,3.6,3.3,TECH006,1674006,170000.0,1844006.0,2024-04-26,1.1,정상 완료
MNT-000155,EQP001,2022-11-13,예방정비,COMPLETED,3.8,4.9,TECH008,,187000.0,,2022-12-13,2.6,필터 청소
MNT-000156,EQP004,2022-03-30,예방정비,COMPLETED,8.2,6.6,TECH010,,392000.0,,2022-04-29,2.8,
MNT-000157,EQP006,2023-11-21,사후정비,COMPLETED,10.2,9.9,TECH004,2300603,496000.0,2796603.0,2024-01-20,7.2,부품 교체 완료
MNT-000158,EQP002,2024-03-07,예방정비,COMPLETED,9.8,11.4,TECH009,3543925,587000.0,4130925.0,2024-04-06,2.4,벨트 교체
MNT-000159,EQP008,2023-11-14,예방정비,COMPLETED,14.8,18.2,TECH001,370376,805000.0,1175376.0,2023-12-14,7.3,오일 교환 완료
MNT-000160,EQP001,2023-06-29,사후정비,COMPLETED,7.3,10.1,TECH007,1084595,384000.0,1468595.0,2023-07-29,9.4,오일 교환 완료
MNT-000161,EQP005,2023-02-16,예방정비,COMPLETED,2.4,2.9,TECH004,3290049,111000.0,3401049.0,2023-03-18,1.2,벨트 교체
MNT-000162,EQP007,2022-07-15,예방정비,COMPLETED,14.7,18.7,TECH003,3490233,899000.0,4389233.0,2022-08-14,2.6,부품 교체 완료
MNT-000163,EQP005,2024-08-13,사후정비,COMPLETED,11.7,13.5,TECH010,,694000.0,,2024-09-12,9.5,정상 완료
MNT-000164,EQP003,2022-07-23,예방정비,COMPLETED,2.4,2.9,TECH009,1290585,112000.0,1402585.0,2022-09-21,2.7,
MNT-000165,EQP001,2024-09-01,예방정비,COMPLETED,13.4,11.0,TECH001,208438,396000.0,604438.0,2024-10-01,9.3,축 정렬 완료
MNT-000166,EQP005,2024-05-13,사후정비,COMPLETED,11.7,12.2,TECH001,,502000.0,,2024-06-12,5.2,교정 완료
MNT-000167,EQP003,2024-04-23,예방정비,COMPLETED,2.9,3.8,TECH002,1186513,176000.0,1362513.0,2024-06-22,2.9,
MNT-000168,EQP013,2022-08-12,예방정비,COMPLETED,9.4,12.9,TECH005,3275664,635000.0,3910664.0,2022-10-11,6.5,벨트 교체
MNT-000169,EQP007,2023-03-08,사후정비,SCHEDULED,5.8,,TECH009,,,,2023-04-07,0.6,센서 교체
MNT-000170,EQP004,2024-02-10,예방정비,COMPLETED,13.5,16.8,TECH003,3826363,951000.0,4777363.0,2024-03-11,2.7,부품 교체 완료
MNT-000171,EQP002,2023-07-01,예방정비,COMPLETED,10.5,14.6,TECH006,4272448,577000.0,4849448.0,2023-07-31,1.5,오일 교환 완료
MNT-000172,EQP007,2022-12-11,사후정비,COMPLETED,3.3,3.1,TECH005,3606869,96000.0,3702869.0,2023-01-10,1.7,부품 교체 완료
MNT-000173,EQP010,2022-11-24,예방정비,COMPLETED,3.5,4.0,TECH004,2923550,141000.0,3064550.0,2023-02-22,1.0,
MNT-000174,EQP005,2022-05-15,예방정비,COMPLETED,7.1,9.9,TECH008,4932356,521000.0,5453356.0,2022-06-14,4.7,정상 완료
MNT-000175,EQP011,2024-12-28,사후정비,COMPLETED,3.1,4.1,TECH003,,212000.0,,2025-01-27,0.6,오일 교환 완료
MNT-000176,EQP004,2023-09-27,개량정비,COMPLETED,5.9,7.7,TECH002,4778587,284000.0,5062587.0,2023-10-27,4.4,센서 교체
MNT-000177,EQP008,2022-01-07,예방정비,COMPLETED,15.5,17.3,TECH007,1548130,769000.0,2317130.0,2022-02-06,4.1,정상 완료
MNT-000178,EQP014,2022-04-17,개량정비,COMPLETED,8.8,11.7,TECH007,4614405,427000.0,5041405.0,2022-05-17,2.2,교정 완료
MNT-000179,EQP002,2022-04-25,예방정비,COMPLETED,15.0,12.8,TECH007,338883,754000.0,1092883.0,2022-05-25,6.2,교정 완료
MNT-000180,EQP014,2022-08-03,사후정비,COMPLETED,11.0,13.6,TECH008,672245,632000.0,1304245.0,2022-09-02,12.8,정상 완료
MNT-000181,EQP011,2023-12-19,예방정비,COMPLETED,14.4,13.5,TECH001,,471000.0,,2024-01-18,6.2,
MNT-000182,EQP008,2022-05-21,예방정비,COMPLETED,5.3,6.2,TECH010,2223299,364000.0,2587299.0,2022-06-20,1.7,부품 교체 완료
MNT-000183,EQP002,2024-05-26,예방정비,COMPLETED,3.6,3.5,TECH003,1019093,163000.0,1182093.0,2024-06-25,1.6,교정 완료
MNT-000184,EQP001,2023-05-10,예방정비,COMPLETED,5.8,5.1,TECH010,4676423,257000.0,4933423.0,2023-06-09,2.7,부품 교체 완료
MNT-000185,EQP013,2024-04-21,예방정비,COMPLETED,2.5,2.1,TECH001,1365955,67000.0,1432955.0,2024-06-20,2.0,축 정렬 완료
MNT-000186,EQP007,2024-06-13,예방정비,COMPLETED,8.6,7.5,TECH006,2829621,344000.0,3173621.0,2024-07-13,1.7,
MNT-000187,EQP011,2022-05-22,예방정비,COMPLETED,3.0,3.1,TECH008,1979857,159000.0,2138857.0,2022-06-21,1.7,
MNT-000188,EQP007,2022-02-28,예방정비,COMPLETED,3.7,4.7,TECH006,,148000.0,,2022-03-30,0.6,
MNT-000189,EQP003,2024-12-15,긴급정비,COMPLETED,15.4,13.2,TECH002,,478000.0,,2025-02-13,11.7,정상 완료
MNT-000190,EQP001,2022-06-25,사후정비,COMPLETED,11.6,14.3,TECH010,4040802,714000.0,4754802.0,2022-07-25,5.5,필터 청소
MNT-000191,EQP006,2023-09-12,예방정비,COMPLETED,7.5,10.2,TECH010,1501188,582000.0,2083188.0,2023-11-11,2.4,
MNT-000192,EQP004,2024-06-27,예방정비,COMPLETED,11.5,15.0,TECH008,350461,705000.0,1055461.0,2024-07-27,1.5,부품 교체 완료
MNT-000193,EQP012,2022-01-26,예방정비,COMPLETED,5.2,6.6,TECH009,585229,261000.0,846229.0,2022-02-25,4.7,센서 교체
MNT-000194,EQP006,2023-12-29,예방정비,COMPLETED,2.9,2.4,TECH003,3639526,116000.0,3755526.0,2024-02-27,1.7,축 정렬 완료
MNT-000195,EQP008,2023-01-10,예방정비,COMPLETED,9.3,12.8,TECH003,2983494,439000.0,3422494.0,2023-02-09,8.1,필터 청소
MNT-000196,EQP010,2024-10-11,예방정비,COMPLETED,2.9,3.9,TECH006,3513205,222000.0,3735205.0,2025-01-09,3.7,센서 교체
MNT-000197,EQP008,2022-12-18,예방정비,COMPLETED,12.9,17.1,TECH004,1299864,667000.0,1966864.0,2023-01-17,1.0,
MNT-000198,EQP012,2024-12-03,사후정비,COMPLETED,3.9,5.2,TECH010,3741112,174000.0,3915112.0,2025-01-02,5.1,벨트 교체
MNT-000199,EQP001,2022-08-08,예방정비,COMPLETED,10.0,8.7,TECH003,4993975,277000.0,5270975.0,2022-09-07,1.0,
MNT-000200,EQP014,2024-06-23,사후정비,COMPLETED,10.9,9.4,TECH003,1749731,325000.0,2074731.0,2024-07-23,3.1,벨트 교체
MNT-000201,EQP001,2022-08-18,사후정비,COMPLETED,13.7,14.7,TECH003,586113,476000.0,1062113.0,2022-09-17,11.2,오일 교환 완료
MNT-000202,EQP011,2024-07-25,사후정비,COMPLETED,4.0,5.5,TECH005,3315405,244000.0,3559405.0,2024-08-24,3.5,정상 완료
MNT-000203,EQP003,2024-08-03,예방정비,COMPLETED,8.8,10.0,TECH002,1193489,459000.0,1652489.0,2024-10-02,6.2,정상 완료
MNT-000204,EQP007,2022-04-24,긴급정비,COMPLETED,13.9,13.5,TECH009,2130303,538000.0,2668303.0,2022-05-24,5.3,축 정렬 완료
MNT-000205,EQP011,2023-01-26,예방정비,COMPLETED,4.7,4.0,TECH004,1562823,161000.0,1723823.0,2023-02-25,2.5,축 정렬 완료
MNT-000206,EQP013,2024-04-15,예방정비,COMPLETED,4.9,6.6,TECH002,3183462,282000.0,3465462.0,2024-06-14,1.0,필터 청소
MNT-000207,EQP015,2023-03-26,예방정비,COMPLETED,10.7,8.8,TECH005,82088,511000.0,593088.0,2023-06-24,4.8,센서 교체
MNT-000208,EQP005,2024-06-24,예방정비,COMPLETED,12.9,17.5,TECH001,961976,820000.0,1781976.0,2024-07-24,8.6,
MNT-000209,EQP015,2024-09-26,사후정비,COMPLETED,5.6,4.8,TECH003,938884,155000.0,1093884.0,2024-12-25,2.0,교정 완료
MNT-000210,EQP008,2022-01-29,사후정비,COMPLETED,12.6,10.7,TECH004,2598250,341000.0,2939250.0,2022-02-28,8.7,필터 청소
MNT-000211,EQP014,2022-11-30,예방정비,COMPLETED,9.1,7.8,TECH010,3878651,378000.0,4256651.0,2022-12-30,5.0,부품 교체 완료
MNT-000212,EQP004,2022-06-18,예방정비,COMPLETED,7.4,9.5,TECH010,3888327,564000.0,4452327.0,2022-07-18,1.5,축 정렬 완료
MNT-000213,EQP013,2024-06-02,사후정비,COMPLETED,4.4,4.5,TECH002,587820,199000.0,786820.0,2024-08-01,3.7,교정 완료
MNT-000214,EQP010,2024-01-15,사후정비,SCHEDULED,8.2,,TECH003,,,,2024-04-14,8.1,부품 교체 완료
MNT-000215,EQP008,2022-10-10,예방정비,COMPLETED,3.2,3.2,TECH010,209719,160000.0,369719.0,2022-11-09,2.8,교정 완료
MNT-000216,EQP013,2022-08-12,예방정비,COMPLETED,15.5,18.2,TECH009,1262370,803000.0,2065370.0,2022-10-11,9.1,필터 청소
MNT-000217,EQP009,2024-07-05,예방정비,SCHEDULED,6.2,,TECH006,,,,2024-10-03,5.8,
MNT-000218,EQP002,2024-04-15,예방정비,COMPLETED,8.7,8.3,TECH001,,321000.0,,2024-05-15,5.3,축 정렬 완료
MNT-000219,EQP009,2024-01-22,사후정비,COMPLETED,13.8,17.3,TECH008,872901,932000.0,1804901.0,2024-04-21,2.9,벨트 교체
MNT-000220,EQP004,2023-04-24,긴급정비,COMPLETED,3.1,3.4,TECH010,4256755,149000.0,4405755.0,2023-05-24,3.1,
MNT-000221,EQP002,2023-10-10,예방정비,COMPLETED,13.3,11.2,TECH001,605521,602000.0,1207521.0,2023-11-09,1.9,교정 완료
MNT-000222,EQP007,2023-10-08,사후정비,COMPLETED,9.9,11.2,TECH004,3639194,599000.0,4238194.0,2023-11-07,7.2,축 정렬 완료
MNT-000223,EQP007,2022-11-18,개량정비,COMPLETED,15.7,16.7,TECH007,3763016,617000.0,4380016.0,2022-12-18,0.9,센서 교체
MNT-000224,EQP006,2023-02-18,사후정비,COMPLETED,11.4,10.8,TECH001,3889580,350000.0,4239580.0,2023-04-19,7.7,
MNT-000225,EQP007,2024-09-20,예방정비,COMPLETED,14.1,13.9,TECH007,,561000.0,,2024-10-20,5.6,부품 교체 완료
MNT-000226,EQP007,2022-02-17,예방정비,COMPLETED,12.1,14.1,TECH008,,563000.0,,2022-03-19,5.0,오일 교환 완료
MNT-000227,EQP014,2023-12-28,예방정비,SCHEDULED,10.3,,TECH002,,,,2024-01-27,6.9,정상 완료
MNT-000228,EQP001,2022-05-27,예방정비,COMPLETED,13.7,14.0,TECH001,3399275,804000.0,4203275.0,2022-06-26,3.4,교정 완료
MNT-000229,EQP008,2023-04-10,예방정비,SCHEDULED,16.0,,TECH005,,,,2023-05-10,3.7,교정 완료
MNT-000230,EQP003,2022-01-21,사후정비,COMPLETED,15.2,20.6,TECH005,3200229,1226000.0,4426229.0,2022-03-22,14.3,오일 교환 완료
MNT-000231,EQP010,2023-11-19,개량정비,COMPLETED,9.4,12.3,TECH001,1842220,672000.0,2514220.0,2024-02-17,0.7,
MNT-000232,EQP007,2023-11-04,예방정비,SCHEDULED,2.3,,TECH008,,,,2023-12-04,2.2,부품 교체 완료
MNT-000233,EQP008,2024-02-28,사후정비,COMPLETED,12.2,14.4,TECH008,885316,581000.0,1466316.0,2024-03-29,11.0,벨트 교체
MNT-000234,EQP008,2022-02-04,예방정비,COMPLETED,6.3,6.5,TECH004,4850654,234000.0,5084654.0,2022-03-06,1.1,부품 교체 완료
MNT-000235,EQP003,2023-09-29,예방정비,COMPLETED,6.0,5.5,TECH006,2762208,179000.0,2941208.0,2023-11-28,3.5,부품 교체 완료
MNT-000236,EQP001,2024-05-22,예방정비,COMPLETED,4.1,5.0,TECH006,3589862,231000.0,3820862.0,2024-06-21,4.4,교정 완료
MNT-000237,EQP005,2022-10-03,예방정비,COMPLETED,12.2,10.5,TECH008,595675,607000.0,1202675.0,2022-11-02,3.5,정상 완료
MNT-000238,EQP006,2024-03-08,긴급정비,COMPLETED,3.4,3.6,TECH003,1027219,190000.0,1217219.0,2024-05-07,0.7,오일 교환 완료
MNT-000239,EQP009,2024-02-21,예방정비,COMPLETED,15.8,14.3,TECH003,4021308,630000.0,4651308.0,2024-05-21,7.2,센서 교체
MNT-000240,EQP013,2024-08-29,예방정비,COMPLETED,11.2,10.5,TECH010,,328000.0,,2024-10-28,5.9,
MNT-000241,EQP013,2024-12-02,긴급정비,COMPLETED,6.6,7.2,TECH005,314900,354000.0,668900.0,2025-01-31,2.0,부품 교체 완료
MNT-000242,EQP015,2023-01-10,긴급정비,SCHEDULED,6.7,,TECH010,,,,2023-04-10,5.6,오일 교환 완료
MNT-000243,EQP011,2023-03-16,예방정비,COMPLETED,4.3,4.5,TECH007,429991,198000.0,627991.0,2023-04-15,2.7,벨트 교체
MNT-000244,EQP014,2022-03-30,개량정비,COMPLETED,9.2,9.2,TECH005,,527000.0,,2022-04-29,1.2,부품 교체 완료
MNT-000245,EQP002,2022-03-01,예방정비,SCHEDULED,12.9,,TECH002,,,,2022-03-31,11.2,벨트 교체
MNT-000246,EQP012,2023-06-05,예방정비,COMPLETED,8.2,10.9,TECH005,,345000.0,,2023-07-05,3.7,
MNT-000247,EQP009,2024-12-03,사후정비,COMPLETED,9.1,10.1,TECH010,,529000.0,,2025-03-03,2.9,
MNT-000248,EQP006,2022-02-26,긴급정비,COMPLETED,12.4,17.1,TECH005,3275333,668000.0,3943333.0,2022-04-27,17.0,오일 교환 완료
MNT-000249,EQP002,2022-08-08,예방정비,COMPLETED,5.7,6.4,TECH004,4279513,199000.0,4478513.0,2022-09-07,1.5,벨트 교체
MNT-000250,EQP013,2023-12-05,사후정비,COMPLETED,12.8,17.3,TECH008,1595291,1005000.0,2600291.0,2024-02-03,7.4,
MNT-000251,EQP006,2022-04-27,예방정비,COMPLETED,6.0,8.3,TECH003,322875,442000.0,764875.0,2022-06-26,7.8,부품 교체 완료
MNT-000252,EQP001,2024-05-22,긴급정비,COMPLETED,4.5,5.5,TECH010,3687582,181000.0,3868582.0,2024-06-21,1.5,부품 교체 완료
MNT-000253,EQP001,2022-07-29,개량정비,SCHEDULED,8.9,,TECH010,,,,2022-08-28,6.3,부품 교체 완료
MNT-000254,EQP010,2022-01-19,예방정비,COMPLETED,12.9,10.6,TECH008,2800702,473000.0,3273702.0,2022-04-19,9.8,벨트 교체
MNT-000255,EQP007,2023-11-08,예방정비,COMPLETED,11.6,12.7,TECH005,578071,688000.0,1266071.0,2023-12-08,3.9,벨트 교체
MNT-000256,EQP010,2024-02-06,긴급정비,COMPLETED,2.1,2.1,TECH010,292806,103000.0,395806.0,2024-05-06,1.0,정상 완료
MNT-000257,EQP014,2022-02-06,예방정비,COMPLETED,14.1,14.7,TECH003,2902886,794000.0,3696886.0,2022-03-08,1.9,
MNT-000258,EQP001,2023-05-24,사후정비,IN_PROGRESS,5.2,6.8,TECH003,4110500,311000.0,4421500.0,2023-06-23,3.1,필터 청소
MNT-000259,EQP012,2024-07-01,예방정비,COMPLETED,2.8,2.3,TECH010,606918,70000.0,676918.0,2024-07-31,1.3,교정 완료
MNT-000260,EQP008,2024-06-07,예방정비,COMPLETED,9.4,9.5,TECH006,3808195,296000.0,4104195.0,2024-07-07,8.9,센서 교체
MNT-000261,EQP013,2023-08-03,사후정비,COMPLETED,3.1,2.6,TECH004,2925092,148000.0,3073092.0,2023-10-02,1.5,정상 완료
MNT-000262,EQP004,2024-12-29,사후정비,COMPLETED,13.1,17.1,TECH005,4141680,672000.0,4813680.0,2025-01-28,8.6,정상 완료
MNT-000263,EQP015,2024-04-03,사후정비,COMPLETED,10.7,14.4,TECH003,1769776,609000.0,2378776.0,2024-07-02,13.5,오일 교환 완료
MNT-000264,EQP002,2022-06-13,예방정비,COMPLETED,13.1,15.6,TECH006,3669508,898000.0,4567508.0,2022-07-13,5.0,오일 교환 완료
MNT-000265,EQP006,2022-02-22,예방정비,SCHEDULED,12.1,,TECH010,,,,2022-04-23,5.4,부품 교체 완료
MNT-000266,EQP007,2022-10-16,사후정비,COMPLETED,7.7,10.7,TECH004,2127992,334000.0,2461992.0,2022-11-15,1.1,교정 완료
MNT-000267,EQP005,2022-11-14,개량정비,SCHEDULED,8.6,,TECH002,,,,2022-12-14,3.5,오일 교환 완료
MNT-000268,EQP004,2024-10-01,예방정비,COMPLETED,15.2,19.3,TECH002,907293,1063000.0,1970293.0,2024-10-31,13.6,교정 완료
MNT-000269,EQP007,2023-05-02,예방정비,COMPLETED,8.6,11.3,TECH010,890228,425000.0,1315228.0,2023-06-01,1.5,오일 교환 완료
MNT-000270,EQP013,2024-05-27,사후정비,COMPLETED,4.7,5.4,TECH002,,164000.0,,2024-07-26,3.8,축 정렬 완료
MNT-000271,EQP013,2024-02-15,예방정비,COMPLETED,15.3,16.7,TECH010,1355488,576000.0,1931488.0,2024-04-15,6.4,오일 교환 완료
MNT-000272,EQP002,2024-01-16,예방정비,SCHEDULED,4.8,,TECH003,,,,2024-02-15,0.8,부품 교체 완료
MNT-000273,EQP012,2022-09-29,예방정비,COMPLETED,6.6,6.4,TECH004,,342000.0,,2022-10-29,2.1,벨트 교체
MNT-000274,EQP003,2023-05-30,예방정비,COMPLETED,14.2,15.6,TECH010,129177,708000.0,837177.0,2023-07-29,5.1,부품 교체 완료
MNT-000275,EQP011,2023-08-25,사후정비,COMPLETED,11.4,12.5,TECH004,4278814,738000.0,5016814.0,2023-09-24,3.9,오일 교환 완료
MNT-000276,EQP013,2022-12-05,사후정비,COMPLETED,8.1,10.4,TECH005,279727,564000.0,843727.0,2023-02-03,6.2,오일 교환 완료
MNT-000277,EQP001,2024-07-08,예방정비,COMPLETED,7.1,6.0,TECH005,3960114,328000.0,4288114.0,2024-08-07,2.1,
MNT-000278,EQP005,2023-10-13,긴급정비,COMPLETED,15.6,18.8,TECH003,3551977,748000.0,4299977.0,2023-11-12,11.2,교정 완료
MNT-000279,EQP003,2024-06-24,예방정비,COMPLETED,10.9,11.1,TECH001,1910223,516000.0,2426223.0,2024-08-23,6.6,오일 교환 완료
MNT-000280,EQP011,2024-05-19,예방정비,COMPLETED,4.6,6.2,TECH003,1721307,334000.0,2055307.0,2024-06-18,3.2,센서 교체
MNT-000281,EQP011,2022-11-19,예방정비,COMPLETED,6.0,5.7,TECH006,,238000.0,,2022-12-19,5.2,
MNT-000282,EQP006,2022-03-23,예방정비,COMPLETED,14.5,14.6,TECH009,4844438,720000.0,5564438.0,2022-05-22,1.9,정상 완료
MNT-000283,EQP008,2023-07-03,예방정비,COMPLETED,12.4,14.2,TECH009,930100,484000.0,1414100.0,2023-08-02,10.8,부품 교체 완료
MNT-000284,EQP013,2022-04-22,사후정비,COMPLETED,13.7,11.6,TECH003,,665000.0,,2022-06-21,9.0,부품 교체 완료
MNT-000285,EQP007,2024-07-15,예방정비,COMPLETED,13.1,14.1,TECH002,1291551,790000.0,2081551.0,2024-08-14,9.2,오일 교환 완료
MNT-000286,EQP003,2022-07-12,예방정비,COMPLETED,11.1,9.5,TECH001,2427605,535000.0,2962605.0,2022-09-10,8.2,
MNT-000287,EQP006,2022-01-20,예방정비,IN_PROGRESS,13.0,17.2,TECH009,530330,821000.0,1351330.0,2022-03-21,16.1,필터 청소
MNT-000288,EQP011,2024-11-29,예방정비,COMPLETED,5.5,7.6,TECH003,,446000.0,,2024-12-29,2.2,오일 교환 완료
MNT-000289,EQP007,2023-03-08,예방정비,COMPLETED,5.7,6.9,TECH007,4773520,412000.0,5185520.0,2023-04-07,6.0,정상 완료
MNT-000290,EQP009,2024-12-07,사후정비,COMPLETED,5.0,5.1,TECH010,,184000.0,,2025-03-07,3.5,정상 완료
MNT-000291,EQP003,2024-09-03,예방정비,COMPLETED,4.9,4.3,TECH010,3445661,188000.0,3633661.0,2024-11-02,1.1,교정 완료
MNT-000292,EQP008,2022-03-10,예방정비,SCHEDULED,12.8,,TECH001,,,,2022-04-09,11.0,
MNT-000293,EQP015,2024-01-19,사후정비,COMPLETED,8.7,10.5,TECH009,1927630,619000.0,2546630.0,2024-04-18,1.1,벨트 교체
MNT-000294,EQP014,2024-10-31,사후정비,COMPLETED,2.7,2.7,TECH009,4071250,142000.0,4213250.0,2024-11-30,1.4,축 정렬 완료
MNT-000295,EQP014,2023-01-21,사후정비,COMPLETED,8.2,10.6,TECH008,4709491,606000.0,5315491.0,2023-02-20,0.9,필터 청소
MNT-000296,EQP012,2022-09-08,사후정비,COMPLETED,11.6,14.4,TECH001,,523000.0,,2022-10-08,14.3,축 정렬 완료
MNT-000297,EQP004,2022-12-24,사후정비,COMPLETED,10.6,11.4,TECH001,1896863,456000.0,2352863.0,2023-01-23,1.0,교정 완료
MNT-000298,EQP011,2024-01-25,예방정비,COMPLETED,5.8,7.6,TECH008,2510322,312000.0,2822322.0,2024-02-24,4.5,
MNT-000299,EQP007,2023-04-11,사후정비,IN_PROGRESS,10.1,11.3,TECH009,568875,556000.0,1124875.0,2023-05-11,8.7,
MNT-000300,EQP005,2024-03-09,예방정비,COMPLETED,2.9,3.8,TECH006,2865599,218000.0,3083599.0,2024-04-08,2.8,부품 교체 완료
MNT-000301,EQP006,2023-12-21,예방정비,IN_PROGRESS,2.4,3.2,TECH001,3959267,117000.0,4076267.0,2024-02-19,3.1,축 정렬 완료
MNT-000302,EQP011,2022-04-14,예방정비,COMPLETED,2.8,2.6,TECH004,,145000.0,,2022-05-14,0.7,벨트 교체
MNT-000303,EQP013,2024-10-22,예방정비,COMPLETED,4.8,6.3,TECH003,2943020,297000.0,3240020.0,2024-12-21,4.8,필터 청소
MNT-000304,EQP004,2023-07-10,사후정비,COMPLETED,11.6,13.0,TECH004,1202902,703000.0,1905902.0,2023-08-09,7.4,부품 교체 완료
MNT-000305,EQP012,2024-06-17,예방정비,SCHEDULED,15.1,,TECH001,,,,2024-07-17,10.5,센서 교체
MNT-000306,EQP002,2024-08-09,사후정비,COMPLETED,11.4,11.8,TECH010,2947342,382000.0,3329342.0,2024-09-08,10.1,
MNT-000307,EQP015,2022-09-07,개량정비,COMPLETED,8.3,7.6,TECH001,3330413,427000.0,3757413.0,2022-12-06,6.2,필터 청소
MNT-000308,EQP005,2024-02-13,예방정비,COMPLETED,15.6,16.7,TECH002,3882708,966000.0,4848708.0,2024-03-14,10.2,부품 교체 완료
MNT-000309,EQP014,2023-10-29,예방정비,COMPLETED,9.7,8.5,TECH010,,455000.0,,2023-11-28,1.7,정상 완료
MNT-000310,EQP005,2022-07-26,사후정비,COMPLETED,13.2,13.9,TECH003,1780625,659000.0,2439625.0,2022-08-25,11.8,
MNT-000311,EQP003,2024-10-18,사후정비,SCHEDULED,5.3,,TECH003,,,,2024-12-17,4.9,센서 교체
MNT-000312,EQP012,2022-05-01,사후정비,COMPLETED,12.2,17.0,TECH002,4147418,676000.0,4823418.0,2022-05-31,5.9,교정 완료
MNT-000313,EQP011,2022-03-12,예방정비,COMPLETED,4.4,3.6,TECH006,336069,209000.0,545069.0,2022-04-11,2.2,교정 완료
MNT-000314,EQP007,2022-11-14,예방정비,IN_PROGRESS,15.6,13.0,TECH009,2013592,657000.0,2670592.0,2022-12-14,6.7,필터 청소
MNT-000315,EQP012,2022-10-30,사후정비,COMPLETED,3.4,4.0,TECH006,4147524,200000.0,4347524.0,2022-11-29,3.6,부품 교체 완료
MNT-000316,EQP004,2022-12-06,예방정비,COMPLETED,7.9,6.5,TECH004,,347000.0,,2023-01-05,4.2,교정 완료
MNT-000317,EQP007,2024-02-01,예방정비,COMPLETED,3.2,4.3,TECH003,2983614,159000.0,3142614.0,2024-03-02,4.3,정상 완료
MNT-000318,EQP003,2022-04-24,예방정비,COMPLETED,14.5,16.3,TECH002,4351606,804000.0,5155606.0,2022-06-23,4.4,교정 완료
MNT-000319,EQP005,2024-02-04,예방정비,COMPLETED,4.9,5.9,TECH008,4385952,198000.0,4583952.0,2024-03-05,5.5,교정 완료
MNT-000320,EQP003,2023-07-16,사후정비,COMPLETED,6.7,8.7,TECH008,616724,457000.0,1073724.0,2023-09-14,2.6,부품 교체 완료
MNT-000321,EQP001,2023-10-04,긴급정비,COMPLETED,3.2,2.6,TECH002,,100000.0,,2023-11-03,2.3,정상 완료
MNT-000322,EQP005,2024-03-09,예방정비,COMPLETED,2.1,2.5,TECH005,1116148,139000.0,1255148.0,2024-04-08,1.0,
MNT-000323,EQP010,2022-07-18,예방정비,COMPLETED,13.0,10.4,TECH003,4341496,540000.0,4881496.0,2022-10-16,5.2,오일 교환 완료
MNT-000324,EQP011,2023-01-10,예방정비,COMPLETED,5.4,5.6,TECH008,255781,278000.0,533781.0,2023-02-09,3.3,벨트 교체
MNT-000325,EQP003,2023-09-03,예방정비,COMPLETED,2.8,2.6,TECH006,815513,136000.0,951513.0,2023-11-02,0.8,벨트 교체
MNT-000326,EQP003,2023-12-19,예방정비,COMPLETED,14.1,18.7,TECH009,1761870,569000.0,2330870.0,2024-02-17,14.3,
MNT-000327,EQP001,2024-12-06,예방정비,COMPLETED,3.0,3.7,TECH003,599425,191000.0,790425.0,2025-01-05,0.9,
MNT-000328,EQP007,2022-01-10,긴급정비,COMPLETED,3.9,4.5,TECH007,3559808,262000.0,3821808.0,2022-02-09,3.3,축 정렬 완료
MNT-000329,EQP004,2022-02-21,예방정비,COMPLETED,8.1,7.6,TECH010,2599567,363000.0,2962567.0,2022-03-23,2.2,벨트 교체
MNT-000330,EQP009,2022-03-02,예방정비,COMPLETED,8.8,9.6,TECH002,3488899,380000.0,3868899.0,2022-05-31,5.2,필터 청소
MNT-000331,EQP003,2022-11-09,긴급정비,COMPLETED,7.4,6.4,TECH009,894602,260000.0,1154602.0,2023-01-08,5.9,
MNT-000332,EQP012,2023-02-08,사후정비,COMPLETED,5.5,4.6,TECH003,213469,261000.0,474469.0,2023-03-10,1.7,교정 완료
MNT-000333,EQP013,2022-08-17,예방정비,COMPLETED,4.9,4.2,TECH002,3780331,159000.0,3939331.0,2022-10-16,3.2,교정 완료
MNT-000334,EQP002,2024-09-04,예방정비,COMPLETED,15.3,21.3,TECH010,3393182,1175000.0,4568182.0,2024-10-04,10.4,오일 교환 완료
MNT-000335,EQP002,2023-01-24,개량정비,COMPLETED,4.5,5.0,TECH009,4328767,211000.0,4539767.0,2023-02-23,3.4,
MNT-000336,EQP013,2023-05-11,예방정비,COMPLETED,14.8,18.8,TECH009,3808056,995000.0,4803056.0,2023-07-10,4.4,필터 청소
MNT-000337,EQP015,2024-11-22,긴급정비,COMPLETED,11.6,15.0,TECH008,,612000.0,,2025-02-20,10.9,센서 교체
MNT-000338,EQP011,2022-09-30,사후정비,COMPLETED,14.7,19.3,TECH006,1364193,601000.0,1965193.0,2022-10-30,17.2,정상 완료
MNT-000339,EQP007,2023-04-25,개량정비,COMPLETED,12.9,10.7,TECH010,1901333,431000.0,2332333.0,2023-05-25,9.8,오일 교환 완료
MNT-000340,EQP001,2022-12-27,예방정비,COMPLETED,8.3,7.0,TECH010,2166312,377000.0,2543312.0,2023-01-26,1.0,부품 교체 완료
MNT-000341,EQP010,2022-01-05,예방정비,COMPLETED,2.8,3.0,TECH007,483338,130000.0,613338.0,2022-04-05,2.1,교정 완료
MNT-000342,EQP015,2023-06-14,예방정비,IN_PROGRESS,9.9,13.6,TECH007,3109056,414000.0,3523056.0,2023-09-12,6.4,
MNT-000343,EQP015,2022-11-14,예방정비,COMPLETED,11.4,11.6,TECH008,3774714,503000.0,4277714.0,2023-02-12,10.4,
MNT-000344,EQP001,2022-01-16,예방정비,COMPLETED,6.4,8.7,TECH001,2164245,267000.0,2431245.0,2022-02-15,4.5,
MNT-000345,EQP009,2023-02-22,예방정비,COMPLETED,14.0,15.2,TECH006,1850252,569000.0,2419252.0,2023-05-23,5.7,교정 완료
MNT-000346,EQP009,2023-02-04,예방정비,COMPLETED,3.8,4.6,TECH009,863518,250000.0,1113518.0,2023-05-05,2.4,정상 완료
MNT-000347,EQP009,2024-09-23,예방정비,COMPLETED,9.6,10.7,TECH010,4609733,395000.0,5004733.0,2024-12-22,6.5,벨트 교체
MNT-000348,EQP005,2023-01-27,사후정비,COMPLETED,11.7,9.9,TECH009,1879880,543000.0,2422880.0,2023-02-26,5.3,정상 완료
MNT-000349,EQP008,2024-12-21,예방정비,COMPLETED,15.5,13.3,TECH004,4638541,683000.0,5321541.0,2025-01-20,6.4,교정 완료
MNT-000350,EQP006,2023-01-29,예방정비,COMPLETED,10.6,14.6,TECH004,2605991,569000.0,3174991.0,2023-03-30,0.9,벨트 교체
MNT-000351,EQP014,2023-05-16,사후정비,COMPLETED,5.4,5.0,TECH008,4132359,184000.0,4316359.0,2023-06-15,3.5,오일 교환 완료
MNT-000352,EQP001,2024-12-09,예방정비,COMPLETED,10.6,13.8,TECH010,2898290,671000.0,3569290.0,2025-01-08,10.4,부품 교체 완료
MNT-000353,EQP009,2024-11-25,예방정비,COMPLETED,2.9,2.9,TECH008,2575064,100000.0,2675064.0,2025-02-23,2.5,교정 완료
MNT-000354,EQP001,2022-04-18,예방정비,COMPLETED,2.5,3.2,TECH008,,184000.0,,2022-05-18,0.9,정상 완료
MNT-000355,EQP010,2022-08-11,예방정비,COMPLETED,5.8,6.1,TECH004,3869531,281000.0,4150531.0,2022-11-09,4.8,오일 교환 완료
MNT-000356,EQP013,2023-06-05,예방정비,COMPLETED,13.8,12.7,TECH008,141664,494000.0,635664.0,2023-08-04,7.7,부품 교체 완료
MNT-000357,EQP001,2024-08-16,예방정비,COMPLETED,11.4,10.6,TECH001,1503706,487000.0,1990706.0,2024-09-15,8.0,오일 교환 완료
MNT-000358,EQP014,2022-12-07,예방정비,COMPLETED,9.3,7.8,TECH010,,272000.0,,2023-01-06,1.4,
MNT-000359,EQP009,2024-11-04,예방정비,COMPLETED,3.0,3.1,TECH001,171632,156000.0,327632.0,2025-02-02,2.6,부품 교체 완료
MNT-000360,EQP008,2023-10-22,예방정비,COMPLETED,7.8,7.8,TECH009,2196558,324000.0,2520558.0,2023-11-21,5.6,오일 교환 완료
MNT-000361,EQP011,2024-11-07,예방정비,COMPLETED,6.9,8.5,TECH005,,317000.0,,2024-12-07,2.9,센서 교체
MNT-000362,EQP001,2023-03-11,긴급정비,COMPLETED,8.6,10.1,TECH004,3456926,421000.0,3877926.0,2023-04-10,1.2,오일 교환 완료
MNT-000363,EQP014,2022-02-24,사후정비,COMPLETED,8.4,8.2,TECH006,1938500,411000.0,2349500.0,2022-03-26,3.4,벨트 교체
MNT-000364,EQP008,2022-06-10,사후정비,COMPLETED,14.6,15.9,TECH006,1216376,713000.0,1929376.0,2022-07-10,4.1,교정 완료
MNT-000365,EQP004,2024-04-27,개량정비,COMPLETED,3.6,5.0,TECH002,580757,182000.0,762757.0,2024-05-27,3.9,오일 교환 완료
MNT-000366,EQP013,2022-08-01,사후정비,IN_PROGRESS,7.0,6.9,TECH006,,278000.0,,2022-09-30,3.4,오일 교환 완료
MNT-000367,EQP002,2022-12-31,개량정비,COMPLETED,4.8,6.6,TECH006,3362967,218000.0,3580967.0,2023-01-30,2.4,센서 교체
MNT-000368,EQP006,2022-05-04,예방정비,COMPLETED,9.7,9.0,TECH006,4120734,480000.0,4600734.0,2022-07-03,8.6,
MNT-000369,EQP005,2024-08-12,예방정비,COMPLETED,7.7,9.7,TECH004,,499000.0,,2024-09-11,9.2,
MNT-000370,EQP013,2024-04-09,예방정비,COMPLETED,2.7,2.4,TECH001,1389847,84000.0,1473847.0,2024-06-08,2.2,축 정렬 완료
MNT-000371,EQP005,2022-01-20,예방정비,COMPLETED,6.1,8.5,TECH001,1737525,367000.0,2104525.0,2022-02-19,4.4,센서 교체
MNT-000372,EQP003,2023-05-01,긴급정비,SCHEDULED,2.3,,TECH006,,,,2023-06-30,2.1,축 정렬 완료
MNT-000373,EQP015,2022-05-13,사후정비,COMPLETED,6.2,7.4,TECH005,214545,253000.0,467545.0,2022-08-11,4.6,
MNT-000374,EQP007,2024-09-29,사후정비,COMPLETED,10.8,11.8,TECH008,3601899,407000.0,4008899.0,2024-10-29,0.6,교정 완료
MNT-000375,EQP010,2024-10-10,예방정비,COMPLETED,10.0,11.1,TECH008,3422979,516000.0,3938979.0,2025-01-08,7.1,부품 교체 완료
MNT-000376,EQP002,2022-05-05,예방정비,COMPLETED,13.8,11.3,TECH002,4371201,384000.0,4755201.0,2022-06-04,4.4,오일 교환 완료
MNT-000377,EQP012,2023-09-30,예방정비,COMPLETED,7.8,6.3,TECH003,,232000.0,,2023-10-30,3.8,부품 교체 완료
MNT-000378,EQP012,2024-08-01,예방정비,COMPLETED,6.7,7.9,TECH005,2472861,469000.0,2941861.0,2024-08-31,0.8,벨트 교체
MNT-000379,EQP013,2023-02-08,사후정비,COMPLETED,10.0,8.2,TECH002,192992,386000.0,578992.0,2023-04-09,5.5,교정 완료
MNT-000380,EQP001,2024-04-15,긴급정비,COMPLETED,2.8,3.6,TECH008,4667814,144000.0,4811814.0,2024-05-15,1.2,
MNT-000381,EQP004,2024-03-12,예방정비,COMPLETED,14.3,15.6,TECH009,,647000.0,,2024-04-11,2.4,오일 교환 완료
MNT-000382,EQP013,2023-12-04,예방정비,COMPLETED,11.9,15.2,TECH010,2779585,858000.0,3637585.0,2024-02-02,7.1,벨트 교체
MNT-000383,EQP004,2024-12-19,예방정비,SCHEDULED,14.7,,TECH005,,,,2025-01-18,1.5,정상 완료
MNT-000384,EQP011,2024-08-23,예방정비,COMPLETED,10.0,11.4,TECH001,1196916,411000.0,1607916.0,2024-09-22,1.8,교정 완료
MNT-000385,EQP015,2024-07-16,사후정비,SCHEDULED,5.2,,TECH003,,,,2024-10-14,3.0,축 정렬 완료
MNT-000386,EQP011,2023-01-06,긴급정비,COMPLETED,6.9,5.8,TECH002,,333000.0,,2023-02-05,3.3,부품 교체 완료
MNT-000387,EQP013,2024-03-01,사후정비,COMPLETED,8.6,10.2,TECH006,1220188,387000.0,1607188.0,2024-04-30,5.8,오일 교환 완료
MNT-000388,EQP008,2024-09-18,예방정비,COMPLETED,4.0,4.3,TECH006,4003620,152000.0,4155620.0,2024-10-18,3.8,정상 완료
MNT-000389,EQP012,2023-07-01,긴급정비,COMPLETED,8.1,10.1,TECH003,4700269,604000.0,5304269.0,2023-07-31,1.0,필터 청소
MNT-000390,EQP010,2022-07-01,예방정비,COMPLETED,9.5,12.8,TECH005,1148352,683000.0,1831352.0,2022-09-29,6.0,벨트 교체
MNT-000391,EQP014,2024-10-12,예방정비,COMPLETED,3.6,3.0,TECH004,3293153,166000.0,3459153.0,2024-11-11,0.9,필터 청소
MNT-000392,EQP002,2022-06-11,예방정비,COMPLETED,8.6,7.1,TECH009,645863,369000.0,1014863.0,2022-07-11,2.0,필터 청소
MNT-000393,EQP013,2022-02-12,예방정비,COMPLETED,3.1,3.5,TECH010,4998293,180000.0,5178293.0,2022-04-13,1.2,
MNT-000394,EQP009,2022-06-20,예방정비,COMPLETED,7.2,7.9,TECH005,4127289,462000.0,4589289.0,2022-09-18,0.7,오일 교환 완료
MNT-000395,EQP012,2022-06-25,사후정비,COMPLETED,8.8,10.2,TECH001,4027877,511000.0,4538877.0,2022-07-25,2.3,교정 완료
MNT-000396,EQP004,2023-02-20,사후정비,COMPLETED,2.3,2.3,TECH008,470857,122000.0,592857.0,2023-03-22,2.0,교정 완료
MNT-000397,EQP014,2024-04-12,사후정비,COMPLETED,12.0,15.4,TECH006,899766,725000.0,1624766.0,2024-05-12,7.0,벨트 교체
MNT-000398,EQP015,2024-01-04,예방정비,COMPLETED,11.5,12.6,TECH003,,462000.0,,2024-04-03,9.3,정상 완료
MNT-000399,EQP013,2023-02-16,예방정비,COMPLETED,10.2,9.1,TECH004,2626082,349000.0,2975082.0,2023-04-17,3.1,
MNT-000400,EQP015,2022-08-17,예방정비,COMPLETED,6.7,8.8,TECH009,141251,284000.0,425251.0,2022-11-15,5.4,축 정렬 완료
MNT-000401,EQP009,2022-12-13,예방정비,COMPLETED,12.6,13.1,TECH009,4172055,477000.0,4649055.0,2023-03-13,4.4,축 정렬 완료
MNT-000402,EQP008,2022-02-17,예방정비,IN_PROGRESS,15.9,15.8,TECH001,2594733,721000.0,3315733.0,2022-03-19,2.6,
MNT-000403,EQP011,2024-04-24,예방정비,COMPLETED,2.2,2.3,TECH006,4861787,101000.0,4962787.0,2024-05-24,2.2,축 정렬 완료
MNT-000404,EQP012,2022-06-15,예방정비,COMPLETED,11.7,12.6,TECH008,3238945,686000.0,3924945.0,2022-07-15,2.5,필터 청소
MNT-000405,EQP007,2024-02-28,긴급정비,COMPLETED,15.6,13.6,TECH001,3015242,685000.0,3700242.0,2024-03-29,7.0,필터 청소
MNT-000406,EQP001,2023-06-02,예방정비,COMPLETED,2.4,3.1,TECH010,763671,169000.0,932671.0,2023-07-02,2.9,
MNT-000407,EQP007,2024-02-04,예방정비,COMPLETED,4.5,5.9,TECH008,1093972,299000.0,1392972.0,2024-03-05,1.5,교정 완료
MNT-000408,EQP013,2022-01-23,긴급정비,COMPLETED,14.9,13.9,TECH004,4941257,572000.0,5513257.0,2022-03-24,11.1,
MNT-000409,EQP009,2024-08-07,예방정비,COMPLETED,11.5,11.9,TECH002,803138,446000.0,1249138.0,2024-11-05,4.1,
MNT-000410,EQP009,2024-07-12,예방정비,COMPLETED,4.5,5.9,TECH002,,289000.0,,2024-10-10,0.6,축 정렬 완료
MNT-000411,EQP014,2023-04-17,예방정비,COMPLETED,5.3,7.2,TECH005,3944023,314000.0,4258023.0,2023-05-17,1.3,벨트 교체
MNT-000412,EQP010,2023-08-03,긴급정비,COMPLETED,9.1,8.9,TECH001,678931,509000.0,1187931.0,2023-11-01,1.0,
MNT-000413,EQP001,2023-06-26,긴급정비,COMPLETED,7.8,8.7,TECH002,3312251,478000.0,3790251.0,2023-07-26,8.7,센서 교체
MNT-000414,EQP009,2023-05-14,예방정비,COMPLETED,2.6,2.8,TECH005,260804,102000.0,362804.0,2023-08-12,0.7,축 정렬 완료
MNT-000415,EQP011,2023-01-26,예방정비,COMPLETED,5.7,5.5,TECH005,,252000.0,,2023-02-25,4.5,벨트 교체
MNT-000416,EQP003,2022-01-29,예방정비,COMPLETED,10.5,12.7,TECH006,3105921,411000.0,3516921.0,2022-03-30,2.4,축 정렬 완료
MNT-000417,EQP006,2024-01-04,예방정비,COMPLETED,14.2,11.8,TECH005,4644040,532000.0,5176040.0,2024-03-04,1.0,부품 교체 완료
MNT-000418,EQP001,2024-11-28,사후정비,COMPLETED,3.4,4.7,TECH002,4569942,205000.0,4774942.0,2024-12-28,0.8,
MNT-000419,EQP001,2023-02-14,예방정비,COMPLETED,15.0,17.7,TECH008,233780,557000.0,790780.0,2023-03-16,14.4,벨트 교체
MNT-000420,EQP009,2022-03-18,사후정비,COMPLETED,15.3,19.6,TECH002,3276099,678000.0,3954099.0,2022-06-16,17.1,센서 교체
MNT-000421,EQP005,2023-06-20,예방정비,COMPLETED,12.1,13.3,TECH003,578853,735000.0,1313853.0,2023-07-20,7.4,벨트 교체
MNT-000422,EQP004,2023-12-07,사후정비,COMPLETED,7.3,8.9,TECH002,743970,403000.0,1146970.0,2024-01-06,8.1,필터 청소
MNT-000423,EQP008,2023-01-03,사후정비,COMPLETED,11.0,11.5,TECH008,4821775,490000.0,5311775.0,2023-02-02,10.3,축 정렬 완료
MNT-000424,EQP012,2024-08-10,사후정비,COMPLETED,7.4,8.2,TECH001,4393654,333000.0,4726654.0,2024-09-09,6.2,필터 청소
MNT-000425,EQP002,2022-10-20,예방정비,COMPLETED,11.6,13.7,TECH009,3226020,747000.0,3973020.0,2022-11-19,4.1,
MNT-000426,EQP015,2023-11-07,예방정비,COMPLETED,13.2,11.7,TECH007,1087398,635000.0,1722398.0,2024-02-05,0.6,교정 완료
MNT-000427,EQP006,2022-04-14,사후정비,COMPLETED,15.8,18.7,TECH009,4520307,698000.0,5218307.0,2022-06-13,6.8,필터 청소
MNT-000428,EQP004,2024-07-05,긴급정비,COMPLETED,7.6,9.8,TECH007,3874136,306000.0,4180136.0,2024-08-04,4.2,벨트 교체
MNT-000429,EQP014,2022-06-14,긴급정비,COMPLETED,4.3,4.5,TECH002,,239000.0,,2022-07-14,2.7,정상 완료
MNT-000430,EQP015,2023-10-30,예방정비,COMPLETED,11.1,12.9,TECH003,1677863,569000.0,2246863.0,2024-01-28,6.6,오일 교환 완료
MNT-000431,EQP011,2023-11-28,예방정비,COMPLETED,3.1,3.5,TECH008,634943,115000.0,749943.0,2023-12-28,2.8,정상 완료
MNT-000432,EQP014,2022-10-18,예방정비,COMPLETED,5.4,4.5,TECH005,851500,226000.0,1077500.0,2022-11-17,2.9,오일 교환 완료
MNT-000433,EQP011,2022-09-20,예방정비,COMPLETED,14.7,11.9,TECH006,2100260,482000.0,2582260.0,2022-10-20,3.8,교정 완료
MNT-000434,EQP007,2022-10-13,개량정비,COMPLETED,5.6,6.4,TECH010,3612487,379000.0,3991487.0,2022-11-12,6.2,오일 교환 완료
MNT-000435,EQP005,2024-07-07,예방정비,COMPLETED,5.0,6.8,TECH010,,237000.0,,2024-08-06,3.8,
MNT-000436,EQP011,2023-04-01,사후정비,SCHEDULED,12.8,,TECH007,,,,2023-05-01,0.8,
MNT-000437,EQP008,2022-05-16,긴급정비,COMPLETED,7.5,6.7,TECH010,4642039,221000.0,4863039.0,2022-06-15,3.9,센서 교체
MNT-000438,EQP011,2023-07-27,사후정비,COMPLETED,6.9,5.9,TECH006,4496201,309000.0,4805201.0,2023-08-26,2.3,
MNT-000439,EQP013,2022-02-13,개량정비,COMPLETED,3.1,2.7,TECH004,185087,132000.0,317087.0,2022-04-14,0.5,
MNT-000440,EQP015,2023-09-25,예방정비,COMPLETED,10.5,12.8,TECH006,1952960,477000.0,2429960.0,2023-12-24,7.6,벨트 교체
MNT-000441,EQP012,2023-01-23,예방정비,COMPLETED,2.5,2.9,TECH002,4477632,94000.0,4571632.0,2023-02-22,1.7,오일 교환 완료
MNT-000442,EQP006,2023-09-06,사후정비,COMPLETED,14.2,17.1,TECH001,4876268,845000.0,5721268.0,2023-11-05,1.6,오일 교환 완료
MNT-000443,EQP007,2022-03-22,사후정비,COMPLETED,7.5,6.7,TECH008,4008933,231000.0,4239933.0,2022-04-21,6.7,
MNT-000444,EQP014,2023-09-15,예방정비,COMPLETED,14.9,15.9,TECH003,2889089,811000.0,3700089.0,2023-10-15,3.6,필터 청소
MNT-000445,EQP012,2024-09-22,예방정비,COMPLETED,12.2,14.5,TECH003,,864000.0,,2024-10-22,14.4,
MNT-000446,EQP003,2024-10-31,예방정비,COMPLETED,12.8,15.9,TECH004,2578503,547000.0,3125503.0,2024-12-30,11.0,정상 완료
MNT-000447,EQP009,2024-04-11,예방정비,COMPLETED,7.0,9.1,TECH007,3309044,378000.0,3687044.0,2024-07-10,8.1,정상 완료
MNT-000448,EQP013,2022-03-20,예방정비,IN_PROGRESS,2.2,2.1,TECH007,219697,120000.0,339697.0,2022-05-19,1.7,
MNT-000449,EQP002,2022-02-17,사후정비,COMPLETED,2.7,3.5,TECH009,1472664,150000.0,1622664.0,2022-03-19,1.3,
MNT-000450,EQP007,2022-07-28,예방정비,COMPLETED,2.1,2.4,TECH006,706860,101000.0,807860.0,2022-08-27,2.1,교정 완료
MNT-000451,EQP005,2024-10-12,예방정비,COMPLETED,6.0,7.1,TECH009,4924922,378000.0,5302922.0,2024-11-11,2.6,축 정렬 완료
MNT-000452,EQP006,2024-05-27,예방정비,COMPLETED,11.5,11.8,TECH004,973780,658000.0,1631780.0,2024-07-26,5.0,
MNT-000453,EQP010,2024-11-13,예방정비,COMPLETED,8.8,11.4,TECH010,4192660,389000.0,4581660.0,2025-02-11,5.2,오일 교환 완료
MNT-000454,EQP003,2023-12-31,사후정비,COMPLETED,9.0,10.9,TECH009,1851191,362000.0,2213191.0,2024-02-29,3.7,정상 완료
MNT-000455,EQP006,2022-11-08,예방정비,SCHEDULED,11.1,,TECH010,,,,2023-01-07,8.5,정상 완료
MNT-000456,EQP010,2024-04-28,긴급정비,COMPLETED,9.6,12.8,TECH004,4203502,660000.0,4863502.0,2024-07-27,0.5,축 정렬 완료
MNT-000457,EQP012,2024-10-29,예방정비,COMPLETED,3.0,2.5,TECH002,1065957,113000.0,1178957.0,2024-11-28,2.4,부품 교체 완료
MNT-000458,EQP007,2023-01-12,예방정비,COMPLETED,8.7,10.9,TECH003,2033312,640000.0,2673312.0,2023-02-11,10.1,오일 교환 완료
MNT-000459,EQP015,2024-12-21,예방정비,COMPLETED,3.0,3.2,TECH006,3137107,174000.0,3311107.0,2025-03-21,1.7,부품 교체 완료
MNT-000460,EQP008,2022-06-20,개량정비,SCHEDULED,10.6,,TECH005,,,,2022-07-20,7.0,센서 교체
MNT-000461,EQP006,2022-05-26,예방정비,COMPLETED,6.7,5.6,TECH009,1882361,182000.0,2064361.0,2022-07-25,5.2,
MNT-000462,EQP002,2024-12-14,긴급정비,COMPLETED,2.6,3.4,TECH002,3348191,195000.0,3543191.0,2025-01-13,0.8,정상 완료
MNT-000463,EQP007,2022-09-19,예방정비,COMPLETED,11.6,11.7,TECH007,2492092,636000.0,3128092.0,2022-10-19,10.4,정상 완료
MNT-000464,EQP005,2024-05-20,예방정비,COMPLETED,9.7,13.1,TECH005,2961318,437000.0,3398318.0,2024-06-19,9.6,교정 완료
MNT-000465,EQP008,2022-12-17,예방정비,COMPLETED,14.5,17.0,TECH002,,745000.0,,2023-01-16,16.0,필터 청소
MNT-000466,EQP013,2023-08-05,사후정비,COMPLETED,9.3,8.8,TECH003,2748152,407000.0,3155152.0,2023-10-04,3.0,벨트 교체
MNT-000467,EQP004,2023-03-25,사후정비,COMPLETED,4.8,4.6,TECH009,1787840,221000.0,2008840.0,2023-04-24,2.7,
MNT-000468,EQP007,2023-06-02,개량정비,COMPLETED,9.9,12.6,TECH003,1573736,506000.0,2079736.0,2023-07-02,8.3,축 정렬 완료
MNT-000469,EQP008,2022-03-07,예방정비,COMPLETED,8.2,10.7,TECH002,2765783,582000.0,3347783.0,2022-04-06,3.3,오일 교환 완료
MNT-000470,EQP003,2024-05-14,예방정비,COMPLETED,2.2,2.0,TECH005,2361983,77000.0,2438983.0,2024-07-13,1.2,교정 완료
MNT-000471,EQP005,2022-10-04,예방정비,COMPLETED,10.4,12.0,TECH008,928168,605000.0,1533168.0,2022-11-03,3.8,오일 교환 완료
MNT-000472,EQP007,2023-04-01,개량정비,COMPLETED,9.9,13.0,TECH001,2666392,506000.0,3172392.0,2023-05-01,6.7,벨트 교체
MNT-000473,EQP008,2024-07-27,사후정비,COMPLETED,15.0,14.5,TECH010,3343668,472000.0,3815668.0,2024-08-26,4.2,축 정렬 완료
MNT-000474,EQP002,2023-09-25,사후정비,COMPLETED,4.0,4.1,TECH001,2122018,172000.0,2294018.0,2023-10-25,1.0,오일 교환 완료
MNT-000475,EQP008,2022-10-04,예방정비,COMPLETED,11.7,9.8,TECH008,4328955,432000.0,4760955.0,2022-11-03,3.1,
MNT-000476,EQP002,2024-06-10,예방정비,COMPLETED,13.4,15.3,TECH004,2381573,632000.0,3013573.0,2024-07-10,10.0,교정 완료
MNT-000477,EQP009,2022-07-24,예방정비,COMPLETED,14.0,11.6,TECH007,4737053,549000.0,5286053.0,2022-10-22,5.9,오일 교환 완료
MNT-000478,EQP011,2022-01-10,예방정비,COMPLETED,3.8,4.9,TECH007,2000840,210000.0,2210840.0,2022-02-09,4.3,정상 완료
MNT-000479,EQP007,2024-07-15,예방정비,COMPLETED,8.2,11.1,TECH003,4728902,533000.0,5261902.0,2024-08-14,2.4,필터 청소
MNT-000480,EQP012,2022-02-10,사후정비,COMPLETED,14.7,15.1,TECH005,,697000.0,,2022-03-12,11.7,센서 교체
MNT-000481,EQP012,2024-12-21,개량정비,COMPLETED,14.5,15.2,TECH009,138390,595000.0,733390.0,2025-01-20,3.7,
MNT-000482,EQP008,2024-08-03,예방정비,COMPLETED,8.5,10.3,TECH003,4546907,513000.0,5059907.0,2024-09-02,10.1,
MNT-000483,EQP003,2024-08-21,예방정비,COMPLETED,12.9,12.4,TECH007,531157,666000.0,1197157.0,2024-10-20,4.4,정상 완료
MNT-000484,EQP004,2024-01-28,예방정비,COMPLETED,2.7,3.1,TECH005,4707613,181000.0,4888613.0,2024-02-27,2.9,
MNT-000485,EQP001,2023-07-08,사후정비,COMPLETED,5.0,5.6,TECH005,4604958,262000.0,4866958.0,2023-08-07,3.9,
MNT-000486,EQP002,2024-12-10,사후정비,COMPLETED,15.9,13.1,TECH003,,749000.0,,2025-01-09,11.0,부품 교체 완료
MNT-000487,EQP004,2022-04-25,예방정비,COMPLETED,8.4,11.7,TECH010,2129172,432000.0,2561172.0,2022-05-25,4.8,오일 교환 완료
MNT-000488,EQP006,2023-08-01,예방정비,COMPLETED,7.7,9.1,TECH009,,423000.0,,2023-09-30,6.3,교정 완료
MNT-000489,EQP014,2022-08-03,긴급정비,COMPLETED,13.3,14.6,TECH007,3841655,589000.0,4430655.0,2022-09-02,9.9,오일 교환 완료
MNT-000490,EQP007,2023-12-31,예방정비,COMPLETED,14.6,18.4,TECH009,3795937,557000.0,4352937.0,2024-01-30,18.3,축 정렬 완료
MNT-000491,EQP004,2024-09-21,예방정비,COMPLETED,4.5,5.7,TECH006,3828857,326000.0,4154857.0,2024-10-21,2.8,교정 완료
MNT-000492,EQP011,2022-07-02,예방정비,COMPLETED,7.9,7.4,TECH004,,227000.0,,2022-08-01,1.1,벨트 교체
MNT-000493,EQP002,2024-02-09,예방정비,SCHEDULED,12.2,,TECH002,,,,2024-03-10,9.1,교정 완료
MNT-000494,EQP011,2024-04-29,예방정비,COMPLETED,5.6,4.9,TECH010,4866109,171000.0,5037109.0,2024-05-29,3.3,벨트 교체
MNT-000495,EQP009,2022-08-30,예방정비,COMPLETED,2.8,2.5,TECH003,823004,102000.0,925004.0,2022-11-28,1.8,
MNT-000496,EQP010,2022-01-27,예방정비,SCHEDULED,6.3,,TECH010,,,,2022-04-27,1.4,부품 교체 완료
MNT-000497,EQP012,2023-09-02,예방정비,COMPLETED,8.6,8.0,TECH010,3487948,324000.0,3811948.0,2023-10-02,4.0,축 정렬 완료
MNT-000498,EQP001,2024-11-30,예방정비,COMPLETED,6.3,6.4,TECH004,2152215,367000.0,2519215.0,2024-12-30,2.5,정상 완료
MNT-000499,EQP007,2023-04-09,예방정비,COMPLETED,3.4,3.4,TECH001,4416990,189000.0,4605990.0,2023-05-09,1.6,
MNT-000500,EQP003,2024-08-25,사후정비,COMPLETED,15.0,17.2,TECH004,2425292,937000.0,3362292.0,2024-10-24,13.7,
MNT-000501,EQP005,2023-09-09,예방정비,SCHEDULED,8.2,,TECH003,,,,2023-10-09,4.0,
MNT-000502,EQP007,2024-06-28,긴급정비,COMPLETED,7.4,9.7,TECH005,158034,323000.0,481034.0,2024-07-28,6.3,센서 교체
MNT-000503,EQP015,2024-05-23,예방정비,COMPLETED,7.1,7.1,TECH007,,233000.0,,2024-08-21,1.5,정상 완료
MNT-000504,EQP011,2023-05-30,사후정비,COMPLETED,14.3,18.0,TECH006,1597042,945000.0,2542042.0,2023-06-29,5.7,
MNT-000505,EQP004,2022-05-02,사후정비,COMPLETED,13.5,17.3,TECH005,2057153,778000.0,2835153.0,2022-06-01,2.2,센서 교체
MNT-000506,EQP011,2023-10-12,사후정비,COMPLETED,7.6,6.2,TECH001,2695692,197000.0,2892692.0,2023-11-11,3.1,축 정렬 완료
MNT-000507,EQP003,2022-10-24,예방정비,IN_PROGRESS,7.7,8.2,TECH005,639325,383000.0,1022325.0,2022-12-23,5.0,
MNT-000508,EQP007,2022-05-18,예방정비,COMPLETED,13.3,14.1,TECH005,,813000.0,,2022-06-17,13.0,오일 교환 완료
MNT-000509,EQP002,2024-06-14,사후정비,COMPLETED,5.3,5.3,TECH010,3703492,222000.0,3925492.0,2024-07-14,2.7,
MNT-000510,EQP014,2024-10-05,사후정비,COMPLETED,13.1,12.5,TECH002,3942013,531000.0,4473013.0,2024-11-04,2.7,오일 교환 완료
MNT-000511,EQP007,2022-11-20,개량정비,COMPLETED,10.3,10.8,TECH009,4109116,355000.0,4464116.0,2022-12-20,9.6,필터 청소
MNT-000512,EQP002,2023-07-25,사후정비,COMPLETED,2.7,3.6,TECH010,1319712,177000.0,1496712.0,2023-08-24,2.5,오일 교환 완료
MNT-000513,EQP013,2023-02-14,예방정비,IN_PROGRESS,12.3,11.1,TECH008,4333459,335000.0,4668459.0,2023-04-15,8.8,부품 교체 완료
MNT-000514,EQP008,2023-09-01,예방정비,COMPLETED,9.9,10.8,TECH004,3589718,461000.0,4050718.0,2023-10-01,5.5,부품 교체 완료
MNT-000515,EQP004,2024-02-06,예방정비,COMPLETED,15.9,15.0,TECH010,1501955,686000.0,2187955.0,2024-03-07,4.9,부품 교체 완료
MNT-000516,EQP010,2023-05-01,예방정비,COMPLETED,6.8,6.3,TECH009,1660707,233000.0,1893707.0,2023-07-30,5.3,정상 완료
MNT-000517,EQP007,2023-08-24,사후정비,COMPLETED,3.2,3.8,TECH009,1593663,223000.0,1816663.0,2023-09-23,2.1,
MNT-000518,EQP005,2022-12-14,긴급정비,COMPLETED,7.3,7.2,TECH004,2938353,303000.0,3241353.0,2023-01-13,3.5,필터 청소
MNT-000519,EQP010,2023-05-22,예방정비,SCHEDULED,3.2,,TECH003,,,,2023-08-20,1.8,센서 교체
MNT-000520,EQP008,2022-11-18,예방정비,COMPLETED,13.6,15.8,TECH003,487712,517000.0,1004712.0,2022-12-18,15.3,교정 완료
MNT-000521,EQP008,2024-02-08,예방정비,COMPLETED,10.6,10.9,TECH004,648782,542000.0,1190782.0,2024-03-09,2.6,부품 교체 완료
MNT-000522,EQP009,2022-03-04,예방정비,COMPLETED,2.7,3.5,TECH002,1759973,197000.0,1956973.0,2022-06-02,2.5,축 정렬 완료
MNT-000523,EQP006,2023-03-21,예방정비,COMPLETED,3.4,3.9,TECH005,4612200,150000.0,4762200.0,2023-05-20,1.6,
MNT-000524,EQP003,2024-08-09,예방정비,COMPLETED,6.8,6.3,TECH010,4702615,281000.0,4983615.0,2024-10-08,4.2,교정 완료
MNT-000525,EQP005,2022-07-03,사후정비,COMPLETED,4.4,6.1,TECH010,1559954,256000.0,1815954.0,2022-08-02,4.3,필터 청소
MNT-000526,EQP001,2023-10-21,예방정비,COMPLETED,14.9,15.5,TECH006,3395269,645000.0,4040269.0,2023-11-20,1.9,벨트 교체
MNT-000527,EQP004,2022-03-01,예방정비,COMPLETED,13.2,14.9,TECH001,479895,650000.0,1129895.0,2022-03-31,6.3,정상 완료
MNT-000528,EQP008,2024-09-17,사후정비,COMPLETED,4.6,4.9,TECH001,2343281,265000.0,2608281.0,2024-10-17,3.7,오일 교환 완료
MNT-000529,EQP015,2022-02-19,긴급정비,COMPLETED,10.5,14.0,TECH008,2095254,614000.0,2709254.0,2022-05-20,8.4,
MNT-000530,EQP011,2024-10-19,사후정비,COMPLETED,2.9,2.5,TECH007,105656,131000.0,236656.0,2024-11-18,1.8,부품 교체 완료
MNT-000531,EQP007,2022-07-07,사후정비,SCHEDULED,5.8,,TECH008,,,,2022-08-06,1.5,
MNT-000532,EQP015,2024-08-24,긴급정비,SCHEDULED,10.6,,TECH006,,,,2024-11-22,5.6,부품 교체 완료
MNT-000533,EQP015,2022-05-01,예방정비,SCHEDULED,11.2,,TECH006,,,,2022-07-30,10.5,
MNT-000534,EQP012,2022-08-11,사후정비,COMPLETED,2.2,3.1,TECH006,4994278,155000.0,5149278.0,2022-09-10,2.5,교정 완료
MNT-000535,EQP006,2023-12-29,사후정비,COMPLETED,11.0,10.5,TECH003,1817423,375000.0,2192423.0,2024-02-27,6.9,부품 교체 완료
MNT-000536,EQP004,2023-09-12,예방정비,COMPLETED,10.9,10.0,TECH001,662392,378000.0,1040392.0,2023-10-12,1.8,축 정렬 완료
MNT-000537,EQP015,2022-01-31,예방정비,COMPLETED,8.8,10.5,TECH005,1979072,319000.0,2298072.0,2022-05-01,6.6,
MNT-000538,EQP014,2022-03-04,긴급정비,COMPLETED,9.8,12.6,TECH009,3244832,576000.0,3820832.0,2022-04-03,6.9,벨트 교체
MNT-000539,EQP005,2023-02-10,사후정비,COMPLETED,6.9,8.7,TECH009,3871722,272000.0,4143722.0,2023-03-12,6.9,부품 교체 완료
MNT-000540,EQP004,2022-04-04,예방정비,COMPLETED,3.2,3.3,TECH008,2786158,102000.0,2888158.0,2022-05-04,1.7,
MNT-000541,EQP012,2023-05-14,예방정비,COMPLETED,13.2,13.7,TECH008,2462927,800000.0,3262927.0,2023-06-13,5.2,축 정렬 완료
MNT-000542,EQP007,2023-04-27,예방정비,COMPLETED,2.2,2.1,TECH003,81257,75000.0,156257.0,2023-05-27,1.2,
MNT-000543,EQP007,2022-09-20,사후정비,COMPLETED,8.3,9.8,TECH008,,353000.0,,2022-10-20,6.1,
MNT-000544,EQP006,2024-09-28,예방정비,COMPLETED,12.9,14.7,TECH010,2268727,446000.0,2714727.0,2024-11-27,8.7,필터 청소
MNT-000545,EQP014,2024-08-16,사후정비,COMPLETED,7.3,9.8,TECH006,4445087,506000.0,4951087.0,2024-09-15,1.4,
MNT-000546,EQP004,2022-03-19,예방정비,COMPLETED,9.9,9.7,TECH003,,464000.0,,2022-04-18,3.2,오일 교환 완료
MNT-000547,EQP013,2022-07-11,예방정비,COMPLETED,2.5,2.1,TECH001,1439355,106000.0,1545355.0,2022-09-09,1.0,
MNT-000548,EQP010,2022-09-22,예방정비,COMPLETED,14.2,15.5,TECH003,,477000.0,,2022-12-21,12.0,
MNT-000549,EQP014,2022-02-10,긴급정비,COMPLETED,10.3,8.8,TECH007,,468000.0,,2022-03-12,1.8,부품 교체 완료
MNT-000550,EQP008,2024-12-14,예방정비,COMPLETED,5.4,5.5,TECH006,1158056,253000.0,1411056.0,2025-01-13,2.6,
MNT-000551,EQP007,2024-09-30,개량정비,COMPLETED,4.6,4.1,TECH004,3285867,188000.0,3473867.0,2024-10-30,4.0,센서 교체
MNT-000552,EQP004,2022-07-01,사후정비,COMPLETED,2.1,2.9,TECH006,2651183,93000.0,2744183.0,2022-07-31,2.4,
MNT-000553,EQP001,2023-09-01,예방정비,COMPLETED,8.6,9.8,TECH003,3136459,371000.0,3507459.0,2023-10-01,7.1,오일 교환 완료
MNT-000554,EQP002,2024-08-04,사후정비,COMPLETED,15.5,14.1,TECH005,,671000.0,,2024-09-03,10.0,벨트 교체
MNT-000555,EQP009,2023-03-31,예방정비,COMPLETED,6.7,5.6,TECH001,,221000.0,,2023-06-29,3.8,필터 청소
MNT-000556,EQP012,2024-01-07,예방정비,COMPLETED,9.9,10.3,TECH009,314793,373000.0,687793.0,2024-02-06,9.0,교정 완료
MNT-000557,EQP008,2024-11-26,예방정비,COMPLETED,2.6,3.1,TECH009,2394296,110000.0,2504296.0,2024-12-26,2.6,벨트 교체
MNT-000558,EQP003,2022-01-18,긴급정비,COMPLETED,9.6,7.9,TECH007,1958363,326000.0,2284363.0,2022-03-19,5.1,오일 교환 완료
MNT-000559,EQP014,2024-02-26,예방정비,COMPLETED,8.1,7.4,TECH007,3502327,251000.0,3753327.0,2024-03-27,3.0,축 정렬 완료
MNT-000560,EQP014,2022-09-20,예방정비,COMPLETED,3.2,3.5,TECH008,4659227,139000.0,4798227.0,2022-10-20,1.9,교정 완료
MNT-000561,EQP010,2023-12-25,사후정비,COMPLETED,5.9,5.1,TECH004,3417586,162000.0,3579586.0,2024-03-24,2.4,센서 교체
MNT-000562,EQP012,2024-10-17,긴급정비,SCHEDULED,12.1,,TECH008,,,,2024-11-16,4.1,부품 교체 완료
MNT-000563,EQP001,2024-02-29,예방정비,COMPLETED,10.9,8.9,TECH008,952771,275000.0,1227771.0,2024-03-30,4.1,센서 교체
MNT-000564,EQP013,2022-10-24,예방정비,COMPLETED,12.6,13.1,TECH010,4327317,400000.0,4727317.0,2022-12-23,1.3,부품 교체 완료
MNT-000565,EQP009,2023-09-08,사후정비,COMPLETED,15.1,15.1,TECH002,1562401,590000.0,2152401.0,2023-12-07,15.0,교정 완료
MNT-000566,EQP001,2024-04-22,예방정비,COMPLETED,13.0,11.8,TECH002,1379562,641000.0,2020562.0,2024-05-22,9.2,벨트 교체
MNT-000567,EQP009,2022-06-08,예방정비,COMPLETED,4.0,5.1,TECH010,2760467,225000.0,2985467.0,2022-09-06,3.8,필터 청소
MNT-000568,EQP011,2023-08-19,사후정비,COMPLETED,8.6,10.2,TECH009,4997157,548000.0,5545157.0,2023-09-18,4.8,부품 교체 완료
MNT-000569,EQP013,2022-06-14,사후정비,COMPLETED,3.8,4.7,TECH002,3771614,144000.0,3915614.0,2022-08-13,4.4,오일 교환 완료
MNT-000570,EQP005,2024-07-22,예방정비,COMPLETED,12.8,15.8,TECH003,4402810,531000.0,4933810.0,2024-08-21,4.1,부품 교체 완료
MNT-000571,EQP007,2023-04-01,예방정비,SCHEDULED,11.7,,TECH003,,,,2023-05-01,1.0,교정 완료
MNT-000572,EQP014,2022-11-13,긴급정비,SCHEDULED,6.3,,TECH010,,,,2022-12-13,6.2,벨트 교체
MNT-000573,EQP003,2024-04-16,긴급정비,COMPLETED,5.4,6.8,TECH005,960825,366000.0,1326825.0,2024-06-15,1.3,부품 교체 완료
MNT-000574,EQP005,2022-06-21,예방정비,COMPLETED,4.1,5.4,TECH005,2917654,292000.0,3209654.0,2022-07-21,4.3,부품 교체 완료
MNT-000575,EQP004,2023-09-19,사후정비,COMPLETED,2.8,3.8,TECH007,4982847,130000.0,5112847.0,2023-10-19,3.7,
MNT-000576,EQP005,2023-01-31,긴급정비,COMPLETED,6.2,8.7,TECH003,4608350,315000.0,4923350.0,2023-03-02,2.8,
MNT-000577,EQP006,2023-05-21,예방정비,COMPLETED,8.2,9.7,TECH002,4064969,417000.0,4481969.0,2023-07-20,3.2,오일 교환 완료
MNT-000578,EQP008,2022-08-07,사후정비,SCHEDULED,12.9,,TECH003,,,,2022-09-06,4.4,교정 완료
MNT-000579,EQP008,2022-05-23,사후정비,COMPLETED,15.7,14.0,TECH002,932836,630000.0,1562836.0,2022-06-22,1.3,
MNT-000580,EQP014,2023-10-06,사후정비,COMPLETED,3.3,4.1,TECH002,368876,199000.0,567876.0,2023-11-05,2.9,센서 교체
MNT-000581,EQP008,2022-11-17,개량정비,SCHEDULED,14.6,,TECH005,,,,2022-12-17,3.3,부품 교체 완료
MNT-000582,EQP002,2022-08-28,개량정비,COMPLETED,10.7,11.7,TECH008,3543998,627000.0,4170998.0,2022-09-27,2.6,필터 청소
MNT-000583,EQP006,2022-07-05,예방정비,COMPLETED,15.3,14.7,TECH007,2886010,753000.0,3639010.0,2022-09-03,0.8,벨트 교체
MNT-000584,EQP001,2024-03-03,개량정비,COMPLETED,4.2,4.2,TECH007,4142059,239000.0,4381059.0,2024-04-02,1.6,교정 완료
MNT-000585,EQP009,2022-05-18,사후정비,COMPLETED,3.0,3.7,TECH007,2473622,134000.0,2607622.0,2022-08-16,3.6,오일 교환 완료
MNT-000586,EQP002,2022-08-29,긴급정비,COMPLETED,12.4,13.2,TECH005,4077494,778000.0,4855494.0,2022-09-28,11.7,오일 교환 완료
MNT-000587,EQP005,2022-02-10,사후정비,COMPLETED,2.3,1.9,TECH004,4031891,94000.0,4125891.0,2022-03-12,1.4,
MNT-000588,EQP006,2024-11-17,긴급정비,SCHEDULED,10.6,,TECH007,,,,2025-01-16,4.9,필터 청소
MNT-000589,EQP010,2022-01-13,예방정비,COMPLETED,6.5,6.9,TECH002,153381,294000.0,447381.0,2022-04-13,4.2,교정 완료
MNT-000590,EQP006,2022-03-31,예방정비,COMPLETED,6.9,7.5,TECH001,4274338,437000.0,4711338.0,2022-05-30,5.1,부품 교체 완료
MNT-000591,EQP005,2023-06-28,예방정비,COMPLETED,12.7,17.3,TECH003,1568285,926000.0,2494285.0,2023-07-28,4.6,벨트 교체
MNT-000592,EQP004,2024-03-14,예방정비,COMPLETED,2.8,3.7,TECH002,4348927,179000.0,4527927.0,2024-04-13,0.6,오일 교환 완료
MNT-000593,EQP015,2022-06-27,예방정비,SCHEDULED,5.0,,TECH001,,,,2022-09-25,1.9,
MNT-000594,EQP002,2024-04-05,예방정비,SCHEDULED,5.7,,TECH007,,,,2024-05-05,3.1,부품 교체 완료
MNT-000595,EQP010,2024-06-07,예방정비,COMPLETED,15.9,14.9,TECH003,527193,740000.0,1267193.0,2024-09-05,3.1,정상 완료
MNT-000596,EQP005,2022-08-27,사후정비,COMPLETED,3.6,3.7,TECH006,4864764,221000.0,5085764.0,2022-09-26,3.6,센서 교체
MNT-000597,EQP010,2023-01-31,사후정비,COMPLETED,7.4,10.2,TECH007,3585780,518000.0,4103780.0,2023-05-01,1.6,
MNT-000598,EQP009,2023-04-25,긴급정비,COMPLETED,4.1,5.4,TECH009,1440936,194000.0,1634936.0,2023-07-24,1.7,오일 교환 완료
MNT-000599,EQP011,2023-10-30,사후정비,COMPLETED,2.5,2.9,TECH006,,93000.0,,2023-11-29,2.8,
MNT-000600,EQP010,2024-04-18,예방정비,COMPLETED,13.1,14.4,TECH008,3952356,690000.0,4642356.0,2024-07-17,13.2,
MNT-000601,EQP009,2022-01-21,사후정비,COMPLETED,5.0,5.5,TECH001,3336800,292000.0,3628800.0,2022-04-21,2.6,교정 완료
MNT-000602,EQP009,2024-05-25,사후정비,COMPLETED,8.2,9.0,TECH010,2083340,388000.0,2471340.0,2024-08-23,4.5,정상 완료
MNT-000603,EQP010,2022-05-15,긴급정비,COMPLETED,7.0,5.6,TECH009,,300000.0,,2022-08-13,5.0,정상 완료
MNT-000604,EQP002,2022-01-06,예방정비,COMPLETED,15.5,12.5,TECH006,1811565,527000.0,2338565.0,2022-02-05,8.5,센서 교체
MNT-000605,EQP011,2023-10-20,사후정비,COMPLETED,6.6,5.6,TECH002,3753484,264000.0,4017484.0,2023-11-19,2.0,축 정렬 완료
MNT-000606,EQP013,2022-07-20,사후정비,COMPLETED,12.9,14.0,TECH010,1036277,741000.0,1777277.0,2022-09-18,5.7,벨트 교체
MNT-000607,EQP011,2023-04-19,예방정비,COMPLETED,7.7,10.0,TECH004,3636614,317000.0,3953614.0,2023-05-19,3.0,교정 완료
MNT-000608,EQP005,2022-02-13,긴급정비,COMPLETED,2.1,2.5,TECH004,2673513,135000.0,2808513.0,2022-03-15,2.1,부품 교체 완료
MNT-000609,EQP012,2024-11-08,예방정비,COMPLETED,13.4,13.2,TECH006,2655880,754000.0,3409880.0,2024-12-08,3.5,교정 완료
MNT-000610,EQP011,2023-12-28,예방정비,COMPLETED,7.6,8.7,TECH003,1913347,510000.0,2423347.0,2024-01-27,6.6,
MNT-000611,EQP007,2022-04-11,예방정비,COMPLETED,6.8,5.8,TECH001,,261000.0,,2022-05-11,1.7,
MNT-000612,EQP012,2023-01-11,사후정비,COMPLETED,2.3,2.9,TECH005,759447,163000.0,922447.0,2023-02-10,1.1,
MNT-000613,EQP013,2023-03-05,예방정비,COMPLETED,6.5,7.2,TECH006,2783640,429000.0,3212640.0,2023-05-04,3.5,오일 교환 완료
MNT-000614,EQP003,2023-07-02,사후정비,IN_PROGRESS,7.0,5.8,TECH007,3193299,325000.0,3518299.0,2023-08-31,5.0,부품 교체 완료
MNT-000615,EQP014,2023-05-02,개량정비,COMPLETED,13.5,18.5,TECH006,1070515,837000.0,1907515.0,2023-06-01,18.1,정상 완료
MNT-000616,EQP007,2023-05-22,긴급정비,COMPLETED,13.0,15.1,TECH004,3312017,562000.0,3874017.0,2023-06-21,13.6,
MNT-000617,EQP008,2023-01-11,사후정비,COMPLETED,12.0,15.3,TECH002,,610000.0,,2023-02-10,4.6,축 정렬 완료
MNT-000618,EQP006,2022-02-04,예방정비,COMPLETED,6.0,5.0,TECH001,,178000.0,,2022-04-05,2.0,벨트 교체
MNT-000619,EQP009,2024-07-24,예방정비,COMPLETED,15.7,21.8,TECH001,311618,819000.0,1130618.0,2024-10-22,10.1,오일 교환 완료
MNT-000620,EQP005,2023-12-10,예방정비,COMPLETED,5.3,6.4,TECH005,51437,360000.0,411437.0,2024-01-09,6.2,필터 청소
MNT-000621,EQP009,2024-07-31,긴급정비,COMPLETED,11.9,16.2,TECH010,1969277,591000.0,2560277.0,2024-10-29,8.3,필터 청소
MNT-000622,EQP002,2023-10-17,예방정비,COMPLETED,16.0,20.0,TECH005,2232451,952000.0,3184451.0,2023-11-16,17.9,
MNT-000623,EQP014,2022-12-08,예방정비,COMPLETED,15.4,15.6,TECH006,717655,775000.0,1492655.0,2023-01-07,12.7,축 정렬 완료
MNT-000624,EQP012,2024-11-10,예방정비,IN_PROGRESS,15.5,16.7,TECH001,,720000.0,,2024-12-10,3.5,벨트 교체
MNT-000625,EQP002,2022-04-01,예방정비,COMPLETED,3.1,3.8,TECH009,362477,189000.0,551477.0,2022-05-01,3.6,오일 교환 완료
MNT-000626,EQP007,2023-03-29,예방정비,COMPLETED,8.8,9.5,TECH001,479302,511000.0,990302.0,2023-04-28,3.7,필터 청소
MNT-000627,EQP008,2022-09-20,예방정비,COMPLETED,14.0,15.9,TECH002,1389001,858000.0,2247001.0,2022-10-20,13.5,
MNT-000628,EQP009,2022-06-25,긴급정비,COMPLETED,2.1,2.2,TECH003,2186707,85000.0,2271707.0,2022-09-23,1.1,필터 청소
MNT-000629,EQP002,2024-04-22,예방정비,COMPLETED,2.4,2.7,TECH005,4419452,110000.0,4529452.0,2024-05-22,1.0,벨트 교체
MNT-000630,EQP011,2022-10-12,예방정비,COMPLETED,5.4,6.3,TECH002,899144,330000.0,1229144.0,2022-11-11,4.8,벨트 교체
MNT-000631,EQP015,2023-07-30,사후정비,SCHEDULED,3.9,,TECH010,,,,2023-10-28,2.8,교정 완료
MNT-000632,EQP010,2024-10-10,예방정비,COMPLETED,7.5,8.0,TECH006,,466000.0,,2025-01-08,7.2,
MNT-000633,EQP013,2023-03-26,예방정비,COMPLETED,12.8,11.7,TECH003,,433000.0,,2023-05-25,9.3,센서 교체
MNT-000634,EQP009,2022-11-28,예방정비,COMPLETED,9.2,11.9,TECH008,1306330,685000.0,1991330.0,2023-02-26,10.2,
MNT-000635,EQP002,2024-02-11,예방정비,COMPLETED,3.7,3.9,TECH001,411165,203000.0,614165.0,2024-03-12,0.9,
MNT-000636,EQP015,2022-04-07,사후정비,COMPLETED,7.5,6.8,TECH005,3467426,269000.0,3736426.0,2022-07-06,4.6,축 정렬 완료
MNT-000637,EQP008,2022-02-03,예방정비,COMPLETED,4.4,4.5,TECH006,,267000.0,,2022-03-05,1.5,부품 교체 완료
MNT-000638,EQP010,2022-07-30,예방정비,COMPLETED,9.9,13.1,TECH002,178025,501000.0,679025.0,2022-10-28,4.6,정상 완료
MNT-000639,EQP012,2023-09-09,사후정비,COMPLETED,10.5,10.3,TECH010,3297240,579000.0,3876240.0,2023-10-09,4.7,부품 교체 완료
MNT-000640,EQP014,2022-08-10,사후정비,COMPLETED,2.8,2.3,TECH005,4699919,115000.0,4814919.0,2022-09-09,2.0,정상 완료
MNT-000641,EQP003,2022-03-22,예방정비,COMPLETED,7.2,9.6,TECH008,2709005,346000.0,3055005.0,2022-05-21,1.5,
MNT-000642,EQP011,2022-11-19,예방정비,COMPLETED,12.9,17.3,TECH001,2760871,693000.0,3453871.0,2022-12-19,8.2,부품 교체 완료
MNT-000643,EQP010,2024-01-31,예방정비,COMPLETED,8.9,9.1,TECH002,1168660,368000.0,1536660.0,2024-04-30,8.5,정상 완료
MNT-000644,EQP003,2023-08-29,예방정비,IN_PROGRESS,4.7,6.6,TECH008,3519204,201000.0,3720204.0,2023-10-28,0.6,센서 교체
MNT-000645,EQP003,2023-05-11,예방정비,COMPLETED,12.6,11.1,TECH001,893724,510000.0,1403724.0,2023-07-10,6.7,벨트 교체
MNT-000646,EQP004,2023-08-21,예방정비,COMPLETED,9.1,9.5,TECH001,2094449,508000.0,2602449.0,2023-09-20,3.5,센서 교체
MNT-000647,EQP004,2023-03-03,예방정비,COMPLETED,4.7,4.8,TECH001,3034067,254000.0,3288067.0,2023-04-02,2.5,정상 완료
MNT-000648,EQP002,2023-02-17,예방정비,COMPLETED,12.0,13.1,TECH007,2046470,609000.0,2655470.0,2023-03-19,11.2,벨트 교체
MNT-000649,EQP004,2024-04-09,예방정비,COMPLETED,14.1,15.5,TECH004,,866000.0,,2024-05-09,10.6,축 정렬 완료
MNT-000650,EQP003,2023-07-17,예방정비,COMPLETED,2.1,2.1,TECH008,660244,86000.0,746244.0,2023-09-15,1.8,필터 청소
MNT-000651,EQP015,2023-04-06,예방정비,COMPLETED,3.0,3.9,TECH002,107424,195000.0,302424.0,2023-07-05,3.8,부품 교체 완료
MNT-000652,EQP002,2022-02-28,사후정비,COMPLETED,13.7,14.8,TECH002,2868977,640000.0,3508977.0,2022-03-30,7.6,벨트 교체
MNT-000653,EQP014,2024-06-15,예방정비,COMPLETED,12.0,13.1,TECH005,2216049,526000.0,2742049.0,2024-07-15,1.9,필터 청소
MNT-000654,EQP004,2023-08-09,사후정비,COMPLETED,15.6,18.1,TECH003,4520516,587000.0,5107516.0,2023-09-08,4.3,부품 교체 완료
MNT-000655,EQP013,2022-01-29,예방정비,COMPLETED,7.1,7.8,TECH005,1637205,317000.0,1954205.0,2022-03-30,1.7,
MNT-000656,EQP002,2024-07-04,긴급정비,COMPLETED,10.8,12.3,TECH004,,476000.0,,2024-08-03,5.6,
MNT-000657,EQP001,2023-09-30,긴급정비,COMPLETED,6.5,8.3,TECH002,4873345,264000.0,5137345.0,2023-10-30,2.4,교정 완료
MNT-000658,EQP003,2022-07-23,개량정비,COMPLETED,10.0,8.8,TECH004,322979,524000.0,846979.0,2022-09-21,5.9,정상 완료
MNT-000659,EQP002,2022-09-06,예방정비,COMPLETED,13.4,17.3,TECH003,1359519,768000.0,2127519.0,2022-10-06,12.6,
MNT-000660,EQP013,2023-06-06,예방정비,COMPLETED,14.7,16.5,TECH008,1570307,580000.0,2150307.0,2023-08-05,4.3,벨트 교체
MNT-000661,EQP012,2022-06-29,개량정비,COMPLETED,6.9,5.6,TECH005,291592,282000.0,573592.0,2022-07-29,2.8,부품 교체 완료
MNT-000662,EQP005,2022-07-11,사후정비,COMPLETED,7.6,9.0,TECH008,2287436,424000.0,2711436.0,2022-08-10,7.7,부품 교체 완료
MNT-000663,EQP002,2023-01-24,사후정비,COMPLETED,6.4,7.4,TECH007,4314929,283000.0,4597929.0,2023-02-23,5.0,필터 청소
MNT-000664,EQP010,2022-09-12,예방정비,COMPLETED,15.0,18.9,TECH009,3395362,1082000.0,4477362.0,2022-12-11,11.5,축 정렬 완료
MNT-000665,EQP003,2023-08-04,사후정비,COMPLETED,2.7,3.2,TECH002,398118,110000.0,508118.0,2023-10-03,1.9,부품 교체 완료
MNT-000666,EQP008,2022-07-27,예방정비,COMPLETED,14.5,16.3,TECH008,2560293,762000.0,3322293.0,2022-08-26,1.3,
MNT-000667,EQP012,2024-08-06,예방정비,COMPLETED,5.4,7.1,TECH001,3541667,371000.0,3912667.0,2024-09-05,2.0,부품 교체 완료
MNT-000668,EQP009,2023-10-09,예방정비,COMPLETED,8.3,7.2,TECH007,4208817,318000.0,4526817.0,2024-01-07,3.8,
MNT-000669,EQP007,2024-04-04,예방정비,COMPLETED,14.2,19.7,TECH009,2457263,1099000.0,3556263.0,2024-05-04,12.6,센서 교체
MNT-000670,EQP005,2022-10-06,예방정비,SCHEDULED,5.8,,TECH010,,,,2022-11-05,4.5,필터 청소
MNT-000671,EQP004,2023-12-27,사후정비,COMPLETED,12.5,12.4,TECH003,1539064,572000.0,2111064.0,2024-01-26,11.1,필터 청소
MNT-000672,EQP004,2024-06-29,예방정비,COMPLETED,13.7,11.7,TECH008,1835203,700000.0,2535203.0,2024-07-29,2.5,
MNT-000673,EQP009,2022-08-12,예방정비,IN_PROGRESS,15.9,14.8,TECH006,4473167,772000.0,5245167.0,2022-11-10,5.4,축 정렬 완료
MNT-000674,EQP001,2022-05-10,예방정비,COMPLETED,9.1,11.9,TECH009,2031874,475000.0,2506874.0,2022-06-09,2.5,
MNT-000675,EQP010,2024-01-07,예방정비,COMPLETED,8.6,11.6,TECH006,,379000.0,,2024-04-06,9.3,
MNT-000676,EQP006,2022-12-27,사후정비,COMPLETED,9.1,7.8,TECH005,,374000.0,,2023-02-25,2.5,축 정렬 완료
MNT-000677,EQP002,2024-04-25,예방정비,COMPLETED,3.6,3.2,TECH007,4011143,135000.0,4146143.0,2024-05-25,1.7,오일 교환 완료
MNT-000678,EQP001,2023-01-12,예방정비,COMPLETED,11.0,12.8,TECH004,2947400,449000.0,3396400.0,2023-02-11,8.0,축 정렬 완료
MNT-000679,EQP003,2022-01-21,긴급정비,COMPLETED,7.0,6.6,TECH009,3184501,327000.0,3511501.0,2022-03-22,3.1,오일 교환 완료
MNT-000680,EQP005,2024-11-22,예방정비,SCHEDULED,6.0,,TECH002,,,,2024-12-22,2.7,부품 교체 완료
MNT-000681,EQP007,2023-10-25,예방정비,COMPLETED,12.5,10.4,TECH005,2762361,623000.0,3385361.0,2023-11-24,8.1,정상 완료
MNT-000682,EQP013,2023-07-05,예방정비,COMPLETED,7.5,8.3,TECH010,1729331,315000.0,2044331.0,2023-09-03,6.7,벨트 교체
MNT-000683,EQP015,2024-07-06,예방정비,COMPLETED,4.7,6.1,TECH005,2317384,187000.0,2504384.0,2024-10-04,3.4,센서 교체
MNT-000684,EQP003,2024-08-09,사후정비,COMPLETED,9.2,10.8,TECH003,3883888,588000.0,4471888.0,2024-10-08,10.5,
MNT-000685,EQP014,2022-02-19,긴급정비,COMPLETED,5.6,6.3,TECH010,4029537,238000.0,4267537.0,2022-03-21,3.0,벨트 교체
MNT-000686,EQP003,2023-12-05,예방정비,COMPLETED,3.6,3.5,TECH003,832444,118000.0,950444.0,2024-02-03,2.7,정상 완료
MNT-000687,EQP005,2023-10-30,사후정비,COMPLETED,3.9,4.8,TECH002,993724,271000.0,1264724.0,2023-11-29,3.5,센서 교체
MNT-000688,EQP004,2023-05-19,예방정비,COMPLETED,12.4,17.1,TECH009,3722606,748000.0,4470606.0,2023-06-18,15.6,
MNT-000689,EQP001,2024-08-14,예방정비,COMPLETED,13.2,18.0,TECH004,1086287,894000.0,1980287.0,2024-09-13,11.6,필터 청소
MNT-000690,EQP013,2024-12-06,긴급정비,COMPLETED,2.9,2.8,TECH004,3654948,101000.0,3755948.0,2025-02-04,1.8,정상 완료
MNT-000691,EQP003,2023-11-29,예방정비,COMPLETED,4.3,4.7,TECH003,4555126,262000.0,4817126.0,2024-01-28,4.0,
MNT-000692,EQP007,2024-10-09,예방정비,COMPLETED,13.4,10.9,TECH004,2391563,477000.0,2868563.0,2024-11-08,1.0,축 정렬 완료
MNT-000693,EQP001,2023-06-05,사후정비,COMPLETED,13.4,14.9,TECH007,1324894,600000.0,1924894.0,2023-07-05,11.9,오일 교환 완료
MNT-000694,EQP015,2024-12-26,사후정비,COMPLETED,7.7,6.4,TECH003,174091,332000.0,506091.0,2025-03-26,4.1,필터 청소
MNT-000695,EQP004,2024-01-14,예방정비,COMPLETED,11.3,13.7,TECH010,3564149,471000.0,4035149.0,2024-02-13,9.6,축 정렬 완료
MNT-000696,EQP004,2023-03-19,예방정비,COMPLETED,13.8,15.6,TECH004,2048643,794000.0,2842643.0,2023-04-18,13.6,정상 완료
MNT-000697,EQP003,2023-11-29,예방정비,COMPLETED,9.2,10.0,TECH004,593885,425000.0,1018885.0,2024-01-28,6.6,
MNT-000698,EQP007,2023-06-23,사후정비,COMPLETED,3.8,3.9,TECH002,1876363,197000.0,2073363.0,2023-07-23,2.2,부품 교체 완료
MNT-000699,EQP003,2024-07-28,개량정비,COMPLETED,4.4,4.4,TECH005,2980283,245000.0,3225283.0,2024-09-26,1.3,센서 교체
MNT-000700,EQP011,2022-04-17,예방정비,COMPLETED,3.5,3.9,TECH009,2329581,139000.0,2468581.0,2022-05-17,0.6,
MNT-000701,EQP010,2023-05-27,사후정비,COMPLETED,11.9,13.4,TECH005,1850143,551000.0,2401143.0,2023-08-25,10.4,정상 완료
MNT-000702,EQP008,2024-09-24,예방정비,COMPLETED,3.9,4.2,TECH002,,167000.0,,2024-10-24,2.6,필터 청소
MNT-000703,EQP010,2024-07-12,예방정비,COMPLETED,2.2,2.0,TECH003,75197,66000.0,141197.0,2024-10-10,1.2,교정 완료
MNT-000704,EQP010,2023-10-16,긴급정비,COMPLETED,12.6,12.4,TECH002,,630000.0,,2024-01-14,5.4,
MNT-000705,EQP014,2022-01-09,사후정비,COMPLETED,5.4,6.1,TECH005,,300000.0,,2022-02-08,2.6,축 정렬 완료
MNT-000706,EQP007,2023-04-05,예방정비,COMPLETED,14.1,13.2,TECH001,717306,780000.0,1497306.0,2023-05-05,3.1,정상 완료
MNT-000707,EQP004,2023-01-17,사후정비,COMPLETED,15.7,13.6,TECH003,1084576,590000.0,1674576.0,2023-02-16,6.9,필터 청소
MNT-000708,EQP012,2024-04-30,긴급정비,COMPLETED,12.8,12.6,TECH002,1134757,646000.0,1780757.0,2024-05-30,9.2,오일 교환 완료
MNT-000709,EQP011,2022-11-15,예방정비,COMPLETED,5.0,5.9,TECH003,4208873,236000.0,4444873.0,2022-12-15,5.5,축 정렬 완료
MNT-000710,EQP008,2022-09-29,예방정비,COMPLETED,3.0,3.2,TECH004,4925815,143000.0,5068815.0,2022-10-29,2.9,축 정렬 완료
MNT-000711,EQP009,2022-02-03,사후정비,COMPLETED,3.4,3.8,TECH007,4003512,191000.0,4194512.0,2022-05-04,2.6,오일 교환 완료
MNT-000712,EQP007,2023-03-18,사후정비,COMPLETED,12.5,14.5,TECH006,1603362,449000.0,2052362.0,2023-04-17,2.3,오일 교환 완료
MNT-000713,EQP002,2022-12-01,예방정비,COMPLETED,3.3,4.3,TECH005,4486670,218000.0,4704670.0,2022-12-31,0.8,오일 교환 완료
MNT-000714,EQP009,2023-03-10,예방정비,COMPLETED,15.8,18.1,TECH004,1176985,984000.0,2160985.0,2023-06-08,5.4,오일 교환 완료
MNT-000715,EQP001,2022-08-17,예방정비,COMPLETED,13.3,15.1,TECH006,932480,886000.0,1818480.0,2022-09-16,0.6,정상 완료
MNT-000716,EQP007,2022-05-25,예방정비,COMPLETED,2.4,3.3,TECH008,3407308,113000.0,3520308.0,2022-06-24,0.8,정상 완료
MNT-000717,EQP005,2022-03-17,예방정비,COMPLETED,3.1,3.0,TECH009,,150000.0,,2022-04-16,2.8,
MNT-000718,EQP003,2024-02-09,예방정비,COMPLETED,6.4,5.2,TECH007,2496483,270000.0,2766483.0,2024-04-09,0.9,정상 완료
MNT-000719,EQP008,2024-01-24,긴급정비,COMPLETED,9.4,8.0,TECH004,695352,329000.0,1024352.0,2024-02-23,2.2,교정 완료
MNT-000720,EQP005,2022-07-12,사후정비,COMPLETED,12.3,14.6,TECH003,3417703,554000.0,3971703.0,2022-08-11,4.4,축 정렬 완료
MNT-000721,EQP013,2022-12-09,예방정비,COMPLETED,8.2,11.0,TECH004,3578332,445000.0,4023332.0,2023-02-07,9.9,교정 완료
MNT-000722,EQP014,2024-06-24,개량정비,IN_PROGRESS,8.7,7.7,TECH005,2010896,331000.0,2341896.0,2024-07-24,2.6,
MNT-000723,EQP011,2022-12-05,예방정비,COMPLETED,2.1,2.6,TECH007,3852902,114000.0,3966902.0,2023-01-04,1.3,부품 교체 완료
MNT-000724,EQP012,2024-09-18,사후정비,COMPLETED,5.1,5.8,TECH003,3266505,236000.0,3502505.0,2024-10-18,4.4,필터 청소
MNT-000725,EQP005,2022-08-11,사후정비,IN_PROGRESS,12.3,12.6,TECH001,4749880,453000.0,5202880.0,2022-09-10,3.6,정상 완료
MNT-000726,EQP003,2022-12-03,긴급정비,COMPLETED,4.8,4.6,TECH005,3612144,168000.0,3780144.0,2023-02-01,0.6,정상 완료
MNT-000727,EQP009,2023-10-03,예방정비,COMPLETED,10.6,8.6,TECH007,2578280,346000.0,2924280.0,2024-01-01,3.8,
MNT-000728,EQP002,2024-08-06,사후정비,COMPLETED,5.2,4.3,TECH003,1750031,240000.0,1990031.0,2024-09-05,1.6,교정 완료
MNT-000729,EQP013,2023-07-01,예방정비,COMPLETED,14.3,15.5,TECH003,4370704,537000.0,4907704.0,2023-08-30,13.6,
MNT-000730,EQP010,2024-09-26,긴급정비,IN_PROGRESS,2.7,2.3,TECH006,4890721,105000.0,4995721.0,2024-12-25,1.4,정상 완료
MNT-000731,EQP014,2024-06-04,예방정비,COMPLETED,6.3,5.5,TECH003,1014685,313000.0,1327685.0,2024-07-04,2.5,필터 청소
MNT-000732,EQP010,2024-12-07,예방정비,COMPLETED,8.8,11.3,TECH010,2511268,524000.0,3035268.0,2025-03-07,9.9,벨트 교체
MNT-000733,EQP014,2023-01-20,예방정비,COMPLETED,14.5,13.3,TECH002,3427857,414000.0,3841857.0,2023-02-19,5.1,축 정렬 완료
MNT-000734,EQP006,2022-05-21,예방정비,COMPLETED,2.3,1.9,TECH006,3904173,79000.0,3983173.0,2022-07-20,0.6,센서 교체
MNT-000735,EQP004,2024-10-01,사후정비,COMPLETED,5.8,7.5,TECH001,,226000.0,,2024-10-31,6.2,
MNT-000736,EQP008,2024-11-27,사후정비,COMPLETED,9.3,10.7,TECH007,4065141,506000.0,4571141.0,2024-12-27,7.9,오일 교환 완료
MNT-000737,EQP006,2022-09-30,긴급정비,SCHEDULED,11.9,,TECH006,,,,2022-11-29,8.7,벨트 교체
MNT-000738,EQP003,2022-11-22,예방정비,COMPLETED,7.6,6.2,TECH008,2450407,215000.0,2665407.0,2023-01-21,2.7,
MNT-000739,EQP003,2022-06-13,예방정비,COMPLETED,4.6,5.4,TECH001,709539,287000.0,996539.0,2022-08-12,3.0,벨트 교체
MNT-000740,EQP003,2024-09-17,예방정비,COMPLETED,2.3,2.8,TECH004,2490585,135000.0,2625585.0,2024-11-16,1.2,
MNT-000741,EQP008,2024-03-17,예방정비,COMPLETED,12.1,14.2,TECH002,3761577,444000.0,4205577.0,2024-04-16,2.0,오일 교환 완료
MNT-000742,EQP005,2024-09-21,예방정비,COMPLETED,15.7,16.7,TECH005,4058378,938000.0,4996378.0,2024-10-21,4.8,
MNT-000743,EQP002,2024-12-22,개량정비,COMPLETED,8.3,8.8,TECH006,3185617,524000.0,3709617.0,2025-01-21,1.0,부품 교체 완료
MNT-000744,EQP015,2023-06-18,예방정비,COMPLETED,10.1,8.8,TECH002,2114361,412000.0,2526361.0,2023-09-16,3.9,정상 완료
MNT-000745,EQP015,2023-09-09,예방정비,COMPLETED,2.9,2.6,TECH006,2756598,106000.0,2862598.0,2023-12-08,1.7,
MNT-000746,EQP003,2024-07-08,예방정비,COMPLETED,12.5,12.4,TECH007,,630000.0,,2024-09-06,5.5,센서 교체
MNT-000747,EQP010,2022-01-05,예방정비,COMPLETED,9.9,12.7,TECH010,3940756,715000.0,4655756.0,2022-04-05,1.1,
MNT-000748,EQP015,2022-02-15,예방정비,COMPLETED,5.3,6.8,TECH004,,251000.0,,2022-05-16,6.7,교정 완료
MNT-000749,EQP004,2023-09-17,예방정비,COMPLETED,5.6,5.2,TECH007,2859945,224000.0,3083945.0,2023-10-17,0.7,교정 완료
MNT-000750,EQP015,2023-10-01,예방정비,COMPLETED,7.5,10.3,TECH003,4947073,615000.0,5562073.0,2023-12-30,4.3,
MNT-000751,EQP015,2023-04-10,사후정비,COMPLETED,11.7,13.1,TECH005,3637362,704000.0,4341362.0,2023-07-09,9.8,정상 완료
MNT-000752,EQP012,2024-02-18,예방정비,COMPLETED,10.1,8.6,TECH006,3012835,436000.0,3448835.0,2024-03-19,0.7,
MNT-000753,EQP015,2022-05-03,사후정비,COMPLETED,13.6,13.9,TECH006,4518981,582000.0,5100981.0,2022-08-01,10.3,부품 교체 완료
MNT-000754,EQP011,2023-02-16,예방정비,SCHEDULED,10.6,,TECH009,,,,2023-03-18,2.8,벨트 교체
MNT-000755,EQP011,2022-11-05,예방정비,COMPLETED,11.9,11.8,TECH003,4516498,360000.0,4876498.0,2022-12-05,1.1,필터 청소
MNT-000756,EQP015,2024-12-15,예방정비,COMPLETED,8.3,8.9,TECH010,1601704,345000.0,1946704.0,2025-03-15,3.9,필터 청소
MNT-000757,EQP009,2022-12-16,사후정비,COMPLETED,10.7,12.2,TECH007,916697,440000.0,1356697.0,2023-03-16,8.8,필터 청소
MNT-000758,EQP014,2023-01-30,예방정비,SCHEDULED,6.4,,TECH007,,,,2023-03-01,2.1,교정 완료
MNT-000759,EQP005,2023-07-12,예방정비,COMPLETED,9.6,12.8,TECH004,3099343,419000.0,3518343.0,2023-08-11,10.6,필터 청소
MNT-000760,EQP008,2022-05-15,사후정비,COMPLETED,4.2,4.5,TECH003,,199000.0,,2022-06-14,3.0,정상 완료
MNT-000761,EQP001,2024-05-26,예방정비,COMPLETED,5.2,5.4,TECH001,,194000.0,,2024-06-25,1.8,정상 완료
MNT-000762,EQP012,2022-01-21,긴급정비,COMPLETED,3.4,3.7,TECH001,4144789,125000.0,4269789.0,2022-02-20,1.1,축 정렬 완료
MNT-000763,EQP009,2023-03-20,예방정비,COMPLETED,13.5,13.0,TECH003,,622000.0,,2023-06-18,12.3,필터 청소
MNT-000764,EQP008,2023-09-01,개량정비,COMPLETED,11.8,14.3,TECH004,,755000.0,,2023-10-01,1.5,
MNT-000765,EQP002,2023-09-09,예방정비,COMPLETED,13.4,11.7,TECH008,157380,599000.0,756380.0,2023-10-09,11.2,벨트 교체
MNT-000766,EQP015,2022-11-29,예방정비,SCHEDULED,7.7,,TECH003,,,,2023-02-27,5.7,
MNT-000767,EQP005,2023-01-06,예방정비,COMPLETED,14.4,18.8,TECH005,4227360,745000.0,4972360.0,2023-02-05,11.0,오일 교환 완료
MNT-000768,EQP007,2022-06-13,예방정비,COMPLETED,4.0,4.8,TECH003,2367719,192000.0,2559719.0,2022-07-13,4.5,
MNT-000769,EQP004,2022-08-19,예방정비,COMPLETED,14.0,18.4,TECH010,1083037,891000.0,1974037.0,2022-09-18,2.4,필터 청소
MNT-000770,EQP013,2024-10-22,예방정비,COMPLETED,14.7,16.3,TECH006,1214566,817000.0,2031566.0,2024-12-21,9.7,필터 청소
MNT-000771,EQP014,2023-04-29,예방정비,IN_PROGRESS,9.1,8.6,TECH001,3327145,423000.0,3750145.0,2023-05-29,0.7,센서 교체
MNT-000772,EQP014,2023-02-14,예방정비,SCHEDULED,8.6,,TECH002,,,,2023-03-16,4.9,벨트 교체
MNT-000773,EQP014,2023-04-29,예방정비,COMPLETED,6.9,8.3,TECH005,4831909,469000.0,5300909.0,2023-05-29,3.0,오일 교환 완료
MNT-000774,EQP015,2023-01-31,예방정비,COMPLETED,12.3,17.1,TECH004,2796603,1002000.0,3798603.0,2023-05-01,0.8,센서 교체
MNT-000775,EQP004,2023-05-14,긴급정비,IN_PROGRESS,6.5,6.2,TECH002,1526654,282000.0,1808654.0,2023-06-13,6.1,정상 완료
MNT-000776,EQP007,2024-03-17,예방정비,COMPLETED,15.9,22.0,TECH008,3211146,1031000.0,4242146.0,2024-04-16,13.3,필터 청소
MNT-000777,EQP006,2024-10-21,긴급정비,COMPLETED,12.7,10.6,TECH002,,567000.0,,2024-12-20,2.6,정상 완료
MNT-000778,EQP013,2023-04-09,긴급정비,COMPLETED,11.2,13.8,TECH006,3485462,735000.0,4220462.0,2023-06-08,5.0,벨트 교체
MNT-000779,EQP014,2022-07-02,예방정비,COMPLETED,15.5,16.3,TECH005,2607656,556000.0,3163656.0,2022-08-01,4.1,
MNT-000780,EQP013,2023-12-28,사후정비,SCHEDULED,12.0,,TECH002,,,,2024-02-26,7.8,부품 교체 완료
MNT-000781,EQP006,2022-02-20,예방정비,COMPLETED,12.3,14.8,TECH002,2711287,688000.0,3399287.0,2022-04-21,10.3,정상 완료
MNT-000782,EQP002,2024-12-16,예방정비,COMPLETED,5.2,5.2,TECH002,1251241,224000.0,1475241.0,2025-01-15,1.4,센서 교체
MNT-000783,EQP006,2024-05-02,사후정비,COMPLETED,9.8,11.9,TECH006,2174841,496000.0,2670841.0,2024-07-01,7.2,
MNT-000784,EQP001,2024-01-29,예방정비,COMPLETED,2.3,2.0,TECH009,4956458,89000.0,5045458.0,2024-02-28,1.2,축 정렬 완료
MNT-000785,EQP010,2022-09-06,예방정비,SCHEDULED,10.1,,TECH008,,,,2022-12-05,4.4,축 정렬 완료
MNT-000786,EQP014,2023-12-13,예방정비,COMPLETED,14.0,17.3,TECH002,1639128,1002000.0,2641128.0,2024-01-12,6.9,필터 청소
MNT-000787,EQP002,2022-07-08,예방정비,COMPLETED,6.7,5.9,TECH010,4737519,254000.0,4991519.0,2022-08-07,1.4,부품 교체 완료
MNT-000788,EQP015,2023-02-16,사후정비,COMPLETED,8.5,9.9,TECH004,3858847,503000.0,4361847.0,2023-05-17,1.7,벨트 교체
MNT-000789,EQP002,2023-03-20,개량정비,COMPLETED,12.4,11.0,TECH001,1774098,638000.0,2412098.0,2023-04-19,6.0,센서 교체
MNT-000790,EQP011,2024-08-12,사후정비,COMPLETED,2.7,3.1,TECH006,1829776,121000.0,1950776.0,2024-09-11,0.7,교정 완료
MNT-000791,EQP005,2024-04-15,예방정비,COMPLETED,9.6,8.0,TECH010,1356214,429000.0,1785214.0,2024-05-15,7.0,필터 청소
MNT-000792,EQP008,2023-06-29,예방정비,SCHEDULED,6.8,,TECH001,,,,2023-07-29,1.9,
MNT-000793,EQP001,2024-04-18,예방정비,COMPLETED,5.9,6.4,TECH008,1162198,241000.0,1403198.0,2024-05-18,3.3,교정 완료
MNT-000794,EQP006,2023-05-01,사후정비,COMPLETED,7.0,6.7,TECH010,1828553,367000.0,2195553.0,2023-06-30,5.4,정상 완료
MNT-000795,EQP008,2023-08-05,예방정비,COMPLETED,5.6,6.9,TECH007,4143378,271000.0,4414378.0,2023-09-04,4.9,
MNT-000796,EQP014,2023-11-20,예방정비,COMPLETED,2.2,1.8,TECH005,3101114,97000.0,3198114.0,2023-12-20,1.2,벨트 교체
MNT-000797,EQP001,2022-08-06,예방정비,COMPLETED,2.5,3.4,TECH008,255380,129000.0,384380.0,2022-09-05,3.1,센서 교체
MNT-000798,EQP004,2024-01-21,예방정비,SCHEDULED,13.3,,TECH008,,,,2024-02-20,8.6,
MNT-000799,EQP008,2022-11-14,예방정비,COMPLETED,3.2,2.8,TECH002,546207,140000.0,686207.0,2022-12-14,2.7,오일 교환 완료
MNT-000800,EQP001,2024-12-12,예방정비,COMPLETED,9.6,10.5,TECH006,3857905,417000.0,4274905.0,2025-01-11,1.6,교정 완료
