PERF_ID,BRANCH_ID,YEAR_MONTH,NEW_CUSTOMER_COUNT,CLOSED_CUSTOMER_COUNT,TOTAL_DEPOSIT_KRW,TOTAL_LOAN_KRW,TOTAL_INVESTMENT_KRW,NET_INTEREST_INCOME_KRW,FEE_INCOME_KRW,TOTAL_REVENUE_KRW,OPERATING_COST_KRW,NET_PROFIT_KRW,NPS_SCORE,COMPLAINT_COUNT,LOAN_DEFAULT_COUNT
PFM0000001,BRN001,2022-01,64,4,245037719160,198300541249,70367309151,330351330,1024320806,1354672136,802046588,552625548,47,3,4
PFM0000002,BRN001,2022-02,89,1,220909705290,169354152085,66453554651,319915629,855762942,1175678571,750970691,424707880,58,18,13
PFM0000003,BRN001,2022-03,27,4,247684880612,164966091625,74790385304,249272479,752552854,1001825333,726200524,275624809,11,0,7
PFM0000004,BRN001,2022-04,25,10,262723425974,163493454898,75659395479,265454581,799403298,1064857879,623210857,441647022,,21,7
PFM0000005,BRN001,2022-05,61,4,228094616062,173500209514,73100535505,315723565,976902926,1292626491,830492101,462134390,44,15,11
PFM0000006,BRN001,2022-06,17,2,256613197422,181529956851,80323256339,281956839,980392022,1262348861,900464543,361884318,61,39,11
PFM0000007,BRN001,2022-07,43,9,258100252354,174590494559,69398422560,252942163,491064244,744006407,491517050,252489357,69,43,15
PFM0000008,BRN001,2022-08,80,14,244661340885,177111209984,75344773595,281943302,530743910,812687212,522001927,290685285,,7,14
PFM0000009,BRN001,2022-09,71,7,272860174939,190251156347,81600338434,249785401,466367830,716153231,485649419,230503812,,30,15
PFM0000010,BRN001,2022-10,36,15,284290294477,181625035436,75662762905,375180928,343199638,718380566,456865514,261515052,50,41,6
PFM0000011,BRN001,2022-11,12,11,263932509575,196375243555,77432975614,265640878,768575293,1034216171,700442235,333773936,30,48,6
PFM0000012,BRN001,2022-12,103,8,277105541353,219576058318,85014687100,343160327,341659733,684820060,395774998,289045062,,14,5
PFM0000013,BRN001,2023-01,32,15,263690608500,183379769270,85093613032,238763397,295617523,534380920,340923536,193457384,74,32,10
PFM0000014,BRN001,2023-02,28,14,224903831421,140452076392,68056643822,213762245,760009369,973771614,717131666,256639948,75,7,
PFM0000015,BRN001,2023-03,38,2,254172623985,157992983615,65497897886,211219604,523943278,735162882,422207129,312955753,30,23,9
PFM0000016,BRN001,2023-04,35,12,268570949029,163669613508,77852754770,271741491,703977294,975718785,545488441,430230344,-17,29,6
PFM0000017,BRN001,2023-05,98,2,255032185709,169195151876,75616528879,332561985,802344060,1134906045,791821242,343084803,65,28,12
PFM0000018,BRN001,2023-06,21,1,264521643325,186107267786,75339411535,247239450,651006688,898246138,547865941,350380197,-20,20,1
PFM0000019,BRN001,2023-07,47,4,267963952224,160869633913,72378708963,242644342,960827570,1203471912,879950396,323521516,,21,
PFM0000020,BRN001,2023-08,101,4,227946181074,176412007180,72803043195,236329530,921893255,1158222785,757671397,400551388,49,33,13
PFM0000021,BRN001,2023-09,95,4,237227030403,185804818307,79228487282,291754503,432968903,724723406,542076603,182646803,8,40,5
PFM0000022,BRN001,2023-10,76,7,250287164446,204873109539,80455766104,375720249,880196211,1255916460,714564848,541351612,,35,15
PFM0000023,BRN001,2023-11,25,10,260776156901,179777188464,77901687213,304449648,786798466,1091248114,686946532,404301582,,26,2
PFM0000024,BRN001,2023-12,85,2,294512477668,220413878345,81526006059,425324368,931853424,1357177792,814576328,542601464,34,10,
PFM0000025,BRN001,2024-01,27,5,251316065419,177375361199,81602469114,334842777,1032294801,1367137578,941539662,425597916,,15,10
PFM0000026,BRN001,2024-02,48,6,233179621020,148086861906,65723422646,212523124,880013363,1092536487,777438207,315098280,77,26,1
PFM0000027,BRN001,2024-03,103,4,244474799121,169846662066,78831071210,245307478,446385923,691693401,387155372,304538029,2,38,1
PFM0000028,BRN001,2024-04,33,8,231730209393,160339041907,72572490739,266279155,451107988,717387143,437947079,279440064,,26,4
PFM0000029,BRN001,2024-05,35,8,249055153983,184273760555,73507438756,375433731,830412201,1205845932,880611131,325234801,24,24,9
PFM0000030,BRN001,2024-06,42,14,269271430327,170961339236,71063472508,282798112,549935915,832734027,600415520,232318507,28,18,
PFM0000031,BRN001,2024-07,23,3,246288970585,183915331245,77517308058,299070738,383866998,682937736,473625193,209312543,64,23,
PFM0000032,BRN001,2024-08,55,3,259743979701,189060810131,77158060416,241525230,1003187856,1244713086,831006701,413706385,10,40,7
PFM0000033,BRN001,2024-09,74,5,270400647954,169660973872,73594170602,302673902,327995998,630669900,408274911,222394989,30,19,2
PFM0000034,BRN001,2024-10,44,3,264867667363,174370813437,77296897181,284146779,609686879,893833658,562446440,331387218,9,2,4
PFM0000035,BRN001,2024-11,30,5,264148318038,204110044308,89454917221,370079021,1074838524,1444917545,916044564,528872981,56,21,11
PFM0000036,BRN001,2024-12,67,14,297374280265,226098521402,82410915423,291158116,453853836,745011952,522361291,222650661,38,14,
PFM0000037,BRN002,2022-01,25,3,192071826248,139162418882,52584601860,276959160,238900525,515859685,383942926,131916759,51,17,2
PFM0000038,BRN002,2022-02,24,5,162852424967,100939554694,45926625486,149864856,352667090,502531946,279699396,222832550,77,23,3
PFM0000039,BRN002,2022-03,14,7,182041053061,129285922721,54564538222,164818978,168554474,333373452,220790766,112582686,68,19,9
PFM0000040,BRN002,2022-04,60,8,182551807359,127336653524,53377483560,162359202,188172279,350531481,199955006,150576475,,20,9
PFM0000041,BRN002,2022-05,72,0,173790258285,132918405628,53429799235,229752951,290135301,519888252,302182436,217705816,48,7,3
PFM0000042,BRN002,2022-06,15,10,184146937150,115719929201,48933912698,208525249,194352765,402878014,290086337,112791677,,7,0
PFM0000043,BRN002,2022-07,70,1,167349169399,128280508579,52348784915,190372841,365386811,555759652,342618170,213141482,-14,17,7
PFM0000044,BRN002,2022-08,51,2,174687308433,123970021619,49909920495,222909451,639562684,862472135,568332173,294139962,65,30,1
PFM0000045,BRN002,2022-09,10,0,166776754736,127900396023,57485666659,183255661,544956641,728212302,545128843,183083459,-8,26,4
PFM0000046,BRN002,2022-10,33,7,201529291784,121025421874,61726890097,192823919,433416293,626240212,433953385,192286827,-18,18,2
PFM0000047,BRN002,2022-11,41,0,176883119048,136205437908,56281238961,221004842,470986287,691991129,459833199,232157930,-6,9,3
PFM0000048,BRN002,2022-12,54,2,220123678903,148984655945,66148425651,204844830,398489231,603334061,377774786,225559275,61,20,2
PFM0000049,BRN002,2023-01,32,0,180922808102,133233953654,58369047843,224921280,208143138,433064418,278304322,154760096,45,34,9
PFM0000050,BRN002,2023-02,34,4,150686564516,107466944291,42259772760,187211187,278082912,465294099,287206299,178087800,36,4,7
PFM0000051,BRN002,2023-03,43,7,161667911792,121362287021,47987121004,155284250,314069250,469353500,297696881,171656619,-18,13,7
PFM0000052,BRN002,2023-04,53,7,190111832890,122815161143,47212509381,194501360,335815568,530316928,360720228,169596700,,28,0
PFM0000053,BRN002,2023-05,14,0,156889762020,120008544099,47033654303,216887347,415007356,631894703,369586945,262307758,27,2,4
PFM0000054,BRN002,2023-06,25,5,168810705198,126796984242,54775963613,236986433,626077590,863064023,546770606,316293417,17,27,7
PFM0000055,BRN002,2023-07,19,10,189223395426,116428910413,57848551762,227894392,524313882,752208274,508785023,243423251,71,16,8
PFM0000056,BRN002,2023-08,15,7,180973483423,118747404201,52477834162,193959648,246868116,440827764,300654398,140173366,,10,10
PFM0000057,BRN002,2023-09,66,10,179409070112,114694617530,54434657701,143731680,289578628,433310308,243556622,189753686,54,18,
PFM0000058,BRN002,2023-10,66,2,203947773081,131633948019,51889715906,190282020,745229952,935511972,626815428,308696544,,32,0
PFM0000059,BRN002,2023-11,46,5,207996369949,145935660738,58153962156,226063272,333444398,559507670,403453638,156054032,42,0,6
PFM0000060,BRN002,2023-12,26,0,223422020834,149081426717,66525569488,200508629,238268046,438776675,282303573,156473102,,21,
PFM0000061,BRN002,2024-01,33,6,189589092792,133051681812,49184312850,240034913,223205790,463240703,292456594,170784109,75,16,6
PFM0000062,BRN002,2024-02,34,7,158010720672,116067343667,45333720195,228101194,377647737,605748931,389624809,216124122,17,28,5
PFM0000063,BRN002,2024-03,22,4,151510297780,112984910115,45985946467,233056739,397870383,630927122,454300350,176626772,66,32,6
PFM0000064,BRN002,2024-04,61,8,174063925825,130201071835,52682622205,244823154,574104403,818927557,488374643,330552914,-8,31,7
PFM0000065,BRN002,2024-05,68,4,177019561298,110876303193,54818679011,167663117,383476625,551139742,352052333,199087409,41,23,2
PFM0000066,BRN002,2024-06,56,8,175985423492,127753441764,55334894745,243843645,530340216,774183861,526487575,247696286,46,5,2
PFM0000067,BRN002,2024-07,57,6,161164663565,112361951161,48466615931,149653372,490790667,640444039,393118233,247325806,72,20,5
PFM0000068,BRN002,2024-08,54,7,160819446539,134463732236,56793074842,258428423,457100470,715528893,533939813,181589080,47,19,9
PFM0000069,BRN002,2024-09,71,7,165409859764,115276579570,56531446942,168107022,456612767,624719789,361432504,263287285,13,34,8
PFM0000070,BRN002,2024-10,57,2,200631842290,131860177921,51634725393,167036517,741766714,908803231,653661763,255141468,-19,32,0
PFM0000071,BRN002,2024-11,57,1,195378263697,139837386322,56456822603,289846693,269559879,559406572,382521793,176884779,12,19,
PFM0000072,BRN002,2024-12,17,9,218779819145,140988158115,62205412762,247874580,373060401,620934981,368445671,252489310,10,21,7
PFM0000073,BRN003,2022-01,10,3,169485017065,109128449796,49808282166,200245396,319465228,519710624,359151988,160558636,,11,
PFM0000074,BRN003,2022-02,17,5,127552515337,85145063293,41543324028,161577932,409012537,570590469,332210331,238380138,1,18,4
PFM0000075,BRN003,2022-03,32,4,140081953018,100789013218,41038678242,175975758,196675001,372650759,222881178,149769581,-15,17,8
PFM0000076,BRN003,2022-04,20,0,152656905963,94975943306,47321729212,144164853,457473209,601638062,404206474,197431588,39,14,
PFM0000077,BRN003,2022-05,11,2,148558122679,106812964365,41635614528,175466002,148523132,323989134,208103062,115886072,38,14,0
PFM0000078,BRN003,2022-06,42,2,160693963245,110554740709,48968193288,194836826,370566196,565403022,352452630,212950392,-2,5,0
PFM0000079,BRN003,2022-07,15,2,139195903502,111208743673,43102036632,147702683,412663018,560365701,389738899,170626802,46,1,4
PFM0000080,BRN003,2022-08,18,2,151478134811,112553794187,42047346135,156445960,468493417,624939377,390831641,234107736,29,20,6
PFM0000081,BRN003,2022-09,48,9,158667632012,105279747494,49694187699,135917667,332915071,468832738,271157674,197675064,,0,7
PFM0000082,BRN003,2022-10,46,1,170431249941,104970989553,48552592544,206785424,594905957,801691381,590467033,211224348,4,18,6
PFM0000083,BRN003,2022-11,42,2,159960181142,122729803898,50682262371,193467812,216106756,409574568,237166718,172407850,-3,8,
PFM0000084,BRN003,2022-12,47,2,191342343805,128165567161,49058259461,224693845,494631749,719325594,495330979,223994615,70,0,9
PFM0000085,BRN003,2023-01,55,4,146621221376,100541573603,43173849607,172848941,604572644,777421585,429698625,347722960,37,22,0
PFM0000086,BRN003,2023-02,25,3,128831322461,95614203778,40383236600,137124198,327748264,464872462,316681106,148191356,-9,16,4
PFM0000087,BRN003,2023-03,17,6,138810282305,94470131272,44538275601,142601540,194394299,336995839,200462279,136533560,2,1,9
PFM0000088,BRN003,2023-04,39,9,143670761935,95408684914,46832841057,185122405,193884345,379006750,230114299,148892451,,24,1
PFM0000089,BRN003,2023-05,53,3,153366295321,106982816375,43774009457,200850851,169072207,369923058,275056515,94866543,65,9,6
PFM0000090,BRN003,2023-06,61,3,159578660687,95092388723,47172232683,181944824,219736754,401681578,262045680,139635898,62,2,6
PFM0000091,BRN003,2023-07,13,8,139598861664,113434269662,44015173243,198038332,215150459,413188791,238905660,174283131,73,20,8
PFM0000092,BRN003,2023-08,7,9,149350134275,113991073938,45160946278,223210300,598866511,822076811,492118419,329958392,-8,5,1
PFM0000093,BRN003,2023-09,49,0,159951034869,109402066454,43685601112,190847974,355652855,546500829,394594951,151905878,62,24,
PFM0000094,BRN003,2023-10,55,2,161121300966,114562970988,44366707410,212739140,561076253,773815393,559164249,214651144,10,24,4
PFM0000095,BRN003,2023-11,60,7,173829797339,118743893727,47052361113,173817664,211908982,385726646,217567604,168159042,,21,
PFM0000096,BRN003,2023-12,12,3,181692950229,127677963795,48171975320,264298404,259617651,523916055,370484806,153431249,16,18,
PFM0000097,BRN003,2024-01,36,2,159940856751,105303610386,45544761899,157699564,585903693,743603257,511579156,232024101,69,21,8
PFM0000098,BRN003,2024-02,65,2,140905632115,91231582892,41434659868,164738795,509838910,674577705,478578226,195999479,26,12,6
PFM0000099,BRN003,2024-03,52,8,144538748865,91595073255,41989423250,126122600,325211060,451333660,338000964,113332696,37,6,8
PFM0000100,BRN003,2024-04,10,6,157775466581,98593172635,44915055831,188045925,205863620,393909545,247257742,146651803,34,10,
PFM0000101,BRN003,2024-05,52,7,136513446808,101925083462,40588417163,151267914,440813142,592081056,362865566,229215490,53,20,
PFM0000102,BRN003,2024-06,53,9,141233127490,113392117159,40381512471,212441487,520314438,732755925,467963401,264792524,9,25,5
PFM0000103,BRN003,2024-07,35,3,154327894763,95915918927,40980154105,172652384,580225006,752877390,538377908,214499482,54,21,6
PFM0000104,BRN003,2024-08,36,0,147743105339,116418265984,42852306010,163407436,496363200,659770636,437641461,222129175,17,27,9
PFM0000105,BRN003,2024-09,55,6,161165471543,109619869320,42081384835,221740982,531339772,753080754,501250687,251830067,8,21,7
PFM0000106,BRN003,2024-10,15,5,167424390131,106120020420,47556759921,142313103,260037667,402350770,291968069,110382701,68,14,
PFM0000107,BRN003,2024-11,16,1,162973466182,106561788975,47153759276,201111955,533961993,735073948,508745680,226328268,13,28,
PFM0000108,BRN003,2024-12,9,0,166984606936,122673135739,54514293092,206426608,364230252,570656860,414252533,156404327,71,8,
PFM0000109,BRN004,2022-01,40,5,104068789518,68185018198,29689144425,121002916,210604614,331607530,198919070,132688460,55,13,
PFM0000110,BRN004,2022-02,5,4,82015875906,60296745106,27868754043,106996724,343610271,450606995,260496785,190110210,15,9,0
PFM0000111,BRN004,2022-03,39,1,103975303433,69836356622,30590276785,121917525,178744741,300662266,190923609,109738657,69,10,5
PFM0000112,BRN004,2022-04,25,0,95065086134,65084598630,29218806698,87757196,253014756,340771952,201575716,139196236,-19,19,2
PFM0000113,BRN004,2022-05,22,6,89162046536,73892389712,27282381073,113370157,152308663,265678820,182395398,83283422,4,6,1
PFM0000114,BRN004,2022-06,10,1,89546698747,67954727949,28362189438,109813215,303986920,413800135,288731206,125068929,-17,6,1
PFM0000115,BRN004,2022-07,5,5,103467116917,77466941844,29859821783,122514527,117952254,240466781,139925516,100541265,3,6,1
PFM0000116,BRN004,2022-08,7,0,98600953638,67449529146,28991615728,106450056,370486967,476937023,327631567,149305456,6,9,0
PFM0000117,BRN004,2022-09,9,6,94441990395,73096392880,31693472302,149279610,196988992,346268602,208914958,137353644,-13,13,
PFM0000118,BRN004,2022-10,29,2,114096276884,71787060057,32584339398,120311121,336531291,456842412,327203441,129638971,,2,3
PFM0000119,BRN004,2022-11,35,2,113493285936,74204270392,30898127452,104017278,263920593,367937871,228948137,138989734,-1,7,5
PFM0000120,BRN004,2022-12,13,4,112609725327,86746556493,36262155348,121294243,291147128,412441371,235058998,177382373,16,2,
PFM0000121,BRN004,2023-01,6,0,100841144282,65257982833,29557988884,101579796,376070793,477650589,323794434,153856155,,11,
PFM0000122,BRN004,2023-02,13,5,89407403839,66220720699,24898180330,120073771,343254177,463327948,322142129,141185819,-17,10,6
PFM0000123,BRN004,2023-03,7,4,93996268474,72114137429,27717983525,147175313,236574636,383749949,250059745,133690204,-14,16,1
PFM0000124,BRN004,2023-04,44,0,102952009196,68541287456,31893929255,131068459,277060138,408128597,266674961,141453636,31,0,4
PFM0000125,BRN004,2023-05,27,4,97302498736,67919370031,28203129064,99896010,137849289,237745299,150350031,87395268,,20,2
PFM0000126,BRN004,2023-06,42,6,89555886845,64122279590,31921274844,98986910,356864603,455851513,289488524,166362989,62,19,2
PFM0000127,BRN004,2023-07,41,1,103056485867,69680329536,27977573499,108408872,107484575,215893447,144545273,71348174,39,1,
PFM0000128,BRN004,2023-08,18,6,98992279511,63781113332,28087609893,110491396,270194461,380685857,213738779,166947078,44,1,
PFM0000129,BRN004,2023-09,36,6,94331838418,71349071721,32144143831,99287662,357623546,456911208,311528583,145382625,47,7,2
PFM0000130,BRN004,2023-10,16,4,97754635290,68995128506,32892651314,108445502,152723132,261168634,154053378,107115256,78,1,4
PFM0000131,BRN004,2023-11,22,5,111483925724,74413522683,32035675253,101016217,398767038,499783255,292817216,206966039,7,18,2
PFM0000132,BRN004,2023-12,29,3,114774639544,84490855918,34300183632,149596545,205567673,355164218,260098053,95066165,14,11,
PFM0000133,BRN004,2024-01,36,5,100796603610,74127961511,34068714977,135712191,153474637,289186828,212215540,76971288,69,1,4
PFM0000134,BRN004,2024-02,15,4,82551934435,60653917915,26900749991,100710340,98780336,199490676,114040856,85449820,-14,7,2
PFM0000135,BRN004,2024-03,42,6,88286266778,72863311937,30387722576,129978892,291949488,421928380,260195087,161733293,48,20,2
PFM0000136,BRN004,2024-04,30,2,102279149313,71338234762,31972113372,145245259,350704016,495949275,281546100,214403175,-12,4,3
PFM0000137,BRN004,2024-05,43,2,94484920338,73878234600,32228087544,152006962,353084861,505091823,311563211,193528612,,12,3
PFM0000138,BRN004,2024-06,24,1,92269490804,75156400513,31027712929,149250545,194227602,343478147,196210063,147268084,0,6,1
PFM0000139,BRN004,2024-07,10,2,101635610684,68914859210,29098994735,105917733,255119736,361037469,200142489,160894980,,0,2
PFM0000140,BRN004,2024-08,38,2,102302067218,72622824367,29901903867,119912298,257898107,377810405,241504451,136305954,,15,3
PFM0000141,BRN004,2024-09,18,6,107001279838,72109379350,28661983902,114826944,161819270,276646214,185309879,91336335,22,20,
PFM0000142,BRN004,2024-10,41,6,105925184689,75156934271,30623627935,137249933,324421625,461671558,254506215,207165343,67,10,
PFM0000143,BRN004,2024-11,14,4,102946222542,70356851288,29741066811,131224937,302855529,434080466,303730548,130349918,-17,8,4
PFM0000144,BRN004,2024-12,37,5,112303837817,86083006019,35804567132,111040845,192659205,303700050,199192634,104507416,51,19,4
PFM0000145,BRN005,2022-01,22,3,139524230026,94473548166,39787326148,124621485,206508651,331130136,197707682,133422454,53,1,2
PFM0000146,BRN005,2022-02,26,1,108441983941,77677757538,34883671320,137484773,210333686,347818459,259627974,88190485,67,7,0
PFM0000147,BRN005,2022-03,7,3,112453533977,77717561290,38824900544,107475145,417923605,525398750,303748026,221650724,-8,23,1
PFM0000148,BRN005,2022-04,46,6,120678723995,91933658144,33539281046,180444797,185628720,366073517,214788225,151285292,13,3,
PFM0000149,BRN005,2022-05,12,6,128468819957,80186845688,34619842939,126860927,298270043,425130970,306897140,118233830,-13,22,4
PFM0000150,BRN005,2022-06,36,6,119701611123,89453784315,40125279706,161197852,343608757,504806609,338275113,166531496,,1,5
PFM0000151,BRN005,2022-07,46,4,129717371667,93927134316,41002894798,121217134,242209131,363426265,254212990,109213275,,10,6
PFM0000152,BRN005,2022-08,54,7,130371831930,81505518187,36627401725,138918287,361621191,500539478,305445600,195093878,53,2,
PFM0000153,BRN005,2022-09,43,1,118164913361,97570306120,40943617323,132975669,505264837,638240506,431333190,206907316,65,12,7
PFM0000154,BRN005,2022-10,14,6,136834994351,96821775959,39071562579,145938325,272494610,418432935,266731731,151701204,-9,12,3
PFM0000155,BRN005,2022-11,30,1,143434601076,88567922673,40819209257,161675822,300516244,462192066,316678014,145514052,-18,23,
PFM0000156,BRN005,2022-12,16,5,149932999803,108448206628,43680224532,214619447,331890031,546509478,371153118,175356360,54,3,0
PFM0000157,BRN005,2023-01,42,7,138814871112,86463937085,38956312805,129274678,266442850,395717528,291985719,103731809,1,5,6
PFM0000158,BRN005,2023-02,54,7,119192875272,77658542800,30594009224,128314818,182503015,310817833,178057155,132760678,24,19,2
PFM0000159,BRN005,2023-03,30,6,110072836391,82680110900,34115804625,157073932,139744421,296818353,195125822,101692531,72,20,6
PFM0000160,BRN005,2023-04,30,3,129084030466,80411629243,38670435861,145893488,233267187,379160675,261416665,117744010,39,22,5
PFM0000161,BRN005,2023-05,41,7,122337427701,81555340150,39450967646,128003193,275387961,403391154,244276703,159114451,71,25,5
PFM0000162,BRN005,2023-06,29,3,113952040681,80056829775,38091630744,106836374,452277057,559113431,310247407,248866024,13,11,
PFM0000163,BRN005,2023-07,54,6,119902279641,95685147406,40517962165,182294951,215139494,397434445,254167112,143267333,-6,9,1
PFM0000164,BRN005,2023-08,47,0,133830988989,93284431397,37329542977,140017214,455738891,595756105,354446475,241309630,33,4,4
PFM0000165,BRN005,2023-09,28,1,120206496672,97001223714,36202120595,183783128,278214298,461997426,271113941,190883485,7,8,3
PFM0000166,BRN005,2023-10,28,0,127352008412,96556607580,37588659753,176412218,180259190,356671408,197521957,159149451,50,24,7
PFM0000167,BRN005,2023-11,52,3,141933076893,95958976077,45048677400,153757337,474457726,628215063,350965839,277249224,24,24,6
PFM0000168,BRN005,2023-12,26,0,147429889423,96197162464,42655561050,154357612,175579346,329936958,210478714,119458244,9,19,
PFM0000169,BRN005,2024-01,28,0,141645074556,98317168342,35686846593,173228883,348513596,521742479,366504086,155238393,14,1,4
PFM0000170,BRN005,2024-02,11,3,100417796915,81022659368,33788627961,167036209,415304151,582340360,379725094,202615266,-6,14,2
PFM0000171,BRN005,2024-03,36,2,109386411616,78489606402,33874770965,133279839,209892479,343172318,196990604,146181714,57,15,3
PFM0000172,BRN005,2024-04,16,3,130243626176,90548262792,34535672056,180060838,268449301,448510139,301805279,146704860,40,8,2
PFM0000173,BRN005,2024-05,27,6,129495233490,91078816578,37177003473,134614488,172952693,307567181,185260514,122306667,39,10,3
PFM0000174,BRN005,2024-06,40,0,119683226362,84103243129,37221455711,109707583,274372416,384079999,279486452,104593547,,22,0
PFM0000175,BRN005,2024-07,36,2,117670055017,91551865182,40007290779,179329370,313641867,492971237,287531891,205439346,,10,2
PFM0000176,BRN005,2024-08,51,5,132650569084,93382694130,37077196249,185624379,434684887,620309266,417134618,203174648,-6,25,0
PFM0000177,BRN005,2024-09,9,1,131791388607,94440838020,37175298535,174511414,171409227,345920641,215870698,130049943,-9,23,
PFM0000178,BRN005,2024-10,24,4,124775380418,99577462639,36827821527,139369998,281729906,421099904,256593085,164506819,42,5,3
PFM0000179,BRN005,2024-11,36,4,130896456930,89866811454,39368211863,113538337,504149824,617688161,425077559,192610602,4,22,
PFM0000180,BRN005,2024-12,17,3,159907357404,96794004678,43438202514,138311017,151032936,289343953,194750198,94593755,63,12,2
PFM0000181,BRN006,2022-01,32,6,93717689565,72166392801,28392841341,91384551,370414436,461798987,307556934,154242053,40,3,1
PFM0000182,BRN006,2022-02,23,5,83806739648,67283020589,27273221703,86966195,339676353,426642548,290576064,136066484,-11,14,1
PFM0000183,BRN006,2022-03,26,2,102861014438,64357383929,30179374645,103203570,139170535,242374105,148638234,93735871,59,9,6
PFM0000184,BRN006,2022-04,37,3,92243482528,71467672633,30680394683,117323943,294565434,411889377,256251485,155637892,-9,12,
PFM0000185,BRN006,2022-05,29,6,96553811250,69401089851,32465871490,142300512,191602625,333903137,215498872,118404265,68,5,0
PFM0000186,BRN006,2022-06,13,2,98623896090,68514010278,32375314317,112397965,106507975,218905940,158591079,60314861,22,5,3
PFM0000187,BRN006,2022-07,32,4,104840681985,64188910152,30970404328,125687856,228023129,353710985,213696207,140014778,12,19,
PFM0000188,BRN006,2022-08,10,2,106092031067,66911914093,32006065810,88348588,258577335,346925923,225589854,121336069,14,14,6
PFM0000189,BRN006,2022-09,30,0,94742178865,75385668936,33982883874,101995726,404813414,506809140,359246635,147562505,-5,7,3
PFM0000190,BRN006,2022-10,38,0,109984992404,79826819880,29479333481,132644581,125345570,257990151,184974340,73015811,,11,0
PFM0000191,BRN006,2022-11,9,4,101172015374,83245216783,33468122289,168772314,276290560,445062874,307409329,137653545,73,2,5
PFM0000192,BRN006,2022-12,15,0,126076270401,82787205960,38723254889,163567156,468316923,631884079,453570988,178313091,20,9,1
PFM0000193,BRN006,2023-01,33,5,106546955626,71551403870,31561517433,103623417,370727021,474350438,272285024,202065414,15,4,1
PFM0000194,BRN006,2023-02,22,2,95167396485,66984646186,28275292675,126072819,316977864,443050683,330459824,112590859,8,11,4
PFM0000195,BRN006,2023-03,10,1,90813044220,68411841671,30158428229,106415112,152234700,258649812,148789791,109860021,-12,14,1
PFM0000196,BRN006,2023-04,5,0,91252711301,64714219080,27255865123,82896315,246441857,329338172,205205466,124132706,11,1,3
PFM0000197,BRN006,2023-05,18,2,92798855415,71399667298,29667733905,98337200,173163342,271500542,161276960,110223582,70,1,
PFM0000198,BRN006,2023-06,30,6,99366784691,68910979894,28606930663,140949448,197244124,338193572,253006109,85187463,-11,4,4
PFM0000199,BRN006,2023-07,8,4,95532804655,66474514382,31556113995,126435500,171995616,298431116,167419805,131011311,14,16,3
PFM0000200,BRN006,2023-08,36,3,99714880197,76444562183,29188812724,151632452,175336667,326969119,240049240,86919879,,13,0
PFM0000201,BRN006,2023-09,23,4,100338777308,77792957248,32428934865,97649240,116060863,213710103,150355642,63354461,-7,18,4
PFM0000202,BRN006,2023-10,5,1,114183244628,71867086464,30202134487,98283757,165994368,264278125,158876269,105401856,76,2,6
PFM0000203,BRN006,2023-11,12,4,114490721712,82856491084,35686645703,139107518,271947177,411054695,290468670,120586025,73,17,4
PFM0000204,BRN006,2023-12,7,0,107256847269,84256159927,38396446198,172458867,324437270,496896137,309001449,187894688,56,5,6
PFM0000205,BRN006,2024-01,8,6,97106941036,66629787670,33908503992,90756603,225398542,316155145,203366675,112788470,50,0,4
PFM0000206,BRN006,2024-02,33,3,85629521288,57655862105,28892728399,74496767,313226066,387722833,258830730,128892103,59,2,3
PFM0000207,BRN006,2024-03,44,0,91335712866,61614698653,28480152742,128120657,103146568,231267225,166257050,65010175,69,4,3
PFM0000208,BRN006,2024-04,9,4,106608233930,64070646336,28782936300,90901070,335621730,426522800,259847203,166675597,46,0,0
PFM0000209,BRN006,2024-05,4,2,94846279563,74924800516,28726018079,116591466,270677940,387269406,241221907,146047499,,9,
PFM0000210,BRN006,2024-06,38,4,104710722105,63049943932,28761192537,88449705,357574791,446024496,259815354,186209142,26,5,
PFM0000211,BRN006,2024-07,24,2,106299523875,76886071038,28932454564,152838354,400598181,553436535,311887146,241549389,,7,0
PFM0000212,BRN006,2024-08,8,3,92156792671,65727986922,33074955505,114623560,136680934,251304494,139935473,111369021,56,4,
PFM0000213,BRN006,2024-09,20,5,95143593206,79349737483,32207213972,134247649,284199237,418446886,250663405,167783481,61,13,6
PFM0000214,BRN006,2024-10,22,2,115400314961,74083065205,34698463312,111127292,171441057,282568349,201478249,81090100,20,7,2
PFM0000215,BRN006,2024-11,12,1,112337876563,73096071225,31077766105,149431264,221143041,370574305,251951773,118622532,37,19,3
PFM0000216,BRN006,2024-12,45,1,106379261830,76098592677,37909049220,112301524,371970678,484272202,347244093,137028109,42,10,4
PFM0000217,BRN007,2022-01,6,2,107082484199,74390603576,36807653625,120049040,295130631,415179671,308489469,106690202,,2,5
PFM0000218,BRN007,2022-02,36,5,97698995815,73848337965,27987457796,96734240,252856899,349591139,233627271,115963868,42,12,0
PFM0000219,BRN007,2022-03,11,0,112069560281,70696697624,32784352279,121639879,130147911,251787790,166159698,85628092,79,2,5
PFM0000220,BRN007,2022-04,41,5,99995679892,75378139975,34523985865,138378702,341864162,480242864,303131605,177111259,27,6,6
PFM0000221,BRN007,2022-05,22,1,118643404958,72018516259,35930312814,123152734,118078083,241230817,160606235,80624582,50,9,
PFM0000222,BRN007,2022-06,4,6,101743254206,78254802514,31663230524,98150599,232787595,330938194,233145383,97792811,28,1,
PFM0000223,BRN007,2022-07,23,3,113297544532,72058714450,33462578294,149401454,347856735,497258189,362606470,134651719,-5,7,4
PFM0000224,BRN007,2022-08,33,5,113987503985,82609937978,35245476106,116516194,424888226,541404420,374253580,167150840,-2,8,6
PFM0000225,BRN007,2022-09,49,2,108082696591,76534719038,32630496811,158952898,178339325,337292223,237262659,100029564,,5,0
PFM0000226,BRN007,2022-10,39,0,106743132859,78467101285,34397827579,149430483,210402319,359832802,211375545,148457257,60,1,
PFM0000227,BRN007,2022-11,20,6,121839749299,88935488556,34214727497,182033890,202559913,384593803,265121349,119472454,0,21,6
PFM0000228,BRN007,2022-12,25,5,133292779374,85386519780,41532514272,132902006,394772403,527674409,377012283,150662126,,16,
PFM0000229,BRN007,2023-01,7,3,122351761542,77634757887,31634757923,108048351,232697479,340745830,225171797,115574033,59,5,3
PFM0000230,BRN007,2023-02,33,3,106201239268,63374759115,30007200826,98934578,104224944,203159522,125832200,77327322,10,12,4
PFM0000231,BRN007,2023-03,46,2,100222115979,71489914200,31212685749,94750482,123330406,218080888,140038936,78041952,24,9,
PFM0000232,BRN007,2023-04,13,1,116691661924,76278067182,35043338474,101968328,368293049,470261377,261976486,208284891,22,14,2
PFM0000233,BRN007,2023-05,36,0,112333396127,71128844541,33386240105,127342615,382368638,509711253,336734915,172976338,77,5,0
PFM0000234,BRN007,2023-06,9,2,109693354147,68689442967,34345055550,97805385,243249138,341054523,247692812,93361711,13,2,3
PFM0000235,BRN007,2023-07,8,1,108272896235,72376321384,36269149427,140847766,377190344,518038110,355368159,162669951,71,0,6
PFM0000236,BRN007,2023-08,22,1,111234504772,84433379295,35650005148,126105121,111851125,237956246,176341099,61615147,31,5,0
PFM0000237,BRN007,2023-09,39,3,116844610713,74216883232,36228723637,152432167,393989822,546421989,306995658,239426331,-14,17,5
PFM0000238,BRN007,2023-10,14,0,110949457358,80223090980,32786217803,148653748,355264271,503918019,365850935,138067084,,3,3
PFM0000239,BRN007,2023-11,48,2,113921458157,92761558191,37677559378,174762718,410967314,585730032,407782529,177947503,57,10,6
PFM0000240,BRN007,2023-12,26,4,141476027286,81710726579,40136660135,133756290,315902509,449658799,251146797,198512002,,16,6
PFM0000241,BRN007,2024-01,24,5,122763356923,86994365010,34860772352,163229167,338819692,502048859,284775005,217273854,49,6,0
PFM0000242,BRN007,2024-02,21,0,97843312503,65737919505,29791878852,89945103,166287994,256233097,168424874,87808223,10,3,4
PFM0000243,BRN007,2024-03,15,4,105347082808,66672147555,32760761758,138351208,326722149,465073357,339072848,126000509,7,2,6
PFM0000244,BRN007,2024-04,22,0,99616201424,71440200313,31971895809,120363118,429247980,549611098,408402504,141208594,11,5,6
PFM0000245,BRN007,2024-05,15,2,102138746758,72781098138,29671073489,95853290,138374234,234227524,161601197,72626327,33,7,1
PFM0000246,BRN007,2024-06,42,5,113610775010,81816509022,29800429567,105551185,278613379,384164564,277488521,106676043,31,22,5
PFM0000247,BRN007,2024-07,26,6,100366049031,77582643400,31724099393,101113319,249235930,350349249,228189122,122160127,-18,20,6
PFM0000248,BRN007,2024-08,18,5,102801102057,82124838312,36181422007,104468895,429928087,534396982,381674236,152722746,2,11,4
PFM0000249,BRN007,2024-09,37,4,105337916985,80685729370,37504612734,137727015,443655898,581382913,328546808,252836105,,4,5
PFM0000250,BRN007,2024-10,19,4,124121266774,80147633412,36846718944,125488267,462536795,588025062,400174548,187850514,52,19,6
PFM0000251,BRN007,2024-11,39,1,128568208991,89565872003,35670917597,145271149,424970751,570241900,362005694,208236206,70,17,2
PFM0000252,BRN007,2024-12,8,6,135884901288,82786271866,35456033263,148455158,484260827,632715985,446321033,186394952,,17,0
PFM0000253,BRN008,2022-01,44,2,146072628656,109100439751,42442670404,212713575,392884340,605597915,437956434,167641481,-13,19,4
PFM0000254,BRN008,2022-02,46,7,123990601763,85998860945,39806311999,151747444,379483913,531231357,325434631,205796726,36,19,0
PFM0000255,BRN008,2022-03,39,6,147510801463,99823002262,38658002479,194812770,169202368,364015138,221671063,142344075,,12,5
PFM0000256,BRN008,2022-04,25,4,130806290265,87886384483,42403120188,152404308,360322798,512727106,321036618,191690488,36,13,0
PFM0000257,BRN008,2022-05,59,7,129639038058,102567221874,37751654109,166593400,415041319,581634719,391525434,190109285,24,4,2
PFM0000258,BRN008,2022-06,33,6,130995444992,101790766830,41394769186,197734145,503647412,701381557,390778391,310603166,16,26,6
PFM0000259,BRN008,2022-07,19,1,151909768650,91253468018,43287626183,181397522,228590675,409988197,269558510,140429687,11,26,8
PFM0000260,BRN008,2022-08,28,7,130537577073,106698373119,42817126036,141743532,226461866,368205398,271419783,96785615,-6,17,7
PFM0000261,BRN008,2022-09,46,4,155871594389,95181080055,46256525831,141065471,299387064,440452535,322682666,117769869,43,16,
PFM0000262,BRN008,2022-10,28,2,163368572471,107862399743,46030399563,145423042,310885289,456308331,270625220,185683111,,27,
PFM0000263,BRN008,2022-11,45,0,155308422435,102970407765,42557890571,205058996,525842044,730901040,513995998,216905042,61,25,4
PFM0000264,BRN008,2022-12,38,1,167796366451,114335656161,45698503403,155449144,527483380,682932524,457236150,225696374,12,15,0
PFM0000265,BRN008,2023-01,14,3,144322098196,104918312553,43014220515,201998955,326743912,528742867,361169140,167573727,-11,2,3
PFM0000266,BRN008,2023-02,5,2,114201240576,90401606507,39695087134,136038173,194333306,330371479,244230005,86141474,2,0,8
PFM0000267,BRN008,2023-03,29,6,128002016141,84867665914,39203888027,170325817,161845225,332171042,206172065,125998977,-19,4,4
PFM0000268,BRN008,2023-04,48,3,138716166252,90728025973,40496641635,145216104,411290960,556507064,405393771,151113293,57,7,8
PFM0000269,BRN008,2023-05,56,7,130701057713,105467410563,43920105992,142123612,272295902,414419514,234329423,180090091,-1,28,3
PFM0000270,BRN008,2023-06,45,4,142078242243,100325272159,43904851657,202469986,275646382,478116368,348341067,129775301,39,22,
PFM0000271,BRN008,2023-07,19,6,128026586278,104218037940,43315492990,139224945,221096565,360321510,207546720,152774790,,13,3
PFM0000272,BRN008,2023-08,24,0,132708459820,92401339620,46606420692,153207431,358748284,511955715,381464813,130490902,24,22,
PFM0000273,BRN008,2023-09,24,4,149351629872,96679351001,43550119521,186902147,199522050,386424197,266811071,119613126,61,21,7
PFM0000274,BRN008,2023-10,41,5,155148352515,109819853681,47213501063,186597868,500965120,687562988,515269509,172293479,22,25,8
PFM0000275,BRN008,2023-11,12,4,153655842607,107535023997,47973122314,159361450,370845740,530207190,301138324,229068866,75,28,3
PFM0000276,BRN008,2023-12,24,2,176281685302,110500869505,52733679460,159560519,209085188,368645707,265128805,103516902,33,10,8
PFM0000277,BRN008,2024-01,51,4,150258088584,105048771809,40726238465,172475108,482473205,654948313,450144937,204803376,36,1,4
PFM0000278,BRN008,2024-02,8,6,116992214465,82272594801,37818111004,168755970,271731305,440487275,299221693,141265582,27,3,6
PFM0000279,BRN008,2024-03,61,7,141119120659,102163770282,37540733778,130789561,166564624,297354185,165977149,131377036,70,24,
PFM0000280,BRN008,2024-04,20,3,125591505963,88864310883,43110652451,169052464,448383448,617435912,372255967,245179945,,20,
PFM0000281,BRN008,2024-05,51,1,129166800498,104462627614,40267119752,137349031,480878305,618227336,454966096,163261240,11,25,6
PFM0000282,BRN008,2024-06,45,8,132555507972,101740731472,45268444482,198762334,217638897,416401231,259360217,157041014,41,9,6
PFM0000283,BRN008,2024-07,43,2,153078605843,102488925952,41655657366,136001639,379675618,515677257,313125941,202551316,80,19,2
PFM0000284,BRN008,2024-08,31,3,152014272726,108365849325,45790301170,163694497,333470953,497165450,364955504,132209946,67,22,
PFM0000285,BRN008,2024-09,18,3,145787014230,99197454486,46039351886,200592432,513942903,714535335,524522120,190013215,49,13,2
PFM0000286,BRN008,2024-10,12,0,146636503625,101764442146,46349663550,180296969,500612748,680909717,502788552,178121165,,14,3
PFM0000287,BRN008,2024-11,12,2,152183498557,101258395127,47135626415,197344017,178577145,375921162,245033022,130888140,59,25,1
PFM0000288,BRN008,2024-12,35,8,160223142339,108517437778,46543494816,187096821,603147636,790244457,560016785,230227672,,4,8
PFM0000289,BRN009,2022-01,4,0,22613743386,14696597045,6264715144,21492494,66855146,88347640,64565596,23782044,12,1,1
PFM0000290,BRN009,2022-02,6,0,18196532261,11916383818,5447743141,24311545,32583582,56895127,34079514,22815613,75,1,1
PFM0000291,BRN009,2022-03,1,0,18269572223,13816907910,5190182748,27084219,72963573,100047792,65197647,34850145,,2,0
PFM0000292,BRN009,2022-04,5,1,19621833897,14153770629,6198051450,22879698,37002787,59882485,42590541,17291944,53,0,1
PFM0000293,BRN009,2022-05,12,0,20371899829,12747649423,5448346320,24027439,40007459,64034898,40444063,23590835,10,0,1
PFM0000294,BRN009,2022-06,5,1,21579102887,13512624053,6418448014,23156709,34782947,57939656,34881635,23058021,40,1,1
PFM0000295,BRN009,2022-07,5,1,19162682510,15415622240,5722520129,23112824,46132493,69245317,47128046,22117271,76,3,1
PFM0000296,BRN009,2022-08,10,0,20640348922,12911457079,5640010207,24608167,55252834,79861001,57541256,22319745,74,4,0
PFM0000297,BRN009,2022-09,9,0,20393343770,14570133698,6543936532,26882592,66546400,93428992,56074959,37354033,15,2,0
PFM0000298,BRN009,2022-10,1,1,20875752675,15526000536,6440393403,26272679,35053725,61326404,41818373,19508031,13,2,
PFM0000299,BRN009,2022-11,5,1,21929842903,15609033735,6140562784,22402378,66624913,89027291,55623630,33403661,33,1,
PFM0000300,BRN009,2022-12,5,1,24911327625,16150861353,6764966326,29953402,78339117,108292519,60430443,47862076,-7,3,1
PFM0000301,BRN009,2023-01,6,1,19890773134,13347909599,6230295080,20798922,71790419,92589341,64575772,28013569,,2,0
PFM0000302,BRN009,2023-02,12,0,18286204666,13370688235,4943855674,19021874,41006623,60028497,37998612,22029885,79,4,0
PFM0000303,BRN009,2023-03,2,0,19188748609,12606099302,6047729959,23053597,45313363,68366960,43993216,24373744,,0,1
PFM0000304,BRN009,2023-04,2,1,19735067086,14888412925,5360822999,20630382,50606379,71236761,40254928,30981833,47,0,1
PFM0000305,BRN009,2023-05,7,1,20291470354,12544584072,6180021109,16748236,52368340,69116576,42737756,26378820,4,4,1
PFM0000306,BRN009,2023-06,9,1,21411004402,14504693679,6211219847,19949898,25487562,45437460,27021361,18416099,-16,2,0
PFM0000307,BRN009,2023-07,7,1,21290605906,14734412323,6068825942,19813290,54810512,74623802,49305796,25318006,-7,3,0
PFM0000308,BRN009,2023-08,4,0,20406822807,13234160625,5768493086,24183384,23932711,48116095,30450557,17665538,26,0,1
PFM0000309,BRN009,2023-09,9,1,20354255032,15602196673,6444950232,30069648,49557370,79627018,55664223,23962795,78,4,0
PFM0000310,BRN009,2023-10,7,1,21440577586,14525962432,5982248001,27486874,52699510,80186384,51737309,28449075,29,0,1
PFM0000311,BRN009,2023-11,10,1,21526848676,15448638088,6427703022,22610238,49970040,72580278,48101829,24478449,8,4,1
PFM0000312,BRN009,2023-12,10,1,21630059044,16179332184,7441789944,20696180,73299773,93995953,64430117,29565836,36,4,
PFM0000313,BRN009,2024-01,0,0,18789981508,14334162028,6433932561,23181030,76230169,99411199,67781106,31630093,16,1,
PFM0000314,BRN009,2024-02,9,1,16807960345,13538134697,5658445011,28079099,28980932,57060031,36034844,21025187,-11,2,
PFM0000315,BRN009,2024-03,10,1,19902393161,13776507298,6189085693,19238118,40216900,59455018,36315383,23139635,35,1,0
PFM0000316,BRN009,2024-04,11,1,21120249697,12516004728,6416854810,23366910,31896386,55263296,37731160,17532136,11,4,0
PFM0000317,BRN009,2024-05,13,1,21366139679,13102567784,5352034566,21976427,70366963,92343390,55338950,37004440,35,0,0
PFM0000318,BRN009,2024-06,6,1,20172875238,12765803218,6311776147,19225442,79164457,98389899,56204119,42185780,67,4,1
PFM0000319,BRN009,2024-07,11,1,19295389604,13370487648,6178338135,24550047,68663113,93213160,54683982,38529178,57,1,1
PFM0000320,BRN009,2024-08,6,1,19140106366,15240348098,5912435363,19409298,27740745,47150043,33760982,13389061,23,1,0
PFM0000321,BRN009,2024-09,13,1,20398525105,13203658946,6279409556,24012247,51071836,75084083,52000142,23083941,-11,0,0
PFM0000322,BRN009,2024-10,7,0,21010949375,14996772248,6168925866,30213028,50770879,80983907,48603863,32380044,78,4,0
PFM0000323,BRN009,2024-11,7,1,23209466563,16762317775,6635358088,30099616,53103577,83203193,48997431,34205762,59,3,0
PFM0000324,BRN009,2024-12,13,1,24760215831,17653857472,7716624184,32343375,68476526,100819901,71696365,29123536,66,2,1
PFM0000325,BRN010,2022-01,5,0,88063491363,68454181453,26256883414,96375258,143069884,239445142,164491959,74953183,23,4,5
PFM0000326,BRN010,2022-02,23,5,74221636549,58703351953,24736956887,86952635,124761096,211713731,151552340,60161391,37,9,0
PFM0000327,BRN010,2022-03,12,3,80974320773,63175715241,26276193243,96306946,115830400,212137346,136343821,75793525,,8,1
PFM0000328,BRN010,2022-04,35,1,91960492140,63508619858,27245236132,131686447,116330773,248017220,141557872,106459348,33,5,
PFM0000329,BRN010,2022-05,31,1,86128581460,68406840715,25665377894,122546485,104462486,227008971,135900116,91108855,,0,5
PFM0000330,BRN010,2022-06,18,5,88504647794,64328351664,24547339042,125100776,212845532,337946308,193967766,143978542,43,14,2
PFM0000331,BRN010,2022-07,19,4,86628794066,59939131789,26264783921,98344904,208008168,306353072,190307534,116045538,,5,
PFM0000332,BRN010,2022-08,20,4,86783431785,65961303325,27908846037,109219995,167761319,276981314,159918732,117062582,,14,
PFM0000333,BRN010,2022-09,36,3,87534590153,65901253665,29835225716,128068822,222840646,350909468,228831421,122078047,-16,7,1
PFM0000334,BRN010,2022-10,38,2,90304561674,66558539237,30038039349,129254693,136792443,266047136,166138980,99908156,,11,
PFM0000335,BRN010,2022-11,23,3,96465501127,75454476513,28428205993,154922738,246061949,400984687,221331666,179653021,74,3,5
PFM0000336,BRN010,2022-12,11,5,104716550801,79697070252,34841668333,104921215,229806249,334727464,186159527,148567937,78,8,5
PFM0000337,BRN010,2023-01,19,4,98293383845,58880547299,27468156832,77232930,326207408,403440338,249378044,154062294,,15,1
PFM0000338,BRN010,2023-02,15,5,81415191374,56163380950,22404648615,92718035,226885575,319603610,185139387,134464223,-4,8,5
PFM0000339,BRN010,2023-03,39,3,93419236705,65243063048,27813345807,100111106,224343837,324454943,184280169,140174774,54,13,2
PFM0000340,BRN010,2023-04,35,4,89275537843,60616810693,26282276643,124331895,319131888,443463783,312552450,130911333,75,8,5
PFM0000341,BRN010,2023-05,36,1,97630185136,56816280892,24944887446,83953659,297834018,381787677,259152819,122634858,-10,16,5
PFM0000342,BRN010,2023-06,23,5,89827562247,63682440826,25307272588,122555346,168979372,291534718,201541215,89993503,54,10,3
PFM0000343,BRN010,2023-07,23,2,84553380663,62482119294,28225808108,109736305,102231006,211967311,134664413,77302898,16,7,1
PFM0000344,BRN010,2023-08,41,3,96578417440,57855404167,27401555324,74896464,312240182,387136646,266943572,120193074,9,6,2
PFM0000345,BRN010,2023-09,9,0,87695495053,62248630787,27752282871,98831081,272984956,371816037,257628010,114188027,39,10,1
PFM0000346,BRN010,2023-10,41,0,91848833894,74057066035,30282036233,135450110,152798473,288248583,173189714,115058869,13,1,
PFM0000347,BRN010,2023-11,22,1,100788789609,73446315034,29215135961,151126362,249251945,400378307,287286504,113091803,1,5,5
PFM0000348,BRN010,2023-12,17,2,110254695748,73016566569,33616775112,106647922,238489667,345137589,197540295,147597294,17,10,5
PFM0000349,BRN010,2024-01,6,3,96782449792,60903582052,29737054077,102392625,290913308,393305933,283603645,109702288,44,13,2
PFM0000350,BRN010,2024-02,7,5,80127599516,58061858558,24459127394,101653910,232168791,333822701,187741084,146081617,18,17,2
PFM0000351,BRN010,2024-03,34,3,93433244540,59812708441,23377941897,99412787,263760255,363173042,217311581,145861461,78,3,5
PFM0000352,BRN010,2024-04,3,2,97206792016,61708486697,25682220365,114300326,119190901,233491227,169264345,64226882,70,18,5
PFM0000353,BRN010,2024-05,12,5,90490950365,58493138432,25359716743,97154446,168479028,265633474,191122677,74510797,18,6,
PFM0000354,BRN010,2024-06,33,3,96736086110,60053327747,24840650141,106159149,185187425,291346574,194046245,97300329,12,11,2
PFM0000355,BRN010,2024-07,9,4,84844938849,60597364278,25854243490,125668175,210754598,336422773,241116566,95306207,2,16,4
PFM0000356,BRN010,2024-08,10,4,84826030474,57589314221,26110085070,96435571,305918082,402353653,269701407,132652246,-4,15,1
PFM0000357,BRN010,2024-09,33,2,91824296676,63104034714,26572279820,108081775,103030936,211112711,150263746,60848965,60,5,3
PFM0000358,BRN010,2024-10,25,0,92814064260,64224989578,29139341757,120406267,284701217,405107484,284346134,120761350,34,7,
PFM0000359,BRN010,2024-11,14,3,105435016365,74977969343,28281066377,107766141,379147727,486913868,350082533,136831335,,10,1
PFM0000360,BRN010,2024-12,4,0,96711185191,66946508868,32536355524,103940252,367469267,471409519,327095050,144314469,-3,6,
PFM0000361,BRN011,2022-01,5,1,14463439847,10977159094,4589322424,17520516,18038169,35558685,26308320,9250365,-2,3,
PFM0000362,BRN011,2022-02,5,0,14567652781,8548193277,4248475800,15729498,17738678,33468176,20866371,12601805,-14,1,0
PFM0000363,BRN011,2022-03,2,1,13351392568,9683219968,4620561054,13194289,27407478,40601767,27548224,13053543,-1,2,0
PFM0000364,BRN011,2022-04,9,0,14337645055,10561696082,4574398899,16678302,47561299,64239601,43952593,20287008,28,1,0
PFM0000365,BRN011,2022-05,4,0,14225154794,9482486179,4638535856,14618896,33653847,48272743,27917377,20355366,48,2,0
PFM0000366,BRN011,2022-06,1,0,13544659639,10746818763,4237027631,15962767,35330366,51293133,35769818,15523315,14,2,0
PFM0000367,BRN011,2022-07,9,1,15677732140,9878634720,4982394064,14748026,32586020,47334046,30779805,16554241,48,1,0
PFM0000368,BRN011,2022-08,8,1,16599284125,9631191886,4219394338,16286999,28681405,44968404,33652576,11315828,21,3,0
PFM0000369,BRN011,2022-09,7,0,16754116630,11348082769,4879339297,22752661,53368145,76120806,47960122,28160684,72,0,
PFM0000370,BRN011,2022-10,4,0,16601102223,10912434966,4745455147,16595559,24308191,40903750,24539508,16364242,,3,0
PFM0000371,BRN011,2022-11,0,0,15195721878,10674130705,4656977644,18707627,22611950,41319577,22943316,18376261,,1,0
PFM0000372,BRN011,2022-12,5,0,18199948902,11724169201,5096472855,20078464,23202793,43281257,24526313,18754944,61,3,0
PFM0000373,BRN011,2023-01,9,1,15001908225,11494692739,4918844455,15741154,35461629,51202783,33822422,17380361,50,1,0
PFM0000374,BRN011,2023-02,6,0,14322249568,8883048752,3750989749,14418892,49658340,64077232,45174895,18902337,-12,3,0
PFM0000375,BRN011,2023-03,4,1,15407515196,9252435340,4067243911,12869111,41388610,54257721,32927993,21329728,32,2,0
PFM0000376,BRN011,2023-04,1,0,14046757262,9876189807,4596534585,16093931,43101677,59195608,37075852,22119756,1,1,
PFM0000377,BRN011,2023-05,2,1,14690754237,10366169349,4060272079,19748585,36108925,55857510,38981288,16876222,52,3,0
PFM0000378,BRN011,2023-06,5,1,13776272257,10958330890,4469296395,22598431,19929846,42528277,26982616,15545661,73,3,0
PFM0000379,BRN011,2023-07,9,0,14483251558,10999379540,4143168134,15410929,25088653,40499582,27912830,12586752,-8,3,0
PFM0000380,BRN011,2023-08,8,1,15875440102,10122213424,4824308005,19959983,23218764,43178747,25903822,17274925,3,3,0
PFM0000381,BRN011,2023-09,5,1,14783620976,11212096468,4944209131,19591198,44512940,64104138,38618177,25485961,13,0,
PFM0000382,BRN011,2023-10,11,1,15664790708,11648822178,4790627050,20888370,33505887,54394257,35926696,18467561,19,1,0
PFM0000383,BRN011,2023-11,11,1,17377143112,11523651938,4886687951,19921949,22371198,42293147,29483825,12809322,55,0,
PFM0000384,BRN011,2023-12,2,1,18657696208,12407812523,5040555372,19523137,32303608,51826745,37828313,13998432,,0,0
PFM0000385,BRN011,2024-01,0,1,14610047539,11427452104,4291668392,22950554,49755867,72706421,46818037,25888384,13,0,0
PFM0000386,BRN011,2024-02,11,1,13857730807,9412908653,3766648708,15802383,30371894,46174277,25411538,20762739,43,0,0
PFM0000387,BRN011,2024-03,0,0,14542120813,9751837894,4649818896,15560635,31260321,46820956,30983571,15837385,75,1,0
PFM0000388,BRN011,2024-04,2,0,13636334857,11143633865,4311146884,20976736,25214864,46191600,33619152,12572448,27,1,0
PFM0000389,BRN011,2024-05,0,0,15762504245,9665539236,4164947370,15338168,23782210,39120378,21784360,17336018,69,2,0
PFM0000390,BRN011,2024-06,0,0,13563816137,10586607695,4307693464,17078155,33540827,50618982,37698603,12920379,9,1,0
PFM0000391,BRN011,2024-07,1,0,15558677097,10928159648,4624324243,16435367,53441088,69876455,43839099,26037356,21,3,0
PFM0000392,BRN011,2024-08,0,0,16136336945,10574005522,4580400323,15683532,17754952,33438484,19262922,14175562,-6,1,0
PFM0000393,BRN011,2024-09,7,1,16014774282,11631618266,4781173788,22743198,53582659,76325857,49597531,26728326,,1,
PFM0000394,BRN011,2024-10,10,1,16252752070,11507065646,4580414976,15565371,25302121,40867492,23224859,17642633,9,0,0
PFM0000395,BRN011,2024-11,11,1,17691143606,12137040626,4566617193,23999218,56939524,80938742,47802312,33136430,22,2,0
PFM0000396,BRN011,2024-12,9,0,19167548753,13370634749,4979048655,22726053,52078597,74804650,46860100,27944550,39,0,0
PFM0000397,BRN012,2022-01,9,2,54930983373,34208813907,16818913475,43377630,132695921,176073551,113382412,62691139,,9,0
PFM0000398,BRN012,2022-02,21,0,41939188474,29233825987,12206240018,60380833,140712951,201093784,141628219,59465565,,8,0
PFM0000399,BRN012,2022-03,9,0,48644264894,30411135748,15146684742,45234964,160320927,205555891,149761008,55794883,25,7,0
PFM0000400,BRN012,2022-04,15,3,50413504292,33640176700,15455349464,66140787,131566507,197707294,124987050,72720244,50,2,2
PFM0000401,BRN012,2022-05,2,3,45473226302,36676359449,16243912367,51065842,104177267,155243109,106190334,49052775,,3,
PFM0000402,BRN012,2022-06,24,1,47057564389,31765696175,14515714788,62479178,185261573,247740751,169641686,78099065,46,6,
PFM0000403,BRN012,2022-07,25,3,51551103682,34648334680,15746732491,46797461,86555296,133352757,78605759,54746998,56,4,
PFM0000404,BRN012,2022-08,14,2,51546781235,32107812969,16360687449,57781183,142696006,200477189,127988116,72489073,20,4,2
PFM0000405,BRN012,2022-09,4,1,47914379184,33584678758,14410722287,57132750,95595064,152727814,87778038,64949776,39,2,1
PFM0000406,BRN012,2022-10,12,1,49258357044,35437421915,17662614919,69017913,115768055,184785968,120841075,63944893,33,9,1
PFM0000407,BRN012,2022-11,21,1,57689955023,35395598737,14978115425,68183586,168099877,236283463,156075325,80208138,10,7,1
PFM0000408,BRN012,2022-12,6,2,59143718403,39397115273,19034384903,73031792,138923239,211955031,124777073,87177958,60,7,2
PFM0000409,BRN012,2023-01,9,3,53430951790,38594691471,14604416167,50735156,85794178,136529334,76758898,59770436,3,2,
PFM0000410,BRN012,2023-02,6,0,48161962613,29110454768,14144647269,46862634,135667795,182530429,110254520,72275909,-19,1,1
PFM0000411,BRN012,2023-03,8,0,46409749389,34413550587,13555997944,63742979,150358719,214101698,119084801,95016897,7,1,1
PFM0000412,BRN012,2023-04,22,1,50932232070,31185975649,14599732797,58928274,189831363,248759637,141944309,106815328,,2,1
PFM0000413,BRN012,2023-05,2,3,50872347526,34960083060,13466296389,64688288,179802649,244490937,138712446,105778491,27,4,3
PFM0000414,BRN012,2023-06,2,0,52055671291,35374268654,15199220808,59404760,52630067,112034827,68084382,43950445,69,10,0
PFM0000415,BRN012,2023-07,7,1,53497196247,33926158410,14474127913,53046731,187487831,240534562,168382688,72151874,36,0,1
PFM0000416,BRN012,2023-08,20,0,51209090983,37282127279,16062766721,50658442,146765387,197423829,126834586,70589243,62,6,0
PFM0000417,BRN012,2023-09,6,3,52167248953,37134806908,16713874849,68559241,75467727,144026968,104988623,39038345,27,7,3
PFM0000418,BRN012,2023-10,2,0,58871941486,39953519071,14618552151,81838893,126074693,207913586,114980359,92933227,,4,3
PFM0000419,BRN012,2023-11,10,2,54970763490,35161141842,16073909222,55452051,195015549,250467600,160258048,90209552,-9,9,1
PFM0000420,BRN012,2023-12,22,1,63131411458,43770408194,18673469888,61883816,163741172,225624988,132508198,93116790,61,7,
PFM0000421,BRN012,2024-01,6,1,48627141203,35841806028,14707303253,47932208,78645344,126577552,74767230,51810322,78,10,1
PFM0000422,BRN012,2024-02,6,1,46961328999,31264235492,12057739049,39496802,159012911,198509713,137244122,61265591,,10,2
PFM0000423,BRN012,2024-03,15,3,48317715981,36551543011,14837259362,68331795,112324978,180656773,114148248,66508525,41,0,0
PFM0000424,BRN012,2024-04,13,1,45531978802,33794824546,13580286379,57113719,90950779,148064498,92553577,55510921,,9,
PFM0000425,BRN012,2024-05,6,1,46767906782,37558345027,14665025287,53071190,167782106,220853296,129696404,91156892,,3,
PFM0000426,BRN012,2024-06,17,0,45966203898,32097261922,13665442610,65464271,178225980,243690251,179708512,63981739,19,0,3
PFM0000427,BRN012,2024-07,15,1,53702735735,33205368499,14821315144,64929653,138017160,202946813,150400143,52546670,15,1,2
PFM0000428,BRN012,2024-08,16,0,53031615610,31979046259,15693551490,58661076,76025722,134686798,92907415,41779383,-11,4,2
PFM0000429,BRN012,2024-09,19,3,52551875575,37915725105,16914070365,49406054,110175419,159581473,108081913,51499560,-6,3,2
PFM0000430,BRN012,2024-10,8,2,56067531749,38520342056,15507828206,64083136,209254630,273337766,151321410,122016356,,3,1
PFM0000431,BRN012,2024-11,12,1,49895551460,38208811237,15913535577,62195008,78613633,140808641,79546163,61262478,,9,2
PFM0000432,BRN012,2024-12,25,1,63704651832,43481257946,16917867255,72864169,160808064,233672233,149975806,83696427,74,6,1
PFM0000433,BRN013,2022-01,22,1,72331263832,50524289684,24331946636,98092524,151908896,250001420,165984128,84017292,27,11,2
PFM0000434,BRN013,2022-02,4,2,65800505897,44873140512,20218396441,84251114,240573349,324824463,212369266,112455197,24,8,
PFM0000435,BRN013,2022-03,5,4,64840522558,46741529163,21261945873,80594095,141144096,221738191,163556214,58181977,,6,
PFM0000436,BRN013,2022-04,3,2,70960561685,47401868241,20285836452,96628096,245973632,342601728,225160966,117440762,53,2,
PFM0000437,BRN013,2022-05,12,0,71960146035,57102755764,21615991341,84869049,245912761,330781810,209155071,121626739,35,11,4
PFM0000438,BRN013,2022-06,6,3,78012360047,57062477530,22552951082,83207171,200823387,284030558,206099397,77931161,67,10,0
PFM0000439,BRN013,2022-07,16,1,71255398758,50928832804,23539587857,97140574,175777859,272918433,184544130,88374303,16,12,0
PFM0000440,BRN013,2022-08,3,0,77505672329,54036409228,23543950723,100762013,76566314,177328327,110822155,66506172,-16,8,0
PFM0000441,BRN013,2022-09,14,1,75939510177,54555133069,24444904356,110531468,267256812,377788280,279813290,97974990,3,0,2
PFM0000442,BRN013,2022-10,12,3,83287646050,52725103446,25810576833,75087360,254246579,329333939,239051804,90282135,30,3,1
PFM0000443,BRN013,2022-11,19,1,76739623002,54439940358,23603147502,81324559,175671927,256996486,154889797,102106689,70,1,1
PFM0000444,BRN013,2022-12,30,0,94844516752,58952765429,24856040668,81585348,95935969,177521317,128174128,49347189,23,1,2
PFM0000445,BRN013,2023-01,18,1,77923574012,50476833680,23203502898,79207880,140223222,219431102,130271843,89159259,43,3,3
PFM0000446,BRN013,2023-02,27,2,64848086925,47349058612,18907725869,82951163,137854117,220805280,151047396,69757884,52,2,
PFM0000447,BRN013,2023-03,22,1,70144487969,49202177484,19540824385,80369738,77792179,158161917,114354795,43807122,32,11,1
PFM0000448,BRN013,2023-04,10,3,71356345947,53322559024,20763351274,66659985,86137112,152797097,97194135,55602962,,12,1
PFM0000449,BRN013,2023-05,7,0,77884483842,56971117163,21553176804,93969210,190333528,284302738,160386529,123916209,,12,2
PFM0000450,BRN013,2023-06,34,2,79834711370,49081240350,21142545772,83550564,262506065,346056629,225595640,120460989,50,10,1
PFM0000451,BRN013,2023-07,14,3,69316275412,51814917407,24140825820,65009234,123719194,188728428,124084576,64643852,-10,7,4
PFM0000452,BRN013,2023-08,11,3,72752456340,56078752372,23155771361,83929794,117445054,201374848,139393262,61981586,78,1,2
PFM0000453,BRN013,2023-09,17,4,81956774789,53863810143,23690962874,102189124,307283725,409472849,250729757,158743092,27,11,2
PFM0000454,BRN013,2023-10,26,1,79409975384,60860988737,26228224933,109905479,303785799,413691278,282620586,131070692,61,8,2
PFM0000455,BRN013,2023-11,4,1,90045767902,53419148417,22619442318,88006102,313850139,401856241,287608531,114247710,20,14,
PFM0000456,BRN013,2023-12,10,1,80826112969,66757642842,26532013454,122245586,310271061,432516647,295248278,137268369,-6,7,2
PFM0000457,BRN013,2024-01,13,2,76611141281,52505115623,23915711666,90133958,168418946,258552904,166990959,91561945,7,5,1
PFM0000458,BRN013,2024-02,20,3,62394002315,43077628257,20077445292,57374303,70836283,128210586,73234078,54976508,-15,0,2
PFM0000459,BRN013,2024-03,22,1,68003581570,48685367060,22617396030,62636233,221785845,284422078,190357535,94064543,-11,9,1
PFM0000460,BRN013,2024-04,12,4,68061629107,48763060427,20274157440,85904538,196916327,282820865,187314346,95506519,,1,2
PFM0000461,BRN013,2024-05,29,2,70518849405,56192673706,21858242392,97238127,239210644,336448771,199245539,137203232,24,10,3
PFM0000462,BRN013,2024-06,6,2,75850015486,49151477859,21756103012,90601965,125480325,216082290,152779834,63302456,19,9,3
PFM0000463,BRN013,2024-07,20,3,75532870579,52060093912,24006126569,81569231,280831004,362400235,219577620,142822615,,1,3
PFM0000464,BRN013,2024-08,30,0,71206785643,52686378614,23552087096,68317114,217657478,285974592,171328220,114646372,7,2,4
PFM0000465,BRN013,2024-09,9,3,82118400296,51255336606,22594308224,75919569,191875937,267795506,172119887,95675619,58,11,4
PFM0000466,BRN013,2024-10,6,0,81860636767,56385020250,24503876854,109385250,322296701,431681951,314933203,116748748,-13,10,1
PFM0000467,BRN013,2024-11,21,4,87375671615,52743052374,24544033898,65942910,129487654,195430564,120529304,74901260,60,4,2
PFM0000468,BRN013,2024-12,17,1,84423423289,62844410632,24878110643,114132525,168934266,283066791,212018372,71048419,59,3,
PFM0000469,BRN014,2022-01,15,0,78399841719,49310458140,21465647652,64164845,102415938,166580783,121967106,44613677,64,14,4
PFM0000470,BRN014,2022-02,5,2,61812224520,46957901775,16891657700,76850011,108123831,184973842,114864407,70109435,,2,1
PFM0000471,BRN014,2022-03,4,1,71454022329,48554889037,19767966542,98502137,266288639,364790776,213529449,151261327,70,11,
PFM0000472,BRN014,2022-04,7,4,66040173509,52610392909,21478380121,83845470,121784064,205629534,127282254,78347280,13,10,0
PFM0000473,BRN014,2022-05,14,4,68859012359,45368290415,21293716340,70455501,109950966,180406467,109508490,70897977,-2,12,2
PFM0000474,BRN014,2022-06,16,1,74627022432,51036608877,22357665826,78080598,134181002,212261600,134460946,77800654,67,14,
PFM0000475,BRN014,2022-07,11,4,70008423961,44688028222,20275950158,71622386,184478024,256100410,157917433,98182977,21,6,4
PFM0000476,BRN014,2022-08,27,0,75459818956,46219580498,23245750062,79168096,125088893,204256989,142411828,61845161,4,9,4
PFM0000477,BRN014,2022-09,29,2,67017861565,53718720462,23218922774,78183121,185786151,263969272,150852246,113117026,43,10,4
PFM0000478,BRN014,2022-10,26,4,78577984726,50236617610,21011264112,89603332,146232558,235835890,132795505,103040385,-3,8,2
PFM0000479,BRN014,2022-11,26,3,78985026353,52948637696,22246574462,97689448,254552921,352242369,258049966,94192403,,9,2
PFM0000480,BRN014,2022-12,22,1,90324848403,54462716982,23520782963,104586903,151650386,256237289,188199949,68037340,18,11,4
PFM0000481,BRN014,2023-01,31,0,71899600045,50555431739,22335455201,69103031,202012612,271115643,191871459,79244184,67,6,
PFM0000482,BRN014,2023-02,33,2,60000287355,47087936167,20393645013,86294863,216780825,303075688,224482178,78593510,-16,1,0
PFM0000483,BRN014,2023-03,16,2,70486033577,46758955307,19427187227,89845804,77947351,167793155,121553361,46239794,-9,1,0
PFM0000484,BRN014,2023-04,14,3,72568561987,52719136336,21918877386,107428973,167121418,274550391,179246660,95303731,-20,7,2
PFM0000485,BRN014,2023-05,15,4,63105952179,43799125681,19981046320,65162282,170591390,235753672,172026871,63726801,73,9,4
PFM0000486,BRN014,2023-06,32,4,69877533207,44297540941,22013494883,72026802,92103305,164130107,119852037,44278070,-14,8,3
PFM0000487,BRN014,2023-07,11,4,74693138652,45247185128,19656207203,79921381,195513931,275435312,198670376,76764936,-16,6,0
PFM0000488,BRN014,2023-08,28,1,66505023653,52824484550,23184448092,89657752,198415156,288072908,204281515,83791393,32,13,2
PFM0000489,BRN014,2023-09,26,2,76842122223,47656437546,20205363521,86770535,160713724,247484259,171837876,75646383,64,1,1
PFM0000490,BRN014,2023-10,29,4,76680676068,56964531228,21638694341,94175925,246415458,340591383,204109558,136481825,24,0,1
PFM0000491,BRN014,2023-11,11,4,77198591720,49153061018,20837799903,77870505,279253086,357123591,219110505,138013086,-13,7,
PFM0000492,BRN014,2023-12,4,1,85572908069,59343425246,27086895711,98463814,136829303,235293117,135223342,100069775,48,13,3
PFM0000493,BRN014,2024-01,3,1,73368133183,52873246679,23799735227,87139284,265447285,352586569,225250336,127336233,75,3,
PFM0000494,BRN014,2024-02,32,3,62690806929,40047882638,17988636710,77878135,91638267,169516402,124088876,45427526,36,10,4
PFM0000495,BRN014,2024-03,25,1,62025439319,43968840072,19811217200,66323034,119220026,185543060,115916047,69627013,,14,2
PFM0000496,BRN014,2024-04,24,2,72225519461,48897122816,21715972058,62851521,202895243,265746764,156221856,109524908,40,7,2
PFM0000497,BRN014,2024-05,27,3,63659551441,45615485725,19182292475,72008065,245432427,317440492,202831183,114609309,,13,4
PFM0000498,BRN014,2024-06,18,1,74629671588,52463451784,19281576784,87827157,126932735,214759892,129413511,85346381,54,3,4
PFM0000499,BRN014,2024-07,5,3,75240891085,54132155068,21327481081,94696733,86774265,181470998,115417833,66053165,,4,2
PFM0000500,BRN014,2024-08,10,4,63738246724,47183414180,22873562800,74068494,230655798,304724292,194275491,110448801,27,4,
PFM0000501,BRN014,2024-09,16,0,73511861985,53144586671,22544560468,68305367,149224084,217529451,137620952,79908499,34,4,3
PFM0000502,BRN014,2024-10,20,0,74619122256,56215774270,24572782784,111163433,138353882,249517315,158626451,90890864,25,2,
PFM0000503,BRN014,2024-11,20,4,79511548553,52377613445,22832918629,85452129,89296095,174748224,119189116,55559108,50,8,3
PFM0000504,BRN014,2024-12,20,2,74511535531,54927654693,25040933872,83328248,289883449,373211697,253149283,120062414,45,7,3
PFM0000505,BRN015,2022-01,8,0,11179759523,6911133461,2937921397,13807630,18491563,32299193,23479291,8819902,-17,2,0
PFM0000506,BRN015,2022-02,2,1,9250386359,6676832495,2748344182,10094991,12989234,23084225,12720830,10363395,75,1,0
PFM0000507,BRN015,2022-03,1,0,9316904397,6769563249,2671386939,9912905,10712610,20625515,12429272,8196243,64,1,0
PFM0000508,BRN015,2022-04,1,1,10288540482,6651084591,2989015692,10033260,13175236,23208496,14080905,9127591,18,2,0
PFM0000509,BRN015,2022-05,3,1,9102017135,6756563892,2924506319,9565890,25644328,35210218,25295198,9915020,68,1,
PFM0000510,BRN015,2022-06,4,0,9364096067,6525104589,3010464566,13408924,34209774,47618698,30677535,16941163,,2,0
PFM0000511,BRN015,2022-07,8,1,10745467105,6985654408,3327219680,14152986,27015081,41168067,27634277,13533790,-16,0,
PFM0000512,BRN015,2022-08,4,0,9589345388,7134189064,2804313268,14488029,29313883,43801912,27658784,16143128,57,2,0
PFM0000513,BRN015,2022-09,6,1,9794950866,7905056668,2891188504,10496212,29812277,40308489,25540037,14768452,48,1,
PFM0000514,BRN015,2022-10,3,0,11172020279,8221203754,3295327840,12068896,39075405,51144301,31370967,19773334,57,1,0
PFM0000515,BRN015,2022-11,8,0,10447734435,7021353801,3081311695,13419007,19241351,32660358,19336697,13323661,11,0,0
PFM0000516,BRN015,2022-12,3,1,10897951418,7997815151,3503792896,16608126,24593501,41201627,25984671,15216956,1,0,
PFM0000517,BRN015,2023-01,6,1,9488269174,7825865629,3232513238,11955450,15028982,26984432,15950224,11034208,37,0,
PFM0000518,BRN015,2023-02,8,1,8683466535,5625287012,2438790621,10093928,18153266,28247194,20771523,7475671,70,1,0
PFM0000519,BRN015,2023-03,2,0,9947209966,6421464653,2919989641,10286696,10558395,20845091,12484780,8360311,8,0,
PFM0000520,BRN015,2023-04,2,1,10784311685,7128030438,2911951584,11957932,14391024,26348956,18598206,7750750,,0,0
PFM0000521,BRN015,2023-05,0,1,9635067663,6571406184,3033519980,10452224,24010609,34462833,22218387,12244446,74,2,
PFM0000522,BRN015,2023-06,0,0,9376376882,6454020316,3002306001,13310201,24441868,37752069,24851214,12900855,5,0,
PFM0000523,BRN015,2023-07,6,0,9764829541,6836229790,2925317069,13141211,37736234,50877445,30711907,20165538,-5,2,0
PFM0000524,BRN015,2023-08,5,0,10809302788,7454601394,3261427291,10220814,26799999,37020813,22306644,14714169,,1,0
PFM0000525,BRN015,2023-09,8,0,11336990535,7416493972,3052810083,11717122,16044612,27761734,16070433,11691301,15,2,0
PFM0000526,BRN015,2023-10,4,1,11283635662,7302234666,3171731057,13244463,27845780,41090243,27270565,13819678,7,0,0
PFM0000527,BRN015,2023-11,3,0,10063549309,7777597795,3123949829,10295086,20513616,30808702,22757147,8051555,22,0,0
PFM0000528,BRN015,2023-12,4,0,11879239859,7480774017,3354070028,11170767,33903271,45074038,25305543,19768495,51,0,0
PFM0000529,BRN015,2024-01,5,1,9408524505,7277279763,2873396416,10598425,21824143,32422568,18942277,13480291,66,1,
PFM0000530,BRN015,2024-02,4,0,8522258234,5811931768,2513482985,12087063,27303609,39390672,29031073,10359599,15,0,0
PFM0000531,BRN015,2024-03,6,1,10389868854,7077339202,3133117741,12987085,32465287,45452372,26472857,18979515,21,1,0
PFM0000532,BRN015,2024-04,4,1,9026941579,6410793072,2855467362,8213194,10962945,19176139,11105457,8070682,64,1,0
PFM0000533,BRN015,2024-05,2,0,9145180213,7619705100,2703674780,14989836,32121360,47111196,28986084,18125112,15,0,0
PFM0000534,BRN015,2024-06,6,1,9618820049,7395247440,2850698670,9834502,16425940,26260442,18092697,8167745,18,2,0
PFM0000535,BRN015,2024-07,4,0,9539054218,7301234341,2759093486,9829354,22410649,32240003,19850487,12389516,9,1,0
PFM0000536,BRN015,2024-08,3,1,9444273815,7030213670,3062589769,10435872,18295383,28731255,16517796,12213459,20,2,0
PFM0000537,BRN015,2024-09,3,1,10643257981,6658004983,3098377279,13324319,22250058,35574377,21542703,14031674,-15,0,0
PFM0000538,BRN015,2024-10,1,0,10473435812,7190633744,3458913309,11137936,15559404,26697340,14722880,11974460,,2,0
PFM0000539,BRN015,2024-11,4,0,11135047764,7983372012,3404872525,12866014,24548044,37414058,23678967,13735091,-11,2,0
PFM0000540,BRN015,2024-12,3,0,12017468615,8935629111,3344311270,16594283,30028905,46623188,29274515,17348673,-2,2,
